TRACE::2024-10-23.17:43:42::SCWPlatform::Trying to open the hw design at C:/Users/ryand/OneDrive/Documents/Xilinx/ECE153A/Vitis/ECE153a_Lab1/ECE153A_Lab2/hw/system_wrapper.xsa
TRACE::2024-10-23.17:43:42::SCWPlatform::DSA given C:/Users/ryand/OneDrive/Documents/Xilinx/ECE153A/Vitis/ECE153a_Lab1/ECE153A_Lab2/hw/system_wrapper.xsa
TRACE::2024-10-23.17:43:42::SCWPlatform::DSA absoulate path C:/Users/ryand/OneDrive/Documents/Xilinx/ECE153A/Vitis/ECE153a_Lab1/ECE153A_Lab2/hw/system_wrapper.xsa
TRACE::2024-10-23.17:43:42::SCWPlatform::DSA directory C:/Users/ryand/OneDrive/Documents/Xilinx/ECE153A/Vitis/ECE153a_Lab1/ECE153A_Lab2/hw
TRACE::2024-10-23.17:43:42::SCWPlatform:: Platform Path C:/Users/ryand/OneDrive/Documents/Xilinx/ECE153A/Vitis/ECE153a_Lab1/ECE153A_Lab2/hw/system_wrapper.xsa
TRACE::2024-10-23.17:43:42::SCWPlatform:: Unique name xilinx:::0.0
TRACE::2024-10-23.17:43:42::SCWPlatform::Do not have an existing db opened. 
TRACE::2024-10-23.17:43:44::SCWPlatform::Opened new HwDB with name system_wrapper_0
TRACE::2024-10-23.17:43:44::SCWWriter::formatted JSON is {
	"platformName":	"ECE153A_Lab2",
	"sprVersion":	"2.0",
	"mode":	"gui",
	"dsaType":	"Fixed",
	"platformDesc":	"ECE153A_Lab2",
	"platHandOff":	"C:/Users/ryand/OneDrive/Documents/Xilinx/ECE153A/Vivado/ECE_153A_Lab2/system_wrapper.xsa",
	"platIntHandOff":	"<platformDir>/hw/system_wrapper.xsa",
	"deviceType":	"FPGA",
	"platIsPrebuiltAutogen":	"false",
	"platIsNoBootBsp":	"false",
	"hasFsblMakeHasChanges":	"false",
	"hasPmufwMakeHasChanges":	"false",
	"platPreBuiltFlag":	false,
	"platformSamplesDir":	""
}
TRACE::2024-10-23.17:43:44::SCWWriter::formatted JSON is {
	"platformName":	"ECE153A_Lab2",
	"sprVersion":	"2.0",
	"mode":	"gui",
	"dsaType":	"Fixed",
	"platformDesc":	"ECE153A_Lab2",
	"platHandOff":	"C:/Users/ryand/OneDrive/Documents/Xilinx/ECE153A/Vivado/ECE_153A_Lab2/system_wrapper.xsa",
	"platIntHandOff":	"<platformDir>/hw/system_wrapper.xsa",
	"deviceType":	"FPGA",
	"platIsPrebuiltAutogen":	"false",
	"platIsNoBootBsp":	"false",
	"hasFsblMakeHasChanges":	"false",
	"hasPmufwMakeHasChanges":	"false",
	"platPreBuiltFlag":	false,
	"platformSamplesDir":	"",
	"platActiveSys":	"ECE153A_Lab2",
	"systems":	[{
			"systemName":	"ECE153A_Lab2",
			"systemDesc":	"ECE153A_Lab2",
			"sysIsBootAutoGen":	"true",
			"systemDispName":	"ECE153A_Lab2"
		}]
}
TRACE::2024-10-23.17:43:44::SCWPlatform::Boot application domains not present, creating them
TRACE::2024-10-23.17:43:44::SCWPlatform::Pure FPGA device, no boot application will be created.
TRACE::2024-10-23.17:43:44::SCWWriter::formatted JSON is {
	"platformName":	"ECE153A_Lab2",
	"sprVersion":	"2.0",
	"mode":	"gui",
	"dsaType":	"Fixed",
	"platformDesc":	"ECE153A_Lab2",
	"platHandOff":	"C:/Users/ryand/OneDrive/Documents/Xilinx/ECE153A/Vivado/ECE_153A_Lab2/system_wrapper.xsa",
	"platIntHandOff":	"<platformDir>/hw/system_wrapper.xsa",
	"deviceType":	"FPGA",
	"platIsPrebuiltAutogen":	"false",
	"platIsNoBootBsp":	"false",
	"hasFsblMakeHasChanges":	"false",
	"hasPmufwMakeHasChanges":	"false",
	"platPreBuiltFlag":	false,
	"platformSamplesDir":	"",
	"platActiveSys":	"ECE153A_Lab2",
	"systems":	[{
			"systemName":	"ECE153A_Lab2",
			"systemDesc":	"ECE153A_Lab2",
			"sysIsBootAutoGen":	"true",
			"systemDispName":	"ECE153A_Lab2"
		}]
}
TRACE::2024-10-23.17:43:44::SCWPlatform::Trying to open the hw design at C:/Users/ryand/OneDrive/Documents/Xilinx/ECE153A/Vitis/ECE153a_Lab1/ECE153A_Lab2/hw/system_wrapper.xsa
TRACE::2024-10-23.17:43:44::SCWPlatform::DSA given C:/Users/ryand/OneDrive/Documents/Xilinx/ECE153A/Vitis/ECE153a_Lab1/ECE153A_Lab2/hw/system_wrapper.xsa
TRACE::2024-10-23.17:43:44::SCWPlatform::DSA absoulate path C:/Users/ryand/OneDrive/Documents/Xilinx/ECE153A/Vitis/ECE153a_Lab1/ECE153A_Lab2/hw/system_wrapper.xsa
TRACE::2024-10-23.17:43:44::SCWPlatform::DSA directory C:/Users/ryand/OneDrive/Documents/Xilinx/ECE153A/Vitis/ECE153a_Lab1/ECE153A_Lab2/hw
TRACE::2024-10-23.17:43:44::SCWPlatform:: Platform Path C:/Users/ryand/OneDrive/Documents/Xilinx/ECE153A/Vitis/ECE153a_Lab1/ECE153A_Lab2/hw/system_wrapper.xsa
TRACE::2024-10-23.17:43:44::SCWPlatform:: Unique name xilinx:::0.0
TRACE::2024-10-23.17:43:44::SCWPlatform::Trying to set the existing hwdb with name system_wrapper_0
TRACE::2024-10-23.17:43:44::SCWPlatform::Opened existing hwdb system_wrapper_0
TRACE::2024-10-23.17:43:44::SCWPlatform::Found the Hw Db part of the input DSA
TRACE::2024-10-23.17:43:44::SCWPlatform::Trying to open the hw design at C:/Users/ryand/OneDrive/Documents/Xilinx/ECE153A/Vitis/ECE153a_Lab1/ECE153A_Lab2/hw/system_wrapper.xsa
TRACE::2024-10-23.17:43:44::SCWPlatform::DSA given C:/Users/ryand/OneDrive/Documents/Xilinx/ECE153A/Vitis/ECE153a_Lab1/ECE153A_Lab2/hw/system_wrapper.xsa
TRACE::2024-10-23.17:43:44::SCWPlatform::DSA absoulate path C:/Users/ryand/OneDrive/Documents/Xilinx/ECE153A/Vitis/ECE153a_Lab1/ECE153A_Lab2/hw/system_wrapper.xsa
TRACE::2024-10-23.17:43:44::SCWPlatform::DSA directory C:/Users/ryand/OneDrive/Documents/Xilinx/ECE153A/Vitis/ECE153a_Lab1/ECE153A_Lab2/hw
TRACE::2024-10-23.17:43:44::SCWPlatform:: Platform Path C:/Users/ryand/OneDrive/Documents/Xilinx/ECE153A/Vitis/ECE153a_Lab1/ECE153A_Lab2/hw/system_wrapper.xsa
TRACE::2024-10-23.17:43:44::SCWPlatform:: Unique name xilinx:::0.0
TRACE::2024-10-23.17:43:44::SCWPlatform::Trying to set the existing hwdb with name system_wrapper_0
TRACE::2024-10-23.17:43:44::SCWPlatform::Opened existing hwdb system_wrapper_0
TRACE::2024-10-23.17:43:44::SCWPlatform::Found the Hw Db part of the input DSA
TRACE::2024-10-23.17:43:44::SCWPlatform::Trying to open the hw design at C:/Users/ryand/OneDrive/Documents/Xilinx/ECE153A/Vitis/ECE153a_Lab1/ECE153A_Lab2/hw/system_wrapper.xsa
TRACE::2024-10-23.17:43:44::SCWPlatform::DSA given C:/Users/ryand/OneDrive/Documents/Xilinx/ECE153A/Vitis/ECE153a_Lab1/ECE153A_Lab2/hw/system_wrapper.xsa
TRACE::2024-10-23.17:43:44::SCWPlatform::DSA absoulate path C:/Users/ryand/OneDrive/Documents/Xilinx/ECE153A/Vitis/ECE153a_Lab1/ECE153A_Lab2/hw/system_wrapper.xsa
TRACE::2024-10-23.17:43:44::SCWPlatform::DSA directory C:/Users/ryand/OneDrive/Documents/Xilinx/ECE153A/Vitis/ECE153a_Lab1/ECE153A_Lab2/hw
TRACE::2024-10-23.17:43:44::SCWPlatform:: Platform Path C:/Users/ryand/OneDrive/Documents/Xilinx/ECE153A/Vitis/ECE153a_Lab1/ECE153A_Lab2/hw/system_wrapper.xsa
TRACE::2024-10-23.17:43:44::SCWPlatform:: Unique name xilinx:::0.0
TRACE::2024-10-23.17:43:44::SCWPlatform::Trying to set the existing hwdb with name system_wrapper_0
TRACE::2024-10-23.17:43:44::SCWPlatform::Opened existing hwdb system_wrapper_0
TRACE::2024-10-23.17:43:44::SCWPlatform::Found the Hw Db part of the input DSA
TRACE::2024-10-23.17:43:44::SCWDomain::checking for install qemu data   : 
TRACE::2024-10-23.17:43:44::SCWPlatform::Trying to open the hw design at C:/Users/ryand/OneDrive/Documents/Xilinx/ECE153A/Vitis/ECE153a_Lab1/ECE153A_Lab2/hw/system_wrapper.xsa
TRACE::2024-10-23.17:43:44::SCWPlatform::DSA given C:/Users/ryand/OneDrive/Documents/Xilinx/ECE153A/Vitis/ECE153a_Lab1/ECE153A_Lab2/hw/system_wrapper.xsa
TRACE::2024-10-23.17:43:44::SCWPlatform::DSA absoulate path C:/Users/ryand/OneDrive/Documents/Xilinx/ECE153A/Vitis/ECE153a_Lab1/ECE153A_Lab2/hw/system_wrapper.xsa
TRACE::2024-10-23.17:43:44::SCWPlatform::DSA directory C:/Users/ryand/OneDrive/Documents/Xilinx/ECE153A/Vitis/ECE153a_Lab1/ECE153A_Lab2/hw
TRACE::2024-10-23.17:43:44::SCWPlatform:: Platform Path C:/Users/ryand/OneDrive/Documents/Xilinx/ECE153A/Vitis/ECE153a_Lab1/ECE153A_Lab2/hw/system_wrapper.xsa
TRACE::2024-10-23.17:43:44::SCWPlatform:: Unique name xilinx:::0.0
TRACE::2024-10-23.17:43:44::SCWPlatform::Trying to set the existing hwdb with name system_wrapper_0
TRACE::2024-10-23.17:43:44::SCWPlatform::Opened existing hwdb system_wrapper_0
TRACE::2024-10-23.17:43:44::SCWPlatform::Found the Hw Db part of the input DSA
TRACE::2024-10-23.17:43:44::SCWPlatform::Trying to open the hw design at C:/Users/ryand/OneDrive/Documents/Xilinx/ECE153A/Vitis/ECE153a_Lab1/ECE153A_Lab2/hw/system_wrapper.xsa
TRACE::2024-10-23.17:43:44::SCWPlatform::DSA given C:/Users/ryand/OneDrive/Documents/Xilinx/ECE153A/Vitis/ECE153a_Lab1/ECE153A_Lab2/hw/system_wrapper.xsa
TRACE::2024-10-23.17:43:44::SCWPlatform::DSA absoulate path C:/Users/ryand/OneDrive/Documents/Xilinx/ECE153A/Vitis/ECE153a_Lab1/ECE153A_Lab2/hw/system_wrapper.xsa
TRACE::2024-10-23.17:43:44::SCWPlatform::DSA directory C:/Users/ryand/OneDrive/Documents/Xilinx/ECE153A/Vitis/ECE153a_Lab1/ECE153A_Lab2/hw
TRACE::2024-10-23.17:43:44::SCWPlatform:: Platform Path C:/Users/ryand/OneDrive/Documents/Xilinx/ECE153A/Vitis/ECE153a_Lab1/ECE153A_Lab2/hw/system_wrapper.xsa
TRACE::2024-10-23.17:43:44::SCWPlatform:: Unique name xilinx:::0.0
TRACE::2024-10-23.17:43:44::SCWPlatform::Trying to set the existing hwdb with name system_wrapper_0
TRACE::2024-10-23.17:43:44::SCWPlatform::Opened existing hwdb system_wrapper_0
TRACE::2024-10-23.17:43:44::SCWPlatform::Found the Hw Db part of the input DSA
TRACE::2024-10-23.17:43:44::SCWPlatform::Trying to open the hw design at C:/Users/ryand/OneDrive/Documents/Xilinx/ECE153A/Vitis/ECE153a_Lab1/ECE153A_Lab2/hw/system_wrapper.xsa
TRACE::2024-10-23.17:43:44::SCWPlatform::DSA given C:/Users/ryand/OneDrive/Documents/Xilinx/ECE153A/Vitis/ECE153a_Lab1/ECE153A_Lab2/hw/system_wrapper.xsa
TRACE::2024-10-23.17:43:44::SCWPlatform::DSA absoulate path C:/Users/ryand/OneDrive/Documents/Xilinx/ECE153A/Vitis/ECE153a_Lab1/ECE153A_Lab2/hw/system_wrapper.xsa
TRACE::2024-10-23.17:43:44::SCWPlatform::DSA directory C:/Users/ryand/OneDrive/Documents/Xilinx/ECE153A/Vitis/ECE153a_Lab1/ECE153A_Lab2/hw
TRACE::2024-10-23.17:43:44::SCWPlatform:: Platform Path C:/Users/ryand/OneDrive/Documents/Xilinx/ECE153A/Vitis/ECE153a_Lab1/ECE153A_Lab2/hw/system_wrapper.xsa
TRACE::2024-10-23.17:43:44::SCWPlatform:: Unique name xilinx:::0.0
TRACE::2024-10-23.17:43:44::SCWPlatform::Trying to set the existing hwdb with name system_wrapper_0
TRACE::2024-10-23.17:43:44::SCWPlatform::Opened existing hwdb system_wrapper_0
TRACE::2024-10-23.17:43:44::SCWPlatform::Found the Hw Db part of the input DSA
TRACE::2024-10-23.17:43:44::SCWMssOS::Checking the sw design at  C:/Users/ryand/OneDrive/Documents/Xilinx/ECE153A/Vitis/ECE153a_Lab1/ECE153A_Lab2/microblaze_0/standalone_domain/bsp/system.mss
TRACE::2024-10-23.17:43:44::SCWMssOS::DEBUG:  swdes dump  
TRACE::2024-10-23.17:43:44::SCWMssOS::No sw design opened at  C:/Users/ryand/OneDrive/Documents/Xilinx/ECE153A/Vitis/ECE153a_Lab1/ECE153A_Lab2/microblaze_0/standalone_domain/bsp/system.mss
TRACE::2024-10-23.17:43:44::SCWMssOS::mss does not exists at C:/Users/ryand/OneDrive/Documents/Xilinx/ECE153A/Vitis/ECE153a_Lab1/ECE153A_Lab2/microblaze_0/standalone_domain/bsp/system.mss
TRACE::2024-10-23.17:43:44::SCWMssOS::Creating sw design at  C:/Users/ryand/OneDrive/Documents/Xilinx/ECE153A/Vitis/ECE153a_Lab1/ECE153A_Lab2/microblaze_0/standalone_domain/bsp/system.mss
TRACE::2024-10-23.17:43:44::SCWMssOS::Adding the swdes entry, created swdb C:/Users/ryand/OneDrive/Documents/Xilinx/ECE153A/Vitis/ECE153a_Lab1/ECE153A_Lab2/microblaze_0/standalone_domain/bsp/system.mss with des name C:/Users/ryand/OneDrive/Documents/Xilinx/ECE153A/Vitis/ECE153a_Lab1/ECE153A_Lab2/microblaze_0/standalone_domain/bsp/system.mss
TRACE::2024-10-23.17:43:44::SCWMssOS::updating the scw layer changes to swdes at   C:/Users/ryand/OneDrive/Documents/Xilinx/ECE153A/Vitis/ECE153a_Lab1/ECE153A_Lab2/microblaze_0/standalone_domain/bsp/system.mss
TRACE::2024-10-23.17:43:44::SCWMssOS::Writing mss at C:/Users/ryand/OneDrive/Documents/Xilinx/ECE153A/Vitis/ECE153a_Lab1/ECE153A_Lab2/microblaze_0/standalone_domain/bsp/system.mss
TRACE::2024-10-23.17:43:44::SCWMssOS::Completed writing the mss file at C:/Users/ryand/OneDrive/Documents/Xilinx/ECE153A/Vitis/ECE153a_Lab1/ECE153A_Lab2/microblaze_0/standalone_domain/bsp
TRACE::2024-10-23.17:43:44::SCWMssOS::Picking up changes from newly written mss file into SCW Layer. 
TRACE::2024-10-23.17:43:44::SCWMssOS::Updated the changes from newly written mss file into SCW Layer. 
TRACE::2024-10-23.17:43:44::SCWMssOS::Completed writing the mss file at C:/Users/ryand/OneDrive/Documents/Xilinx/ECE153A/Vitis/ECE153a_Lab1/ECE153A_Lab2/microblaze_0/standalone_domain/bsp
TRACE::2024-10-23.17:43:44::SCWMssOS::Forcing BSP Sources regeneration.
TRACE::2024-10-23.17:43:53::SCWMssOS::Saving the mss changes C:/Users/ryand/OneDrive/Documents/Xilinx/ECE153A/Vitis/ECE153a_Lab1/ECE153A_Lab2/microblaze_0/standalone_domain/bsp/system.mss
TRACE::2024-10-23.17:43:53::SCWMssOS::Adding the swdes entry, mss present, able to open swdb C:/Users/ryand/OneDrive/Documents/Xilinx/ECE153A/Vitis/ECE153a_Lab1/ECE153A_Lab2/microblaze_0/standalone_domain/bsp/system.mss with des name system
TRACE::2024-10-23.17:43:53::SCWMssOS::Writing the mss file completed C:/Users/ryand/OneDrive/Documents/Xilinx/ECE153A/Vitis/ECE153a_Lab1/ECE153A_Lab2/microblaze_0/standalone_domain/bsp/system.mss
TRACE::2024-10-23.17:43:53::SCWMssOS::Commit changes completed.
TRACE::2024-10-23.17:43:53::SCWPlatform::Trying to open the hw design at C:/Users/ryand/OneDrive/Documents/Xilinx/ECE153A/Vitis/ECE153a_Lab1/ECE153A_Lab2/hw/system_wrapper.xsa
TRACE::2024-10-23.17:43:53::SCWPlatform::DSA given C:/Users/ryand/OneDrive/Documents/Xilinx/ECE153A/Vitis/ECE153a_Lab1/ECE153A_Lab2/hw/system_wrapper.xsa
TRACE::2024-10-23.17:43:53::SCWPlatform::DSA absoulate path C:/Users/ryand/OneDrive/Documents/Xilinx/ECE153A/Vitis/ECE153a_Lab1/ECE153A_Lab2/hw/system_wrapper.xsa
TRACE::2024-10-23.17:43:53::SCWPlatform::DSA directory C:/Users/ryand/OneDrive/Documents/Xilinx/ECE153A/Vitis/ECE153a_Lab1/ECE153A_Lab2/hw
TRACE::2024-10-23.17:43:53::SCWPlatform:: Platform Path C:/Users/ryand/OneDrive/Documents/Xilinx/ECE153A/Vitis/ECE153a_Lab1/ECE153A_Lab2/hw/system_wrapper.xsa
TRACE::2024-10-23.17:43:53::SCWPlatform:: Unique name xilinx:::0.0
TRACE::2024-10-23.17:43:53::SCWPlatform::Trying to set the existing hwdb with name system_wrapper_0
TRACE::2024-10-23.17:43:53::SCWPlatform::Opened existing hwdb system_wrapper_0
TRACE::2024-10-23.17:43:53::SCWPlatform::Found the Hw Db part of the input DSA
TRACE::2024-10-23.17:43:53::SCWMssOS::Checking the sw design at  C:/Users/ryand/OneDrive/Documents/Xilinx/ECE153A/Vitis/ECE153a_Lab1/ECE153A_Lab2/microblaze_0/standalone_domain/bsp/system.mss
TRACE::2024-10-23.17:43:53::SCWMssOS::DEBUG:  swdes dump  C:/Users/ryand/OneDrive/Documents/Xilinx/ECE153A/Vitis/ECE153a_Lab1/ECE153A_Lab2/microblaze_0/standalone_domain/bsp/system.mss|system||

TRACE::2024-10-23.17:43:53::SCWMssOS::Sw design exists and opened at  C:/Users/ryand/OneDrive/Documents/Xilinx/ECE153A/Vitis/ECE153a_Lab1/ECE153A_Lab2/microblaze_0/standalone_domain/bsp/system.mss
TRACE::2024-10-23.17:43:53::SCWPlatform::Trying to open the hw design at C:/Users/ryand/OneDrive/Documents/Xilinx/ECE153A/Vitis/ECE153a_Lab1/ECE153A_Lab2/hw/system_wrapper.xsa
TRACE::2024-10-23.17:43:53::SCWPlatform::DSA given C:/Users/ryand/OneDrive/Documents/Xilinx/ECE153A/Vitis/ECE153a_Lab1/ECE153A_Lab2/hw/system_wrapper.xsa
TRACE::2024-10-23.17:43:53::SCWPlatform::DSA absoulate path C:/Users/ryand/OneDrive/Documents/Xilinx/ECE153A/Vitis/ECE153a_Lab1/ECE153A_Lab2/hw/system_wrapper.xsa
TRACE::2024-10-23.17:43:53::SCWPlatform::DSA directory C:/Users/ryand/OneDrive/Documents/Xilinx/ECE153A/Vitis/ECE153a_Lab1/ECE153A_Lab2/hw
TRACE::2024-10-23.17:43:53::SCWPlatform:: Platform Path C:/Users/ryand/OneDrive/Documents/Xilinx/ECE153A/Vitis/ECE153a_Lab1/ECE153A_Lab2/hw/system_wrapper.xsa
TRACE::2024-10-23.17:43:53::SCWPlatform:: Unique name xilinx:::0.0
TRACE::2024-10-23.17:43:53::SCWPlatform::Trying to set the existing hwdb with name system_wrapper_0
TRACE::2024-10-23.17:43:53::SCWPlatform::Opened existing hwdb system_wrapper_0
TRACE::2024-10-23.17:43:53::SCWPlatform::Found the Hw Db part of the input DSA
TRACE::2024-10-23.17:43:53::SCWMssOS::Checking the sw design at  C:/Users/ryand/OneDrive/Documents/Xilinx/ECE153A/Vitis/ECE153a_Lab1/ECE153A_Lab2/microblaze_0/standalone_domain/bsp/system.mss
TRACE::2024-10-23.17:43:53::SCWMssOS::DEBUG:  swdes dump  C:/Users/ryand/OneDrive/Documents/Xilinx/ECE153A/Vitis/ECE153a_Lab1/ECE153A_Lab2/microblaze_0/standalone_domain/bsp/system.mss|system||

TRACE::2024-10-23.17:43:53::SCWMssOS::Sw design exists and opened at  C:/Users/ryand/OneDrive/Documents/Xilinx/ECE153A/Vitis/ECE153a_Lab1/ECE153A_Lab2/microblaze_0/standalone_domain/bsp/system.mss
TRACE::2024-10-23.17:43:53::SCWPlatform::Trying to open the hw design at C:/Users/ryand/OneDrive/Documents/Xilinx/ECE153A/Vitis/ECE153a_Lab1/ECE153A_Lab2/hw/system_wrapper.xsa
TRACE::2024-10-23.17:43:53::SCWPlatform::DSA given C:/Users/ryand/OneDrive/Documents/Xilinx/ECE153A/Vitis/ECE153a_Lab1/ECE153A_Lab2/hw/system_wrapper.xsa
TRACE::2024-10-23.17:43:53::SCWPlatform::DSA absoulate path C:/Users/ryand/OneDrive/Documents/Xilinx/ECE153A/Vitis/ECE153a_Lab1/ECE153A_Lab2/hw/system_wrapper.xsa
TRACE::2024-10-23.17:43:53::SCWPlatform::DSA directory C:/Users/ryand/OneDrive/Documents/Xilinx/ECE153A/Vitis/ECE153a_Lab1/ECE153A_Lab2/hw
TRACE::2024-10-23.17:43:53::SCWPlatform:: Platform Path C:/Users/ryand/OneDrive/Documents/Xilinx/ECE153A/Vitis/ECE153a_Lab1/ECE153A_Lab2/hw/system_wrapper.xsa
TRACE::2024-10-23.17:43:53::SCWPlatform:: Unique name xilinx:::0.0
TRACE::2024-10-23.17:43:53::SCWPlatform::Trying to set the existing hwdb with name system_wrapper_0
TRACE::2024-10-23.17:43:53::SCWPlatform::Opened existing hwdb system_wrapper_0
TRACE::2024-10-23.17:43:53::SCWPlatform::Found the Hw Db part of the input DSA
TRACE::2024-10-23.17:43:53::SCWMssOS::Checking the sw design at  C:/Users/ryand/OneDrive/Documents/Xilinx/ECE153A/Vitis/ECE153a_Lab1/ECE153A_Lab2/microblaze_0/standalone_domain/bsp/system.mss
TRACE::2024-10-23.17:43:53::SCWMssOS::DEBUG:  swdes dump  C:/Users/ryand/OneDrive/Documents/Xilinx/ECE153A/Vitis/ECE153a_Lab1/ECE153A_Lab2/microblaze_0/standalone_domain/bsp/system.mss|system||

TRACE::2024-10-23.17:43:53::SCWMssOS::Sw design exists and opened at  C:/Users/ryand/OneDrive/Documents/Xilinx/ECE153A/Vitis/ECE153a_Lab1/ECE153A_Lab2/microblaze_0/standalone_domain/bsp/system.mss
TRACE::2024-10-23.17:43:53::SCWWriter::formatted JSON is {
	"platformName":	"ECE153A_Lab2",
	"sprVersion":	"2.0",
	"mode":	"gui",
	"dsaType":	"Fixed",
	"platformDesc":	"ECE153A_Lab2",
	"platHandOff":	"C:/Users/ryand/OneDrive/Documents/Xilinx/ECE153A/Vivado/ECE_153A_Lab2/system_wrapper.xsa",
	"platIntHandOff":	"<platformDir>/hw/system_wrapper.xsa",
	"deviceType":	"FPGA",
	"platIsPrebuiltAutogen":	"false",
	"platIsNoBootBsp":	"false",
	"hasFsblMakeHasChanges":	"false",
	"hasPmufwMakeHasChanges":	"false",
	"platPreBuiltFlag":	false,
	"platformSamplesDir":	"",
	"platActiveSys":	"ECE153A_Lab2",
	"systems":	[{
			"systemName":	"ECE153A_Lab2",
			"systemDesc":	"ECE153A_Lab2",
			"sysIsBootAutoGen":	"true",
			"systemDispName":	"ECE153A_Lab2",
			"sysActiveDom":	"standalone_domain",
			"sysDefaultDom":	"standalone_domain",
			"domains":	[{
					"domainName":	"standalone_domain",
					"domainDispName":	"standalone_domain",
					"domainDesc":	"standalone_domain",
					"processors":	"microblaze_0",
					"os":	"standalone",
					"sdxOs":	"standalone",
					"debugEnable":	"False",
					"domRuntimes":	["cpp"],
					"swRepo":	"",
					"mssOsVer":	"7.7",
					"mssFile":	"",
					"md5Digest":	"a81c1ae732d4395aafba8ca2598dad86",
					"compatibleApp":	"",
					"domType":	"mssDomain",
					"arch":	"32-bit",
					"appSettings":	{
						"appCompilerFlags":	"",
						"appLinkerFlags":	""
					},
					"addedLibs":	[],
					"libOptions":	{
						"libsContainingOptions":	[]
					},
					"prebuiltLibs":	{
						"prebuiltIncPath":	[],
						"prebuiltLibPath":	[]
					},
					"isolation":	{
					}
				}]
		}]
}
LOG::2024-10-23.17:43:53::SCWPlatform::Started generating the artifacts platform ECE153A_Lab2
TRACE::2024-10-23.17:43:53::SCWPlatform::Sanity checking of platform is completed
LOG::2024-10-23.17:43:53::SCWPlatform::Started generating the artifacts for system configuration ECE153A_Lab2
LOG::2024-10-23.17:43:53::SCWSystem::Checking the domain standalone_domain
LOG::2024-10-23.17:43:53::SCWSystem::Not a boot domain 
LOG::2024-10-23.17:43:53::SCWSystem::Started Processing the domain standalone_domain
TRACE::2024-10-23.17:43:53::SCWDomain::Generating domain artifcats
TRACE::2024-10-23.17:43:53::SCWMssOS::Generating standalone artifcats
TRACE::2024-10-23.17:43:53::SCWMssOS:: Copying the user libraries. 
TRACE::2024-10-23.17:43:53::SCWPlatform::Trying to open the hw design at C:/Users/ryand/OneDrive/Documents/Xilinx/ECE153A/Vitis/ECE153a_Lab1/ECE153A_Lab2/hw/system_wrapper.xsa
TRACE::2024-10-23.17:43:53::SCWPlatform::DSA given C:/Users/ryand/OneDrive/Documents/Xilinx/ECE153A/Vitis/ECE153a_Lab1/ECE153A_Lab2/hw/system_wrapper.xsa
TRACE::2024-10-23.17:43:53::SCWPlatform::DSA absoulate path C:/Users/ryand/OneDrive/Documents/Xilinx/ECE153A/Vitis/ECE153a_Lab1/ECE153A_Lab2/hw/system_wrapper.xsa
TRACE::2024-10-23.17:43:53::SCWPlatform::DSA directory C:/Users/ryand/OneDrive/Documents/Xilinx/ECE153A/Vitis/ECE153a_Lab1/ECE153A_Lab2/hw
TRACE::2024-10-23.17:43:53::SCWPlatform:: Platform Path C:/Users/ryand/OneDrive/Documents/Xilinx/ECE153A/Vitis/ECE153a_Lab1/ECE153A_Lab2/hw/system_wrapper.xsa
TRACE::2024-10-23.17:43:53::SCWPlatform:: Unique name xilinx:::0.0
TRACE::2024-10-23.17:43:53::SCWPlatform::Trying to set the existing hwdb with name system_wrapper_0
TRACE::2024-10-23.17:43:53::SCWPlatform::Opened existing hwdb system_wrapper_0
TRACE::2024-10-23.17:43:53::SCWPlatform::Found the Hw Db part of the input DSA
TRACE::2024-10-23.17:43:53::SCWMssOS::Checking the sw design at  C:/Users/ryand/OneDrive/Documents/Xilinx/ECE153A/Vitis/ECE153a_Lab1/ECE153A_Lab2/microblaze_0/standalone_domain/bsp/system.mss
TRACE::2024-10-23.17:43:53::SCWMssOS::DEBUG:  swdes dump  C:/Users/ryand/OneDrive/Documents/Xilinx/ECE153A/Vitis/ECE153a_Lab1/ECE153A_Lab2/microblaze_0/standalone_domain/bsp/system.mss|system||

TRACE::2024-10-23.17:43:53::SCWMssOS::Sw design exists and opened at  C:/Users/ryand/OneDrive/Documents/Xilinx/ECE153A/Vitis/ECE153a_Lab1/ECE153A_Lab2/microblaze_0/standalone_domain/bsp/system.mss
TRACE::2024-10-23.17:43:53::SCWMssOS::Completed writing the mss file at C:/Users/ryand/OneDrive/Documents/Xilinx/ECE153A/Vitis/ECE153a_Lab1/ECE153A_Lab2/microblaze_0/standalone_domain/bsp
TRACE::2024-10-23.17:43:53::SCWMssOS::Mss edits present, copying mssfile into export location C:/Users/ryand/OneDrive/Documents/Xilinx/ECE153A/Vitis/ECE153a_Lab1/ECE153A_Lab2/microblaze_0/standalone_domain/bsp/system.mss
TRACE::2024-10-23.17:43:53::SCWMssOS::bsp generated is upto date with the mss file. Skipping bsp generation.
TRACE::2024-10-23.17:43:53::SCWMssOS::BSP is already built. skipping the bsp build ... 
TRACE::2024-10-23.17:43:53::SCWDomain::Skipping the build for domain :  standalone_domain
TRACE::2024-10-23.17:43:53::SCWMssOS::skipping the bsp build ... 
TRACE::2024-10-23.17:43:53::SCWMssOS::Copying to export directory.
TRACE::2024-10-23.17:43:53::SCWMssOS:: Checking if to create the Supporting Applications
TRACE::2024-10-23.17:43:53::SCWMssOS:: No Linux domain exists, trying to generate FSBL 
LOG::2024-10-23.17:43:53::SCWSystem::Completed Processing the domain standalone_domain
LOG::2024-10-23.17:43:53::SCWSystem::Completed Processing the sysconfig ECE153A_Lab2
LOG::2024-10-23.17:43:53::SCWPlatform::Completed generating the artifacts for system configuration ECE153A_Lab2
TRACE::2024-10-23.17:43:53::SCWPlatform::Started preparing the platform 
TRACE::2024-10-23.17:43:53::SCWSystem::Writing the bif file for system config ECE153A_Lab2
TRACE::2024-10-23.17:43:53::SCWSystem::dir created 
TRACE::2024-10-23.17:43:53::SCWSystem::Writing the bif 
TRACE::2024-10-23.17:43:53::SCWPlatform::Started writing the spfm file 
TRACE::2024-10-23.17:43:53::SCWPlatform::Started writing the xpfm file 
TRACE::2024-10-23.17:43:53::SCWPlatform::Completed generating the platform
TRACE::2024-10-23.17:43:53::SCWMssOS::Saving the mss changes C:/Users/ryand/OneDrive/Documents/Xilinx/ECE153A/Vitis/ECE153a_Lab1/ECE153A_Lab2/microblaze_0/standalone_domain/bsp/system.mss
TRACE::2024-10-23.17:43:53::SCWMssOS::Found a swdesign opened with the mssfile.
TRACE::2024-10-23.17:43:53::SCWMssOS::Completed writemss as part of save.
TRACE::2024-10-23.17:43:53::SCWMssOS::Commit changes completed.
TRACE::2024-10-23.17:43:53::SCWPlatform::Trying to open the hw design at C:/Users/ryand/OneDrive/Documents/Xilinx/ECE153A/Vitis/ECE153a_Lab1/ECE153A_Lab2/hw/system_wrapper.xsa
TRACE::2024-10-23.17:43:53::SCWPlatform::DSA given C:/Users/ryand/OneDrive/Documents/Xilinx/ECE153A/Vitis/ECE153a_Lab1/ECE153A_Lab2/hw/system_wrapper.xsa
TRACE::2024-10-23.17:43:53::SCWPlatform::DSA absoulate path C:/Users/ryand/OneDrive/Documents/Xilinx/ECE153A/Vitis/ECE153a_Lab1/ECE153A_Lab2/hw/system_wrapper.xsa
TRACE::2024-10-23.17:43:53::SCWPlatform::DSA directory C:/Users/ryand/OneDrive/Documents/Xilinx/ECE153A/Vitis/ECE153a_Lab1/ECE153A_Lab2/hw
TRACE::2024-10-23.17:43:53::SCWPlatform:: Platform Path C:/Users/ryand/OneDrive/Documents/Xilinx/ECE153A/Vitis/ECE153a_Lab1/ECE153A_Lab2/hw/system_wrapper.xsa
TRACE::2024-10-23.17:43:53::SCWPlatform:: Unique name xilinx:::0.0
TRACE::2024-10-23.17:43:53::SCWPlatform::Trying to set the existing hwdb with name system_wrapper_0
TRACE::2024-10-23.17:43:53::SCWPlatform::Opened existing hwdb system_wrapper_0
TRACE::2024-10-23.17:43:53::SCWPlatform::Found the Hw Db part of the input DSA
TRACE::2024-10-23.17:43:53::SCWMssOS::Checking the sw design at  C:/Users/ryand/OneDrive/Documents/Xilinx/ECE153A/Vitis/ECE153a_Lab1/ECE153A_Lab2/microblaze_0/standalone_domain/bsp/system.mss
TRACE::2024-10-23.17:43:53::SCWMssOS::DEBUG:  swdes dump  C:/Users/ryand/OneDrive/Documents/Xilinx/ECE153A/Vitis/ECE153a_Lab1/ECE153A_Lab2/microblaze_0/standalone_domain/bsp/system.mss|system||

TRACE::2024-10-23.17:43:53::SCWMssOS::Sw design exists and opened at  C:/Users/ryand/OneDrive/Documents/Xilinx/ECE153A/Vitis/ECE153a_Lab1/ECE153A_Lab2/microblaze_0/standalone_domain/bsp/system.mss
TRACE::2024-10-23.17:43:53::SCWPlatform::Trying to open the hw design at C:/Users/ryand/OneDrive/Documents/Xilinx/ECE153A/Vitis/ECE153a_Lab1/ECE153A_Lab2/hw/system_wrapper.xsa
TRACE::2024-10-23.17:43:53::SCWPlatform::DSA given C:/Users/ryand/OneDrive/Documents/Xilinx/ECE153A/Vitis/ECE153a_Lab1/ECE153A_Lab2/hw/system_wrapper.xsa
TRACE::2024-10-23.17:43:53::SCWPlatform::DSA absoulate path C:/Users/ryand/OneDrive/Documents/Xilinx/ECE153A/Vitis/ECE153a_Lab1/ECE153A_Lab2/hw/system_wrapper.xsa
TRACE::2024-10-23.17:43:53::SCWPlatform::DSA directory C:/Users/ryand/OneDrive/Documents/Xilinx/ECE153A/Vitis/ECE153a_Lab1/ECE153A_Lab2/hw
TRACE::2024-10-23.17:43:53::SCWPlatform:: Platform Path C:/Users/ryand/OneDrive/Documents/Xilinx/ECE153A/Vitis/ECE153a_Lab1/ECE153A_Lab2/hw/system_wrapper.xsa
TRACE::2024-10-23.17:43:53::SCWPlatform:: Unique name xilinx:::0.0
TRACE::2024-10-23.17:43:53::SCWPlatform::Trying to set the existing hwdb with name system_wrapper_0
TRACE::2024-10-23.17:43:53::SCWPlatform::Opened existing hwdb system_wrapper_0
TRACE::2024-10-23.17:43:53::SCWPlatform::Found the Hw Db part of the input DSA
TRACE::2024-10-23.17:43:53::SCWMssOS::Checking the sw design at  C:/Users/ryand/OneDrive/Documents/Xilinx/ECE153A/Vitis/ECE153a_Lab1/ECE153A_Lab2/microblaze_0/standalone_domain/bsp/system.mss
TRACE::2024-10-23.17:43:53::SCWMssOS::DEBUG:  swdes dump  C:/Users/ryand/OneDrive/Documents/Xilinx/ECE153A/Vitis/ECE153a_Lab1/ECE153A_Lab2/microblaze_0/standalone_domain/bsp/system.mss|system||

TRACE::2024-10-23.17:43:53::SCWMssOS::Sw design exists and opened at  C:/Users/ryand/OneDrive/Documents/Xilinx/ECE153A/Vitis/ECE153a_Lab1/ECE153A_Lab2/microblaze_0/standalone_domain/bsp/system.mss
TRACE::2024-10-23.17:43:53::SCWPlatform::Trying to open the hw design at C:/Users/ryand/OneDrive/Documents/Xilinx/ECE153A/Vitis/ECE153a_Lab1/ECE153A_Lab2/hw/system_wrapper.xsa
TRACE::2024-10-23.17:43:53::SCWPlatform::DSA given C:/Users/ryand/OneDrive/Documents/Xilinx/ECE153A/Vitis/ECE153a_Lab1/ECE153A_Lab2/hw/system_wrapper.xsa
TRACE::2024-10-23.17:43:53::SCWPlatform::DSA absoulate path C:/Users/ryand/OneDrive/Documents/Xilinx/ECE153A/Vitis/ECE153a_Lab1/ECE153A_Lab2/hw/system_wrapper.xsa
TRACE::2024-10-23.17:43:53::SCWPlatform::DSA directory C:/Users/ryand/OneDrive/Documents/Xilinx/ECE153A/Vitis/ECE153a_Lab1/ECE153A_Lab2/hw
TRACE::2024-10-23.17:43:53::SCWPlatform:: Platform Path C:/Users/ryand/OneDrive/Documents/Xilinx/ECE153A/Vitis/ECE153a_Lab1/ECE153A_Lab2/hw/system_wrapper.xsa
TRACE::2024-10-23.17:43:53::SCWPlatform:: Unique name xilinx:::0.0
TRACE::2024-10-23.17:43:53::SCWPlatform::Trying to set the existing hwdb with name system_wrapper_0
TRACE::2024-10-23.17:43:53::SCWPlatform::Opened existing hwdb system_wrapper_0
TRACE::2024-10-23.17:43:53::SCWPlatform::Found the Hw Db part of the input DSA
TRACE::2024-10-23.17:43:53::SCWMssOS::Checking the sw design at  C:/Users/ryand/OneDrive/Documents/Xilinx/ECE153A/Vitis/ECE153a_Lab1/ECE153A_Lab2/microblaze_0/standalone_domain/bsp/system.mss
TRACE::2024-10-23.17:43:53::SCWMssOS::DEBUG:  swdes dump  C:/Users/ryand/OneDrive/Documents/Xilinx/ECE153A/Vitis/ECE153a_Lab1/ECE153A_Lab2/microblaze_0/standalone_domain/bsp/system.mss|system||

TRACE::2024-10-23.17:43:53::SCWMssOS::Sw design exists and opened at  C:/Users/ryand/OneDrive/Documents/Xilinx/ECE153A/Vitis/ECE153a_Lab1/ECE153A_Lab2/microblaze_0/standalone_domain/bsp/system.mss
TRACE::2024-10-23.17:43:53::SCWWriter::formatted JSON is {
	"platformName":	"ECE153A_Lab2",
	"sprVersion":	"2.0",
	"mode":	"gui",
	"dsaType":	"Fixed",
	"platformDesc":	"ECE153A_Lab2",
	"platHandOff":	"C:/Users/ryand/OneDrive/Documents/Xilinx/ECE153A/Vivado/ECE_153A_Lab2/system_wrapper.xsa",
	"platIntHandOff":	"<platformDir>/hw/system_wrapper.xsa",
	"deviceType":	"FPGA",
	"platIsPrebuiltAutogen":	"false",
	"platIsNoBootBsp":	"false",
	"hasFsblMakeHasChanges":	"false",
	"hasPmufwMakeHasChanges":	"false",
	"platPreBuiltFlag":	false,
	"platformSamplesDir":	"",
	"platActiveSys":	"ECE153A_Lab2",
	"systems":	[{
			"systemName":	"ECE153A_Lab2",
			"systemDesc":	"ECE153A_Lab2",
			"sysIsBootAutoGen":	"true",
			"systemDispName":	"ECE153A_Lab2",
			"sysActiveDom":	"standalone_domain",
			"sysDefaultDom":	"standalone_domain",
			"domains":	[{
					"domainName":	"standalone_domain",
					"domainDispName":	"standalone_domain",
					"domainDesc":	"standalone_domain",
					"processors":	"microblaze_0",
					"os":	"standalone",
					"sdxOs":	"standalone",
					"debugEnable":	"False",
					"domRuntimes":	["cpp"],
					"swRepo":	"",
					"mssOsVer":	"7.7",
					"mssFile":	"",
					"md5Digest":	"a81c1ae732d4395aafba8ca2598dad86",
					"compatibleApp":	"",
					"domType":	"mssDomain",
					"arch":	"32-bit",
					"appSettings":	{
						"appCompilerFlags":	"",
						"appLinkerFlags":	""
					},
					"addedLibs":	[],
					"libOptions":	{
						"libsContainingOptions":	[]
					},
					"prebuiltLibs":	{
						"prebuiltIncPath":	[],
						"prebuiltLibPath":	[]
					},
					"isolation":	{
					}
				}]
		}]
}
KEYINFO::2024-10-23.17:43:54::SCWPlatform::updated the xpfm file.
TRACE::2024-10-23.17:43:54::SCWPlatform::Trying to open the hw design at C:/Users/ryand/OneDrive/Documents/Xilinx/ECE153A/Vitis/ECE153a_Lab1/ECE153A_Lab2/hw/system_wrapper.xsa
TRACE::2024-10-23.17:43:54::SCWPlatform::DSA given C:/Users/ryand/OneDrive/Documents/Xilinx/ECE153A/Vitis/ECE153a_Lab1/ECE153A_Lab2/hw/system_wrapper.xsa
TRACE::2024-10-23.17:43:54::SCWPlatform::DSA absoulate path C:/Users/ryand/OneDrive/Documents/Xilinx/ECE153A/Vitis/ECE153a_Lab1/ECE153A_Lab2/hw/system_wrapper.xsa
TRACE::2024-10-23.17:43:54::SCWPlatform::DSA directory C:/Users/ryand/OneDrive/Documents/Xilinx/ECE153A/Vitis/ECE153a_Lab1/ECE153A_Lab2/hw
TRACE::2024-10-23.17:43:54::SCWPlatform:: Platform Path C:/Users/ryand/OneDrive/Documents/Xilinx/ECE153A/Vitis/ECE153a_Lab1/ECE153A_Lab2/hw/system_wrapper.xsa
TRACE::2024-10-23.17:43:54::SCWPlatform:: Unique name xilinx:::0.0
TRACE::2024-10-23.17:43:54::SCWPlatform::Trying to set the existing hwdb with name system_wrapper_0
TRACE::2024-10-23.17:43:54::SCWPlatform::Opened existing hwdb system_wrapper_0
TRACE::2024-10-23.17:43:54::SCWPlatform::Found the Hw Db part of the input DSA
TRACE::2024-10-23.17:43:54::SCWMssOS::Checking the sw design at  C:/Users/ryand/OneDrive/Documents/Xilinx/ECE153A/Vitis/ECE153a_Lab1/ECE153A_Lab2/microblaze_0/standalone_domain/bsp/system.mss
TRACE::2024-10-23.17:43:54::SCWMssOS::DEBUG:  swdes dump  C:/Users/ryand/OneDrive/Documents/Xilinx/ECE153A/Vitis/ECE153a_Lab1/ECE153A_Lab2/microblaze_0/standalone_domain/bsp/system.mss|system||

TRACE::2024-10-23.17:43:54::SCWMssOS::Sw design exists and opened at  C:/Users/ryand/OneDrive/Documents/Xilinx/ECE153A/Vitis/ECE153a_Lab1/ECE153A_Lab2/microblaze_0/standalone_domain/bsp/system.mss
TRACE::2024-10-23.17:43:54::SCWMssOS::Saving the mss changes C:/Users/ryand/OneDrive/Documents/Xilinx/ECE153A/Vitis/ECE153a_Lab1/ECE153A_Lab2/microblaze_0/standalone_domain/bsp/system.mss
TRACE::2024-10-23.17:43:54::SCWMssOS::Found a swdesign opened with the mssfile.
TRACE::2024-10-23.17:43:54::SCWMssOS::Completed writemss as part of save.
TRACE::2024-10-23.17:43:54::SCWMssOS::Commit changes completed.
TRACE::2024-10-23.17:43:54::SCWPlatform::Trying to open the hw design at C:/Users/ryand/OneDrive/Documents/Xilinx/ECE153A/Vitis/ECE153a_Lab1/ECE153A_Lab2/hw/system_wrapper.xsa
TRACE::2024-10-23.17:43:54::SCWPlatform::DSA given C:/Users/ryand/OneDrive/Documents/Xilinx/ECE153A/Vitis/ECE153a_Lab1/ECE153A_Lab2/hw/system_wrapper.xsa
TRACE::2024-10-23.17:43:54::SCWPlatform::DSA absoulate path C:/Users/ryand/OneDrive/Documents/Xilinx/ECE153A/Vitis/ECE153a_Lab1/ECE153A_Lab2/hw/system_wrapper.xsa
TRACE::2024-10-23.17:43:54::SCWPlatform::DSA directory C:/Users/ryand/OneDrive/Documents/Xilinx/ECE153A/Vitis/ECE153a_Lab1/ECE153A_Lab2/hw
TRACE::2024-10-23.17:43:54::SCWPlatform:: Platform Path C:/Users/ryand/OneDrive/Documents/Xilinx/ECE153A/Vitis/ECE153a_Lab1/ECE153A_Lab2/hw/system_wrapper.xsa
TRACE::2024-10-23.17:43:54::SCWPlatform:: Unique name xilinx:::0.0
TRACE::2024-10-23.17:43:54::SCWPlatform::Trying to set the existing hwdb with name system_wrapper_0
TRACE::2024-10-23.17:43:54::SCWPlatform::Opened existing hwdb system_wrapper_0
TRACE::2024-10-23.17:43:54::SCWPlatform::Found the Hw Db part of the input DSA
TRACE::2024-10-23.17:43:54::SCWMssOS::Checking the sw design at  C:/Users/ryand/OneDrive/Documents/Xilinx/ECE153A/Vitis/ECE153a_Lab1/ECE153A_Lab2/microblaze_0/standalone_domain/bsp/system.mss
TRACE::2024-10-23.17:43:54::SCWMssOS::DEBUG:  swdes dump  C:/Users/ryand/OneDrive/Documents/Xilinx/ECE153A/Vitis/ECE153a_Lab1/ECE153A_Lab2/microblaze_0/standalone_domain/bsp/system.mss|system||

TRACE::2024-10-23.17:43:54::SCWMssOS::Sw design exists and opened at  C:/Users/ryand/OneDrive/Documents/Xilinx/ECE153A/Vitis/ECE153a_Lab1/ECE153A_Lab2/microblaze_0/standalone_domain/bsp/system.mss
TRACE::2024-10-23.17:43:54::SCWPlatform::Trying to open the hw design at C:/Users/ryand/OneDrive/Documents/Xilinx/ECE153A/Vitis/ECE153a_Lab1/ECE153A_Lab2/hw/system_wrapper.xsa
TRACE::2024-10-23.17:43:54::SCWPlatform::DSA given C:/Users/ryand/OneDrive/Documents/Xilinx/ECE153A/Vitis/ECE153a_Lab1/ECE153A_Lab2/hw/system_wrapper.xsa
TRACE::2024-10-23.17:43:54::SCWPlatform::DSA absoulate path C:/Users/ryand/OneDrive/Documents/Xilinx/ECE153A/Vitis/ECE153a_Lab1/ECE153A_Lab2/hw/system_wrapper.xsa
TRACE::2024-10-23.17:43:54::SCWPlatform::DSA directory C:/Users/ryand/OneDrive/Documents/Xilinx/ECE153A/Vitis/ECE153a_Lab1/ECE153A_Lab2/hw
TRACE::2024-10-23.17:43:54::SCWPlatform:: Platform Path C:/Users/ryand/OneDrive/Documents/Xilinx/ECE153A/Vitis/ECE153a_Lab1/ECE153A_Lab2/hw/system_wrapper.xsa
TRACE::2024-10-23.17:43:54::SCWPlatform:: Unique name xilinx:::0.0
TRACE::2024-10-23.17:43:54::SCWPlatform::Trying to set the existing hwdb with name system_wrapper_0
TRACE::2024-10-23.17:43:54::SCWPlatform::Opened existing hwdb system_wrapper_0
TRACE::2024-10-23.17:43:54::SCWPlatform::Found the Hw Db part of the input DSA
TRACE::2024-10-23.17:43:54::SCWMssOS::Checking the sw design at  C:/Users/ryand/OneDrive/Documents/Xilinx/ECE153A/Vitis/ECE153a_Lab1/ECE153A_Lab2/microblaze_0/standalone_domain/bsp/system.mss
TRACE::2024-10-23.17:43:54::SCWMssOS::DEBUG:  swdes dump  C:/Users/ryand/OneDrive/Documents/Xilinx/ECE153A/Vitis/ECE153a_Lab1/ECE153A_Lab2/microblaze_0/standalone_domain/bsp/system.mss|system||

TRACE::2024-10-23.17:43:54::SCWMssOS::Sw design exists and opened at  C:/Users/ryand/OneDrive/Documents/Xilinx/ECE153A/Vitis/ECE153a_Lab1/ECE153A_Lab2/microblaze_0/standalone_domain/bsp/system.mss
TRACE::2024-10-23.17:43:54::SCWPlatform::Trying to open the hw design at C:/Users/ryand/OneDrive/Documents/Xilinx/ECE153A/Vitis/ECE153a_Lab1/ECE153A_Lab2/hw/system_wrapper.xsa
TRACE::2024-10-23.17:43:54::SCWPlatform::DSA given C:/Users/ryand/OneDrive/Documents/Xilinx/ECE153A/Vitis/ECE153a_Lab1/ECE153A_Lab2/hw/system_wrapper.xsa
TRACE::2024-10-23.17:43:54::SCWPlatform::DSA absoulate path C:/Users/ryand/OneDrive/Documents/Xilinx/ECE153A/Vitis/ECE153a_Lab1/ECE153A_Lab2/hw/system_wrapper.xsa
TRACE::2024-10-23.17:43:54::SCWPlatform::DSA directory C:/Users/ryand/OneDrive/Documents/Xilinx/ECE153A/Vitis/ECE153a_Lab1/ECE153A_Lab2/hw
TRACE::2024-10-23.17:43:54::SCWPlatform:: Platform Path C:/Users/ryand/OneDrive/Documents/Xilinx/ECE153A/Vitis/ECE153a_Lab1/ECE153A_Lab2/hw/system_wrapper.xsa
TRACE::2024-10-23.17:43:54::SCWPlatform:: Unique name xilinx:::0.0
TRACE::2024-10-23.17:43:54::SCWPlatform::Trying to set the existing hwdb with name system_wrapper_0
TRACE::2024-10-23.17:43:54::SCWPlatform::Opened existing hwdb system_wrapper_0
TRACE::2024-10-23.17:43:54::SCWPlatform::Found the Hw Db part of the input DSA
TRACE::2024-10-23.17:43:54::SCWMssOS::Checking the sw design at  C:/Users/ryand/OneDrive/Documents/Xilinx/ECE153A/Vitis/ECE153a_Lab1/ECE153A_Lab2/microblaze_0/standalone_domain/bsp/system.mss
TRACE::2024-10-23.17:43:54::SCWMssOS::DEBUG:  swdes dump  C:/Users/ryand/OneDrive/Documents/Xilinx/ECE153A/Vitis/ECE153a_Lab1/ECE153A_Lab2/microblaze_0/standalone_domain/bsp/system.mss|system||

TRACE::2024-10-23.17:43:54::SCWMssOS::Sw design exists and opened at  C:/Users/ryand/OneDrive/Documents/Xilinx/ECE153A/Vitis/ECE153a_Lab1/ECE153A_Lab2/microblaze_0/standalone_domain/bsp/system.mss
TRACE::2024-10-23.17:43:54::SCWWriter::formatted JSON is {
	"platformName":	"ECE153A_Lab2",
	"sprVersion":	"2.0",
	"mode":	"gui",
	"dsaType":	"Fixed",
	"platformDesc":	"ECE153A_Lab2",
	"platHandOff":	"C:/Users/ryand/OneDrive/Documents/Xilinx/ECE153A/Vivado/ECE_153A_Lab2/system_wrapper.xsa",
	"platIntHandOff":	"<platformDir>/hw/system_wrapper.xsa",
	"deviceType":	"FPGA",
	"platIsPrebuiltAutogen":	"false",
	"platIsNoBootBsp":	"false",
	"hasFsblMakeHasChanges":	"false",
	"hasPmufwMakeHasChanges":	"false",
	"platPreBuiltFlag":	false,
	"platformSamplesDir":	"",
	"platActiveSys":	"ECE153A_Lab2",
	"systems":	[{
			"systemName":	"ECE153A_Lab2",
			"systemDesc":	"ECE153A_Lab2",
			"sysIsBootAutoGen":	"true",
			"systemDispName":	"ECE153A_Lab2",
			"sysActiveDom":	"standalone_domain",
			"sysDefaultDom":	"standalone_domain",
			"domains":	[{
					"domainName":	"standalone_domain",
					"domainDispName":	"standalone_domain",
					"domainDesc":	"standalone_domain",
					"processors":	"microblaze_0",
					"os":	"standalone",
					"sdxOs":	"standalone",
					"debugEnable":	"False",
					"domRuntimes":	["cpp"],
					"swRepo":	"",
					"mssOsVer":	"7.7",
					"mssFile":	"",
					"md5Digest":	"a81c1ae732d4395aafba8ca2598dad86",
					"compatibleApp":	"",
					"domType":	"mssDomain",
					"arch":	"32-bit",
					"appSettings":	{
						"appCompilerFlags":	"",
						"appLinkerFlags":	""
					},
					"addedLibs":	[],
					"libOptions":	{
						"libsContainingOptions":	[]
					},
					"prebuiltLibs":	{
						"prebuiltIncPath":	[],
						"prebuiltLibPath":	[]
					},
					"isolation":	{
					}
				}]
		}]
}
TRACE::2024-10-23.17:43:54::SCWPlatform::Trying to open the hw design at C:/Users/ryand/OneDrive/Documents/Xilinx/ECE153A/Vitis/ECE153a_Lab1/ECE153A_Lab2/hw/system_wrapper.xsa
TRACE::2024-10-23.17:43:54::SCWPlatform::DSA given C:/Users/ryand/OneDrive/Documents/Xilinx/ECE153A/Vitis/ECE153a_Lab1/ECE153A_Lab2/hw/system_wrapper.xsa
TRACE::2024-10-23.17:43:54::SCWPlatform::DSA absoulate path C:/Users/ryand/OneDrive/Documents/Xilinx/ECE153A/Vitis/ECE153a_Lab1/ECE153A_Lab2/hw/system_wrapper.xsa
TRACE::2024-10-23.17:43:54::SCWPlatform::DSA directory C:/Users/ryand/OneDrive/Documents/Xilinx/ECE153A/Vitis/ECE153a_Lab1/ECE153A_Lab2/hw
TRACE::2024-10-23.17:43:54::SCWPlatform:: Platform Path C:/Users/ryand/OneDrive/Documents/Xilinx/ECE153A/Vitis/ECE153a_Lab1/ECE153A_Lab2/hw/system_wrapper.xsa
TRACE::2024-10-23.17:43:54::SCWPlatform:: Unique name xilinx:::0.0
TRACE::2024-10-23.17:43:54::SCWPlatform::Trying to set the existing hwdb with name system_wrapper_0
TRACE::2024-10-23.17:43:54::SCWPlatform::Opened existing hwdb system_wrapper_0
TRACE::2024-10-23.17:43:54::SCWPlatform::Found the Hw Db part of the input DSA
TRACE::2024-10-23.17:43:54::SCWMssOS::Checking the sw design at  C:/Users/ryand/OneDrive/Documents/Xilinx/ECE153A/Vitis/ECE153a_Lab1/ECE153A_Lab2/microblaze_0/standalone_domain/bsp/system.mss
TRACE::2024-10-23.17:43:54::SCWMssOS::DEBUG:  swdes dump  C:/Users/ryand/OneDrive/Documents/Xilinx/ECE153A/Vitis/ECE153a_Lab1/ECE153A_Lab2/microblaze_0/standalone_domain/bsp/system.mss|system||

TRACE::2024-10-23.17:43:54::SCWMssOS::Sw design exists and opened at  C:/Users/ryand/OneDrive/Documents/Xilinx/ECE153A/Vitis/ECE153a_Lab1/ECE153A_Lab2/microblaze_0/standalone_domain/bsp/system.mss
TRACE::2024-10-23.17:43:54::SCWPlatform::Trying to open the hw design at C:/Users/ryand/OneDrive/Documents/Xilinx/ECE153A/Vitis/ECE153a_Lab1/ECE153A_Lab2/hw/system_wrapper.xsa
TRACE::2024-10-23.17:43:54::SCWPlatform::DSA given C:/Users/ryand/OneDrive/Documents/Xilinx/ECE153A/Vitis/ECE153a_Lab1/ECE153A_Lab2/hw/system_wrapper.xsa
TRACE::2024-10-23.17:43:54::SCWPlatform::DSA absoulate path C:/Users/ryand/OneDrive/Documents/Xilinx/ECE153A/Vitis/ECE153a_Lab1/ECE153A_Lab2/hw/system_wrapper.xsa
TRACE::2024-10-23.17:43:54::SCWPlatform::DSA directory C:/Users/ryand/OneDrive/Documents/Xilinx/ECE153A/Vitis/ECE153a_Lab1/ECE153A_Lab2/hw
TRACE::2024-10-23.17:43:54::SCWPlatform:: Platform Path C:/Users/ryand/OneDrive/Documents/Xilinx/ECE153A/Vitis/ECE153a_Lab1/ECE153A_Lab2/hw/system_wrapper.xsa
TRACE::2024-10-23.17:43:54::SCWPlatform:: Unique name xilinx:::0.0
TRACE::2024-10-23.17:43:54::SCWPlatform::Trying to set the existing hwdb with name system_wrapper_0
TRACE::2024-10-23.17:43:54::SCWPlatform::Opened existing hwdb system_wrapper_0
TRACE::2024-10-23.17:43:54::SCWPlatform::Found the Hw Db part of the input DSA
TRACE::2024-10-23.17:43:54::SCWMssOS::Checking the sw design at  C:/Users/ryand/OneDrive/Documents/Xilinx/ECE153A/Vitis/ECE153a_Lab1/ECE153A_Lab2/microblaze_0/standalone_domain/bsp/system.mss
TRACE::2024-10-23.17:43:54::SCWMssOS::DEBUG:  swdes dump  C:/Users/ryand/OneDrive/Documents/Xilinx/ECE153A/Vitis/ECE153a_Lab1/ECE153A_Lab2/microblaze_0/standalone_domain/bsp/system.mss|system||

TRACE::2024-10-23.17:43:54::SCWMssOS::Sw design exists and opened at  C:/Users/ryand/OneDrive/Documents/Xilinx/ECE153A/Vitis/ECE153a_Lab1/ECE153A_Lab2/microblaze_0/standalone_domain/bsp/system.mss
TRACE::2024-10-23.17:43:54::SCWPlatform::Trying to open the hw design at C:/Users/ryand/OneDrive/Documents/Xilinx/ECE153A/Vitis/ECE153a_Lab1/ECE153A_Lab2/hw/system_wrapper.xsa
TRACE::2024-10-23.17:43:54::SCWPlatform::DSA given C:/Users/ryand/OneDrive/Documents/Xilinx/ECE153A/Vitis/ECE153a_Lab1/ECE153A_Lab2/hw/system_wrapper.xsa
TRACE::2024-10-23.17:43:54::SCWPlatform::DSA absoulate path C:/Users/ryand/OneDrive/Documents/Xilinx/ECE153A/Vitis/ECE153a_Lab1/ECE153A_Lab2/hw/system_wrapper.xsa
TRACE::2024-10-23.17:43:54::SCWPlatform::DSA directory C:/Users/ryand/OneDrive/Documents/Xilinx/ECE153A/Vitis/ECE153a_Lab1/ECE153A_Lab2/hw
TRACE::2024-10-23.17:43:54::SCWPlatform:: Platform Path C:/Users/ryand/OneDrive/Documents/Xilinx/ECE153A/Vitis/ECE153a_Lab1/ECE153A_Lab2/hw/system_wrapper.xsa
TRACE::2024-10-23.17:43:54::SCWPlatform:: Unique name xilinx:::0.0
TRACE::2024-10-23.17:43:54::SCWPlatform::Trying to set the existing hwdb with name system_wrapper_0
TRACE::2024-10-23.17:43:54::SCWPlatform::Opened existing hwdb system_wrapper_0
TRACE::2024-10-23.17:43:54::SCWPlatform::Found the Hw Db part of the input DSA
TRACE::2024-10-23.17:43:54::SCWMssOS::Checking the sw design at  C:/Users/ryand/OneDrive/Documents/Xilinx/ECE153A/Vitis/ECE153a_Lab1/ECE153A_Lab2/microblaze_0/standalone_domain/bsp/system.mss
TRACE::2024-10-23.17:43:54::SCWMssOS::DEBUG:  swdes dump  C:/Users/ryand/OneDrive/Documents/Xilinx/ECE153A/Vitis/ECE153a_Lab1/ECE153A_Lab2/microblaze_0/standalone_domain/bsp/system.mss|system||

TRACE::2024-10-23.17:43:54::SCWMssOS::Sw design exists and opened at  C:/Users/ryand/OneDrive/Documents/Xilinx/ECE153A/Vitis/ECE153a_Lab1/ECE153A_Lab2/microblaze_0/standalone_domain/bsp/system.mss
TRACE::2024-10-23.17:43:54::SCWMssOS::Saving the mss changes C:/Users/ryand/OneDrive/Documents/Xilinx/ECE153A/Vitis/ECE153a_Lab1/ECE153A_Lab2/microblaze_0/standalone_domain/bsp/system.mss
TRACE::2024-10-23.17:43:54::SCWMssOS::Found a swdesign opened with the mssfile.
TRACE::2024-10-23.17:43:54::SCWMssOS::Completed writemss as part of save.
TRACE::2024-10-23.17:43:54::SCWMssOS::Commit changes completed.
TRACE::2024-10-23.17:43:54::SCWPlatform::Trying to open the hw design at C:/Users/ryand/OneDrive/Documents/Xilinx/ECE153A/Vitis/ECE153a_Lab1/ECE153A_Lab2/hw/system_wrapper.xsa
TRACE::2024-10-23.17:43:54::SCWPlatform::DSA given C:/Users/ryand/OneDrive/Documents/Xilinx/ECE153A/Vitis/ECE153a_Lab1/ECE153A_Lab2/hw/system_wrapper.xsa
TRACE::2024-10-23.17:43:54::SCWPlatform::DSA absoulate path C:/Users/ryand/OneDrive/Documents/Xilinx/ECE153A/Vitis/ECE153a_Lab1/ECE153A_Lab2/hw/system_wrapper.xsa
TRACE::2024-10-23.17:43:54::SCWPlatform::DSA directory C:/Users/ryand/OneDrive/Documents/Xilinx/ECE153A/Vitis/ECE153a_Lab1/ECE153A_Lab2/hw
TRACE::2024-10-23.17:43:54::SCWPlatform:: Platform Path C:/Users/ryand/OneDrive/Documents/Xilinx/ECE153A/Vitis/ECE153a_Lab1/ECE153A_Lab2/hw/system_wrapper.xsa
TRACE::2024-10-23.17:43:54::SCWPlatform:: Unique name xilinx:::0.0
TRACE::2024-10-23.17:43:54::SCWPlatform::Trying to set the existing hwdb with name system_wrapper_0
TRACE::2024-10-23.17:43:54::SCWPlatform::Opened existing hwdb system_wrapper_0
TRACE::2024-10-23.17:43:54::SCWPlatform::Found the Hw Db part of the input DSA
TRACE::2024-10-23.17:43:54::SCWMssOS::Checking the sw design at  C:/Users/ryand/OneDrive/Documents/Xilinx/ECE153A/Vitis/ECE153a_Lab1/ECE153A_Lab2/microblaze_0/standalone_domain/bsp/system.mss
TRACE::2024-10-23.17:43:54::SCWMssOS::DEBUG:  swdes dump  C:/Users/ryand/OneDrive/Documents/Xilinx/ECE153A/Vitis/ECE153a_Lab1/ECE153A_Lab2/microblaze_0/standalone_domain/bsp/system.mss|system||

TRACE::2024-10-23.17:43:54::SCWMssOS::Sw design exists and opened at  C:/Users/ryand/OneDrive/Documents/Xilinx/ECE153A/Vitis/ECE153a_Lab1/ECE153A_Lab2/microblaze_0/standalone_domain/bsp/system.mss
TRACE::2024-10-23.17:43:54::SCWPlatform::Trying to open the hw design at C:/Users/ryand/OneDrive/Documents/Xilinx/ECE153A/Vitis/ECE153a_Lab1/ECE153A_Lab2/hw/system_wrapper.xsa
TRACE::2024-10-23.17:43:54::SCWPlatform::DSA given C:/Users/ryand/OneDrive/Documents/Xilinx/ECE153A/Vitis/ECE153a_Lab1/ECE153A_Lab2/hw/system_wrapper.xsa
TRACE::2024-10-23.17:43:54::SCWPlatform::DSA absoulate path C:/Users/ryand/OneDrive/Documents/Xilinx/ECE153A/Vitis/ECE153a_Lab1/ECE153A_Lab2/hw/system_wrapper.xsa
TRACE::2024-10-23.17:43:54::SCWPlatform::DSA directory C:/Users/ryand/OneDrive/Documents/Xilinx/ECE153A/Vitis/ECE153a_Lab1/ECE153A_Lab2/hw
TRACE::2024-10-23.17:43:54::SCWPlatform:: Platform Path C:/Users/ryand/OneDrive/Documents/Xilinx/ECE153A/Vitis/ECE153a_Lab1/ECE153A_Lab2/hw/system_wrapper.xsa
TRACE::2024-10-23.17:43:54::SCWPlatform:: Unique name xilinx:::0.0
TRACE::2024-10-23.17:43:54::SCWPlatform::Trying to set the existing hwdb with name system_wrapper_0
TRACE::2024-10-23.17:43:54::SCWPlatform::Opened existing hwdb system_wrapper_0
TRACE::2024-10-23.17:43:54::SCWPlatform::Found the Hw Db part of the input DSA
TRACE::2024-10-23.17:43:54::SCWMssOS::Checking the sw design at  C:/Users/ryand/OneDrive/Documents/Xilinx/ECE153A/Vitis/ECE153a_Lab1/ECE153A_Lab2/microblaze_0/standalone_domain/bsp/system.mss
TRACE::2024-10-23.17:43:54::SCWMssOS::DEBUG:  swdes dump  C:/Users/ryand/OneDrive/Documents/Xilinx/ECE153A/Vitis/ECE153a_Lab1/ECE153A_Lab2/microblaze_0/standalone_domain/bsp/system.mss|system||

TRACE::2024-10-23.17:43:54::SCWMssOS::Sw design exists and opened at  C:/Users/ryand/OneDrive/Documents/Xilinx/ECE153A/Vitis/ECE153a_Lab1/ECE153A_Lab2/microblaze_0/standalone_domain/bsp/system.mss
TRACE::2024-10-23.17:43:54::SCWPlatform::Trying to open the hw design at C:/Users/ryand/OneDrive/Documents/Xilinx/ECE153A/Vitis/ECE153a_Lab1/ECE153A_Lab2/hw/system_wrapper.xsa
TRACE::2024-10-23.17:43:54::SCWPlatform::DSA given C:/Users/ryand/OneDrive/Documents/Xilinx/ECE153A/Vitis/ECE153a_Lab1/ECE153A_Lab2/hw/system_wrapper.xsa
TRACE::2024-10-23.17:43:54::SCWPlatform::DSA absoulate path C:/Users/ryand/OneDrive/Documents/Xilinx/ECE153A/Vitis/ECE153a_Lab1/ECE153A_Lab2/hw/system_wrapper.xsa
TRACE::2024-10-23.17:43:54::SCWPlatform::DSA directory C:/Users/ryand/OneDrive/Documents/Xilinx/ECE153A/Vitis/ECE153a_Lab1/ECE153A_Lab2/hw
TRACE::2024-10-23.17:43:54::SCWPlatform:: Platform Path C:/Users/ryand/OneDrive/Documents/Xilinx/ECE153A/Vitis/ECE153a_Lab1/ECE153A_Lab2/hw/system_wrapper.xsa
TRACE::2024-10-23.17:43:54::SCWPlatform:: Unique name xilinx:::0.0
TRACE::2024-10-23.17:43:54::SCWPlatform::Trying to set the existing hwdb with name system_wrapper_0
TRACE::2024-10-23.17:43:54::SCWPlatform::Opened existing hwdb system_wrapper_0
TRACE::2024-10-23.17:43:54::SCWPlatform::Found the Hw Db part of the input DSA
TRACE::2024-10-23.17:43:54::SCWMssOS::Checking the sw design at  C:/Users/ryand/OneDrive/Documents/Xilinx/ECE153A/Vitis/ECE153a_Lab1/ECE153A_Lab2/microblaze_0/standalone_domain/bsp/system.mss
TRACE::2024-10-23.17:43:54::SCWMssOS::DEBUG:  swdes dump  C:/Users/ryand/OneDrive/Documents/Xilinx/ECE153A/Vitis/ECE153a_Lab1/ECE153A_Lab2/microblaze_0/standalone_domain/bsp/system.mss|system||

TRACE::2024-10-23.17:43:54::SCWMssOS::Sw design exists and opened at  C:/Users/ryand/OneDrive/Documents/Xilinx/ECE153A/Vitis/ECE153a_Lab1/ECE153A_Lab2/microblaze_0/standalone_domain/bsp/system.mss
TRACE::2024-10-23.17:43:54::SCWWriter::formatted JSON is {
	"platformName":	"ECE153A_Lab2",
	"sprVersion":	"2.0",
	"mode":	"gui",
	"dsaType":	"Fixed",
	"platformDesc":	"ECE153A_Lab2",
	"platHandOff":	"C:/Users/ryand/OneDrive/Documents/Xilinx/ECE153A/Vivado/ECE_153A_Lab2/system_wrapper.xsa",
	"platIntHandOff":	"<platformDir>/hw/system_wrapper.xsa",
	"deviceType":	"FPGA",
	"platIsPrebuiltAutogen":	"false",
	"platIsNoBootBsp":	"false",
	"hasFsblMakeHasChanges":	"false",
	"hasPmufwMakeHasChanges":	"false",
	"platPreBuiltFlag":	false,
	"platformSamplesDir":	"",
	"platActiveSys":	"ECE153A_Lab2",
	"systems":	[{
			"systemName":	"ECE153A_Lab2",
			"systemDesc":	"ECE153A_Lab2",
			"sysIsBootAutoGen":	"true",
			"systemDispName":	"ECE153A_Lab2",
			"sysActiveDom":	"standalone_domain",
			"sysDefaultDom":	"standalone_domain",
			"domains":	[{
					"domainName":	"standalone_domain",
					"domainDispName":	"standalone on microblaze_0",
					"domainDesc":	"standalone_domain",
					"processors":	"microblaze_0",
					"os":	"standalone",
					"sdxOs":	"standalone",
					"debugEnable":	"False",
					"domRuntimes":	["cpp"],
					"swRepo":	"",
					"mssOsVer":	"7.7",
					"mssFile":	"",
					"md5Digest":	"a81c1ae732d4395aafba8ca2598dad86",
					"compatibleApp":	"",
					"domType":	"mssDomain",
					"arch":	"32-bit",
					"appSettings":	{
						"appCompilerFlags":	"",
						"appLinkerFlags":	""
					},
					"addedLibs":	[],
					"libOptions":	{
						"libsContainingOptions":	[]
					},
					"prebuiltLibs":	{
						"prebuiltIncPath":	[],
						"prebuiltLibPath":	[]
					},
					"isolation":	{
					}
				}]
		}]
}
TRACE::2024-10-23.17:43:54::SCWMssOS::Saving the mss changes C:/Users/ryand/OneDrive/Documents/Xilinx/ECE153A/Vitis/ECE153a_Lab1/ECE153A_Lab2/microblaze_0/standalone_domain/bsp/system.mss
TRACE::2024-10-23.17:43:54::SCWMssOS::Found a swdesign opened with the mssfile.
TRACE::2024-10-23.17:43:54::SCWMssOS::Completed writemss as part of save.
TRACE::2024-10-23.17:43:54::SCWMssOS::Commit changes completed.
TRACE::2024-10-23.17:43:54::SCWPlatform::Trying to open the hw design at C:/Users/ryand/OneDrive/Documents/Xilinx/ECE153A/Vitis/ECE153a_Lab1/ECE153A_Lab2/hw/system_wrapper.xsa
TRACE::2024-10-23.17:43:54::SCWPlatform::DSA given C:/Users/ryand/OneDrive/Documents/Xilinx/ECE153A/Vitis/ECE153a_Lab1/ECE153A_Lab2/hw/system_wrapper.xsa
TRACE::2024-10-23.17:43:54::SCWPlatform::DSA absoulate path C:/Users/ryand/OneDrive/Documents/Xilinx/ECE153A/Vitis/ECE153a_Lab1/ECE153A_Lab2/hw/system_wrapper.xsa
TRACE::2024-10-23.17:43:54::SCWPlatform::DSA directory C:/Users/ryand/OneDrive/Documents/Xilinx/ECE153A/Vitis/ECE153a_Lab1/ECE153A_Lab2/hw
TRACE::2024-10-23.17:43:54::SCWPlatform:: Platform Path C:/Users/ryand/OneDrive/Documents/Xilinx/ECE153A/Vitis/ECE153a_Lab1/ECE153A_Lab2/hw/system_wrapper.xsa
TRACE::2024-10-23.17:43:54::SCWPlatform:: Unique name xilinx:::0.0
TRACE::2024-10-23.17:43:54::SCWPlatform::Trying to set the existing hwdb with name system_wrapper_0
TRACE::2024-10-23.17:43:54::SCWPlatform::Opened existing hwdb system_wrapper_0
TRACE::2024-10-23.17:43:54::SCWPlatform::Found the Hw Db part of the input DSA
TRACE::2024-10-23.17:43:54::SCWMssOS::Checking the sw design at  C:/Users/ryand/OneDrive/Documents/Xilinx/ECE153A/Vitis/ECE153a_Lab1/ECE153A_Lab2/microblaze_0/standalone_domain/bsp/system.mss
TRACE::2024-10-23.17:43:54::SCWMssOS::DEBUG:  swdes dump  C:/Users/ryand/OneDrive/Documents/Xilinx/ECE153A/Vitis/ECE153a_Lab1/ECE153A_Lab2/microblaze_0/standalone_domain/bsp/system.mss|system||

TRACE::2024-10-23.17:43:54::SCWMssOS::Sw design exists and opened at  C:/Users/ryand/OneDrive/Documents/Xilinx/ECE153A/Vitis/ECE153a_Lab1/ECE153A_Lab2/microblaze_0/standalone_domain/bsp/system.mss
TRACE::2024-10-23.17:43:54::SCWPlatform::Trying to open the hw design at C:/Users/ryand/OneDrive/Documents/Xilinx/ECE153A/Vitis/ECE153a_Lab1/ECE153A_Lab2/hw/system_wrapper.xsa
TRACE::2024-10-23.17:43:54::SCWPlatform::DSA given C:/Users/ryand/OneDrive/Documents/Xilinx/ECE153A/Vitis/ECE153a_Lab1/ECE153A_Lab2/hw/system_wrapper.xsa
TRACE::2024-10-23.17:43:54::SCWPlatform::DSA absoulate path C:/Users/ryand/OneDrive/Documents/Xilinx/ECE153A/Vitis/ECE153a_Lab1/ECE153A_Lab2/hw/system_wrapper.xsa
TRACE::2024-10-23.17:43:54::SCWPlatform::DSA directory C:/Users/ryand/OneDrive/Documents/Xilinx/ECE153A/Vitis/ECE153a_Lab1/ECE153A_Lab2/hw
TRACE::2024-10-23.17:43:54::SCWPlatform:: Platform Path C:/Users/ryand/OneDrive/Documents/Xilinx/ECE153A/Vitis/ECE153a_Lab1/ECE153A_Lab2/hw/system_wrapper.xsa
TRACE::2024-10-23.17:43:54::SCWPlatform:: Unique name xilinx:::0.0
TRACE::2024-10-23.17:43:54::SCWPlatform::Trying to set the existing hwdb with name system_wrapper_0
TRACE::2024-10-23.17:43:54::SCWPlatform::Opened existing hwdb system_wrapper_0
TRACE::2024-10-23.17:43:54::SCWPlatform::Found the Hw Db part of the input DSA
TRACE::2024-10-23.17:43:54::SCWMssOS::Checking the sw design at  C:/Users/ryand/OneDrive/Documents/Xilinx/ECE153A/Vitis/ECE153a_Lab1/ECE153A_Lab2/microblaze_0/standalone_domain/bsp/system.mss
TRACE::2024-10-23.17:43:54::SCWMssOS::DEBUG:  swdes dump  C:/Users/ryand/OneDrive/Documents/Xilinx/ECE153A/Vitis/ECE153a_Lab1/ECE153A_Lab2/microblaze_0/standalone_domain/bsp/system.mss|system||

TRACE::2024-10-23.17:43:54::SCWMssOS::Sw design exists and opened at  C:/Users/ryand/OneDrive/Documents/Xilinx/ECE153A/Vitis/ECE153a_Lab1/ECE153A_Lab2/microblaze_0/standalone_domain/bsp/system.mss
TRACE::2024-10-23.17:43:54::SCWPlatform::Trying to open the hw design at C:/Users/ryand/OneDrive/Documents/Xilinx/ECE153A/Vitis/ECE153a_Lab1/ECE153A_Lab2/hw/system_wrapper.xsa
TRACE::2024-10-23.17:43:54::SCWPlatform::DSA given C:/Users/ryand/OneDrive/Documents/Xilinx/ECE153A/Vitis/ECE153a_Lab1/ECE153A_Lab2/hw/system_wrapper.xsa
TRACE::2024-10-23.17:43:54::SCWPlatform::DSA absoulate path C:/Users/ryand/OneDrive/Documents/Xilinx/ECE153A/Vitis/ECE153a_Lab1/ECE153A_Lab2/hw/system_wrapper.xsa
TRACE::2024-10-23.17:43:54::SCWPlatform::DSA directory C:/Users/ryand/OneDrive/Documents/Xilinx/ECE153A/Vitis/ECE153a_Lab1/ECE153A_Lab2/hw
TRACE::2024-10-23.17:43:54::SCWPlatform:: Platform Path C:/Users/ryand/OneDrive/Documents/Xilinx/ECE153A/Vitis/ECE153a_Lab1/ECE153A_Lab2/hw/system_wrapper.xsa
TRACE::2024-10-23.17:43:54::SCWPlatform:: Unique name xilinx:::0.0
TRACE::2024-10-23.17:43:54::SCWPlatform::Trying to set the existing hwdb with name system_wrapper_0
TRACE::2024-10-23.17:43:54::SCWPlatform::Opened existing hwdb system_wrapper_0
TRACE::2024-10-23.17:43:54::SCWPlatform::Found the Hw Db part of the input DSA
TRACE::2024-10-23.17:43:54::SCWMssOS::Checking the sw design at  C:/Users/ryand/OneDrive/Documents/Xilinx/ECE153A/Vitis/ECE153a_Lab1/ECE153A_Lab2/microblaze_0/standalone_domain/bsp/system.mss
TRACE::2024-10-23.17:43:54::SCWMssOS::DEBUG:  swdes dump  C:/Users/ryand/OneDrive/Documents/Xilinx/ECE153A/Vitis/ECE153a_Lab1/ECE153A_Lab2/microblaze_0/standalone_domain/bsp/system.mss|system||

TRACE::2024-10-23.17:43:54::SCWMssOS::Sw design exists and opened at  C:/Users/ryand/OneDrive/Documents/Xilinx/ECE153A/Vitis/ECE153a_Lab1/ECE153A_Lab2/microblaze_0/standalone_domain/bsp/system.mss
TRACE::2024-10-23.17:43:54::SCWWriter::formatted JSON is {
	"platformName":	"ECE153A_Lab2",
	"sprVersion":	"2.0",
	"mode":	"gui",
	"dsaType":	"Fixed",
	"platformDesc":	"ECE153A_Lab2",
	"platHandOff":	"C:/Users/ryand/OneDrive/Documents/Xilinx/ECE153A/Vivado/ECE_153A_Lab2/system_wrapper.xsa",
	"platIntHandOff":	"<platformDir>/hw/system_wrapper.xsa",
	"deviceType":	"FPGA",
	"platIsPrebuiltAutogen":	"false",
	"platIsNoBootBsp":	"false",
	"hasFsblMakeHasChanges":	"false",
	"hasPmufwMakeHasChanges":	"false",
	"platPreBuiltFlag":	false,
	"platformSamplesDir":	"",
	"platActiveSys":	"ECE153A_Lab2",
	"systems":	[{
			"systemName":	"ECE153A_Lab2",
			"systemDesc":	"ECE153A_Lab2",
			"sysIsBootAutoGen":	"true",
			"systemDispName":	"ECE153A_Lab2",
			"sysActiveDom":	"standalone_domain",
			"sysDefaultDom":	"standalone_domain",
			"domains":	[{
					"domainName":	"standalone_domain",
					"domainDispName":	"standalone on microblaze_0",
					"domainDesc":	"standalone_domain",
					"processors":	"microblaze_0",
					"os":	"standalone",
					"sdxOs":	"standalone",
					"debugEnable":	"False",
					"domRuntimes":	["cpp"],
					"swRepo":	"",
					"mssOsVer":	"7.7",
					"mssFile":	"",
					"md5Digest":	"a81c1ae732d4395aafba8ca2598dad86",
					"compatibleApp":	"",
					"domType":	"mssDomain",
					"arch":	"32-bit",
					"appSettings":	{
						"appCompilerFlags":	"",
						"appLinkerFlags":	""
					},
					"addedLibs":	[],
					"libOptions":	{
						"libsContainingOptions":	[]
					},
					"prebuiltLibs":	{
						"prebuiltIncPath":	[],
						"prebuiltLibPath":	[]
					},
					"isolation":	{
					}
				}]
		}]
}
TRACE::2024-10-23.17:43:55::SCWPlatform::Clearing the existing platform
TRACE::2024-10-23.17:43:55::SCWSystem::Clearing the existing sysconfig
TRACE::2024-10-23.17:43:55::SCWMssOS::Removing the swdes entry for  C:/Users/ryand/OneDrive/Documents/Xilinx/ECE153A/Vitis/ECE153a_Lab1/ECE153A_Lab2/microblaze_0/standalone_domain/bsp/system.mss
TRACE::2024-10-23.17:43:55::SCWSystem::Clearing the domains completed.
TRACE::2024-10-23.17:43:55::SCWPlatform::Clearing the opened hw db.
TRACE::2024-10-23.17:43:55::SCWPlatform::DSA given C:/Users/ryand/OneDrive/Documents/Xilinx/ECE153A/Vitis/ECE153a_Lab1/ECE153A_Lab2/hw/system_wrapper.xsa
TRACE::2024-10-23.17:43:55::SCWPlatform::DSA absoulate path C:/Users/ryand/OneDrive/Documents/Xilinx/ECE153A/Vitis/ECE153a_Lab1/ECE153A_Lab2/hw/system_wrapper.xsa
TRACE::2024-10-23.17:43:55::SCWPlatform:: Platform location is C:/Users/ryand/OneDrive/Documents/Xilinx/ECE153A/Vitis/ECE153a_Lab1/ECE153A_Lab2/hw
TRACE::2024-10-23.17:43:55::SCWPlatform:: Platform Path C:/Users/ryand/OneDrive/Documents/Xilinx/ECE153A/Vitis/ECE153a_Lab1/ECE153A_Lab2/hw/system_wrapper.xsa
TRACE::2024-10-23.17:43:55::SCWPlatform:: Unique name xilinx:::0.0
TRACE::2024-10-23.17:43:55::SCWPlatform::Removing the HwDB with name C:/Users/ryand/OneDrive/Documents/Xilinx/ECE153A/Vitis/ECE153a_Lab1/ECE153A_Lab2/hw/system_wrapper.xsa
TRACE::2024-10-23.17:43:55::SCWPlatform::Trying to open the hw design at C:/Users/ryand/OneDrive/Documents/Xilinx/ECE153A/Vitis/ECE153a_Lab1/ECE153A_Lab2/hw/system_wrapper.xsa
TRACE::2024-10-23.17:43:55::SCWPlatform::DSA given C:/Users/ryand/OneDrive/Documents/Xilinx/ECE153A/Vitis/ECE153a_Lab1/ECE153A_Lab2/hw/system_wrapper.xsa
TRACE::2024-10-23.17:43:55::SCWPlatform::DSA absoulate path C:/Users/ryand/OneDrive/Documents/Xilinx/ECE153A/Vitis/ECE153a_Lab1/ECE153A_Lab2/hw/system_wrapper.xsa
TRACE::2024-10-23.17:43:55::SCWPlatform::DSA directory C:/Users/ryand/OneDrive/Documents/Xilinx/ECE153A/Vitis/ECE153a_Lab1/ECE153A_Lab2/hw
TRACE::2024-10-23.17:43:55::SCWPlatform:: Platform Path C:/Users/ryand/OneDrive/Documents/Xilinx/ECE153A/Vitis/ECE153a_Lab1/ECE153A_Lab2/hw/system_wrapper.xsa
TRACE::2024-10-23.17:43:55::SCWPlatform:: Unique name xilinx:::0.0
TRACE::2024-10-23.17:43:55::SCWPlatform::Do not have an existing db opened. 
TRACE::2024-10-23.17:43:56::SCWPlatform::Opened new HwDB with name system_wrapper_1
TRACE::2024-10-23.17:43:56::SCWReader::Active system found as  ECE153A_Lab2
TRACE::2024-10-23.17:43:56::SCWReader::Handling sysconfig ECE153A_Lab2
TRACE::2024-10-23.17:43:56::SCWDomain::checking for install qemu data   : 
TRACE::2024-10-23.17:43:56::SCWPlatform::Trying to open the hw design at C:/Users/ryand/OneDrive/Documents/Xilinx/ECE153A/Vitis/ECE153a_Lab1/ECE153A_Lab2/hw/system_wrapper.xsa
TRACE::2024-10-23.17:43:56::SCWPlatform::DSA given C:/Users/ryand/OneDrive/Documents/Xilinx/ECE153A/Vitis/ECE153a_Lab1/ECE153A_Lab2/hw/system_wrapper.xsa
TRACE::2024-10-23.17:43:56::SCWPlatform::DSA absoulate path C:/Users/ryand/OneDrive/Documents/Xilinx/ECE153A/Vitis/ECE153a_Lab1/ECE153A_Lab2/hw/system_wrapper.xsa
TRACE::2024-10-23.17:43:56::SCWPlatform::DSA directory C:/Users/ryand/OneDrive/Documents/Xilinx/ECE153A/Vitis/ECE153a_Lab1/ECE153A_Lab2/hw
TRACE::2024-10-23.17:43:56::SCWPlatform:: Platform Path C:/Users/ryand/OneDrive/Documents/Xilinx/ECE153A/Vitis/ECE153a_Lab1/ECE153A_Lab2/hw/system_wrapper.xsa
TRACE::2024-10-23.17:43:56::SCWPlatform:: Unique name xilinx:::0.0
TRACE::2024-10-23.17:43:56::SCWPlatform::Trying to set the existing hwdb with name system_wrapper_1
TRACE::2024-10-23.17:43:56::SCWPlatform::Opened existing hwdb system_wrapper_1
TRACE::2024-10-23.17:43:56::SCWPlatform::Found the Hw Db part of the input DSA
TRACE::2024-10-23.17:43:56::SCWPlatform::Trying to open the hw design at C:/Users/ryand/OneDrive/Documents/Xilinx/ECE153A/Vitis/ECE153a_Lab1/ECE153A_Lab2/hw/system_wrapper.xsa
TRACE::2024-10-23.17:43:56::SCWPlatform::DSA given C:/Users/ryand/OneDrive/Documents/Xilinx/ECE153A/Vitis/ECE153a_Lab1/ECE153A_Lab2/hw/system_wrapper.xsa
TRACE::2024-10-23.17:43:56::SCWPlatform::DSA absoulate path C:/Users/ryand/OneDrive/Documents/Xilinx/ECE153A/Vitis/ECE153a_Lab1/ECE153A_Lab2/hw/system_wrapper.xsa
TRACE::2024-10-23.17:43:56::SCWPlatform::DSA directory C:/Users/ryand/OneDrive/Documents/Xilinx/ECE153A/Vitis/ECE153a_Lab1/ECE153A_Lab2/hw
TRACE::2024-10-23.17:43:56::SCWPlatform:: Platform Path C:/Users/ryand/OneDrive/Documents/Xilinx/ECE153A/Vitis/ECE153a_Lab1/ECE153A_Lab2/hw/system_wrapper.xsa
TRACE::2024-10-23.17:43:56::SCWPlatform:: Unique name xilinx:::0.0
TRACE::2024-10-23.17:43:56::SCWPlatform::Trying to set the existing hwdb with name system_wrapper_1
TRACE::2024-10-23.17:43:56::SCWPlatform::Opened existing hwdb system_wrapper_1
TRACE::2024-10-23.17:43:56::SCWPlatform::Found the Hw Db part of the input DSA
TRACE::2024-10-23.17:43:56::SCWPlatform::Trying to open the hw design at C:/Users/ryand/OneDrive/Documents/Xilinx/ECE153A/Vitis/ECE153a_Lab1/ECE153A_Lab2/hw/system_wrapper.xsa
TRACE::2024-10-23.17:43:56::SCWPlatform::DSA given C:/Users/ryand/OneDrive/Documents/Xilinx/ECE153A/Vitis/ECE153a_Lab1/ECE153A_Lab2/hw/system_wrapper.xsa
TRACE::2024-10-23.17:43:56::SCWPlatform::DSA absoulate path C:/Users/ryand/OneDrive/Documents/Xilinx/ECE153A/Vitis/ECE153a_Lab1/ECE153A_Lab2/hw/system_wrapper.xsa
TRACE::2024-10-23.17:43:56::SCWPlatform::DSA directory C:/Users/ryand/OneDrive/Documents/Xilinx/ECE153A/Vitis/ECE153a_Lab1/ECE153A_Lab2/hw
TRACE::2024-10-23.17:43:56::SCWPlatform:: Platform Path C:/Users/ryand/OneDrive/Documents/Xilinx/ECE153A/Vitis/ECE153a_Lab1/ECE153A_Lab2/hw/system_wrapper.xsa
TRACE::2024-10-23.17:43:56::SCWPlatform:: Unique name xilinx:::0.0
TRACE::2024-10-23.17:43:56::SCWPlatform::Trying to set the existing hwdb with name system_wrapper_1
TRACE::2024-10-23.17:43:56::SCWPlatform::Opened existing hwdb system_wrapper_1
TRACE::2024-10-23.17:43:56::SCWPlatform::Found the Hw Db part of the input DSA
TRACE::2024-10-23.17:43:56::SCWPlatform::Trying to open the hw design at C:/Users/ryand/OneDrive/Documents/Xilinx/ECE153A/Vitis/ECE153a_Lab1/ECE153A_Lab2/hw/system_wrapper.xsa
TRACE::2024-10-23.17:43:56::SCWPlatform::DSA given C:/Users/ryand/OneDrive/Documents/Xilinx/ECE153A/Vitis/ECE153a_Lab1/ECE153A_Lab2/hw/system_wrapper.xsa
TRACE::2024-10-23.17:43:56::SCWPlatform::DSA absoulate path C:/Users/ryand/OneDrive/Documents/Xilinx/ECE153A/Vitis/ECE153a_Lab1/ECE153A_Lab2/hw/system_wrapper.xsa
TRACE::2024-10-23.17:43:56::SCWPlatform::DSA directory C:/Users/ryand/OneDrive/Documents/Xilinx/ECE153A/Vitis/ECE153a_Lab1/ECE153A_Lab2/hw
TRACE::2024-10-23.17:43:56::SCWPlatform:: Platform Path C:/Users/ryand/OneDrive/Documents/Xilinx/ECE153A/Vitis/ECE153a_Lab1/ECE153A_Lab2/hw/system_wrapper.xsa
TRACE::2024-10-23.17:43:56::SCWPlatform:: Unique name xilinx:::0.0
TRACE::2024-10-23.17:43:56::SCWPlatform::Trying to set the existing hwdb with name system_wrapper_1
TRACE::2024-10-23.17:43:56::SCWPlatform::Opened existing hwdb system_wrapper_1
TRACE::2024-10-23.17:43:56::SCWPlatform::Found the Hw Db part of the input DSA
TRACE::2024-10-23.17:43:56::SCWMssOS::Checking the sw design at  C:/Users/ryand/OneDrive/Documents/Xilinx/ECE153A/Vitis/ECE153a_Lab1/ECE153A_Lab2/microblaze_0/standalone_domain/bsp/system.mss
TRACE::2024-10-23.17:43:56::SCWMssOS::DEBUG:  swdes dump  
TRACE::2024-10-23.17:43:56::SCWMssOS::No sw design opened at  C:/Users/ryand/OneDrive/Documents/Xilinx/ECE153A/Vitis/ECE153a_Lab1/ECE153A_Lab2/microblaze_0/standalone_domain/bsp/system.mss
TRACE::2024-10-23.17:43:56::SCWMssOS::mss exists loading the mss file  C:/Users/ryand/OneDrive/Documents/Xilinx/ECE153A/Vitis/ECE153a_Lab1/ECE153A_Lab2/microblaze_0/standalone_domain/bsp/system.mss
TRACE::2024-10-23.17:43:56::SCWMssOS::Opened the sw design from mss  C:/Users/ryand/OneDrive/Documents/Xilinx/ECE153A/Vitis/ECE153a_Lab1/ECE153A_Lab2/microblaze_0/standalone_domain/bsp/system.mss
TRACE::2024-10-23.17:43:56::SCWMssOS::Adding the swdes entry C:/Users/ryand/OneDrive/Documents/Xilinx/ECE153A/Vitis/ECE153a_Lab1/ECE153A_Lab2/microblaze_0/standalone_domain/bsp/system.mss with des name system
TRACE::2024-10-23.17:43:56::SCWMssOS::updating the scw layer about changes
TRACE::2024-10-23.17:43:56::SCWMssOS::Opened the sw design.  C:/Users/ryand/OneDrive/Documents/Xilinx/ECE153A/Vitis/ECE153a_Lab1/ECE153A_Lab2/microblaze_0/standalone_domain/bsp/system.mss
TRACE::2024-10-23.17:43:56::SCWMssOS::Saving the mss changes C:/Users/ryand/OneDrive/Documents/Xilinx/ECE153A/Vitis/ECE153a_Lab1/ECE153A_Lab2/microblaze_0/standalone_domain/bsp/system.mss
TRACE::2024-10-23.17:43:56::SCWMssOS::Found a swdesign opened with the mssfile.
TRACE::2024-10-23.17:43:56::SCWMssOS::Completed writemss as part of save.
TRACE::2024-10-23.17:43:56::SCWMssOS::Commit changes completed.
TRACE::2024-10-23.17:43:56::SCWReader::Adding prebuilt librarypaths as   
TRACE::2024-10-23.17:43:56::SCWReader::Adding prebuilt incpaths  as   
TRACE::2024-10-23.17:43:56::SCWPlatform::Trying to open the hw design at C:/Users/ryand/OneDrive/Documents/Xilinx/ECE153A/Vitis/ECE153a_Lab1/ECE153A_Lab2/hw/system_wrapper.xsa
TRACE::2024-10-23.17:43:56::SCWPlatform::DSA given C:/Users/ryand/OneDrive/Documents/Xilinx/ECE153A/Vitis/ECE153a_Lab1/ECE153A_Lab2/hw/system_wrapper.xsa
TRACE::2024-10-23.17:43:56::SCWPlatform::DSA absoulate path C:/Users/ryand/OneDrive/Documents/Xilinx/ECE153A/Vitis/ECE153a_Lab1/ECE153A_Lab2/hw/system_wrapper.xsa
TRACE::2024-10-23.17:43:56::SCWPlatform::DSA directory C:/Users/ryand/OneDrive/Documents/Xilinx/ECE153A/Vitis/ECE153a_Lab1/ECE153A_Lab2/hw
TRACE::2024-10-23.17:43:56::SCWPlatform:: Platform Path C:/Users/ryand/OneDrive/Documents/Xilinx/ECE153A/Vitis/ECE153a_Lab1/ECE153A_Lab2/hw/system_wrapper.xsa
TRACE::2024-10-23.17:43:56::SCWPlatform:: Unique name xilinx:::0.0
TRACE::2024-10-23.17:43:56::SCWPlatform::Trying to set the existing hwdb with name system_wrapper_1
TRACE::2024-10-23.17:43:56::SCWPlatform::Opened existing hwdb system_wrapper_1
TRACE::2024-10-23.17:43:56::SCWPlatform::Found the Hw Db part of the input DSA
TRACE::2024-10-23.17:43:56::SCWMssOS::Checking the sw design at  C:/Users/ryand/OneDrive/Documents/Xilinx/ECE153A/Vitis/ECE153a_Lab1/ECE153A_Lab2/microblaze_0/standalone_domain/bsp/system.mss
TRACE::2024-10-23.17:43:56::SCWMssOS::DEBUG:  swdes dump  C:/Users/ryand/OneDrive/Documents/Xilinx/ECE153A/Vitis/ECE153a_Lab1/ECE153A_Lab2/microblaze_0/standalone_domain/bsp/system.mss|system||

TRACE::2024-10-23.17:43:56::SCWMssOS::Sw design exists and opened at  C:/Users/ryand/OneDrive/Documents/Xilinx/ECE153A/Vitis/ECE153a_Lab1/ECE153A_Lab2/microblaze_0/standalone_domain/bsp/system.mss
TRACE::2024-10-23.17:43:56::SCWReader::No isolation master present  
TRACE::2024-10-23.17:44:53::SCWPlatform::Trying to open the hw design at C:/Users/ryand/OneDrive/Documents/Xilinx/ECE153A/Vitis/ECE153a_Lab1/ECE153A_Lab2/hw/system_wrapper.xsa
TRACE::2024-10-23.17:44:53::SCWPlatform::DSA given C:/Users/ryand/OneDrive/Documents/Xilinx/ECE153A/Vitis/ECE153a_Lab1/ECE153A_Lab2/hw/system_wrapper.xsa
TRACE::2024-10-23.17:44:53::SCWPlatform::DSA absoulate path C:/Users/ryand/OneDrive/Documents/Xilinx/ECE153A/Vitis/ECE153a_Lab1/ECE153A_Lab2/hw/system_wrapper.xsa
TRACE::2024-10-23.17:44:53::SCWPlatform::DSA directory C:/Users/ryand/OneDrive/Documents/Xilinx/ECE153A/Vitis/ECE153a_Lab1/ECE153A_Lab2/hw
TRACE::2024-10-23.17:44:53::SCWPlatform:: Platform Path C:/Users/ryand/OneDrive/Documents/Xilinx/ECE153A/Vitis/ECE153a_Lab1/ECE153A_Lab2/hw/system_wrapper.xsa
TRACE::2024-10-23.17:44:53::SCWPlatform:: Unique name xilinx:::0.0
TRACE::2024-10-23.17:44:53::SCWPlatform::Trying to set the existing hwdb with name system_wrapper_1
TRACE::2024-10-23.17:44:53::SCWPlatform::Opened existing hwdb system_wrapper_1
TRACE::2024-10-23.17:44:53::SCWPlatform::Found the Hw Db part of the input DSA
TRACE::2024-10-23.17:44:53::SCWMssOS::Checking the sw design at  C:/Users/ryand/OneDrive/Documents/Xilinx/ECE153A/Vitis/ECE153a_Lab1/ECE153A_Lab2/microblaze_0/standalone_domain/bsp/system.mss
TRACE::2024-10-23.17:44:53::SCWMssOS::DEBUG:  swdes dump  C:/Users/ryand/OneDrive/Documents/Xilinx/ECE153A/Vitis/ECE153a_Lab1/ECE153A_Lab2/microblaze_0/standalone_domain/bsp/system.mss|system||

TRACE::2024-10-23.17:44:53::SCWMssOS::Sw design exists and opened at  C:/Users/ryand/OneDrive/Documents/Xilinx/ECE153A/Vitis/ECE153a_Lab1/ECE153A_Lab2/microblaze_0/standalone_domain/bsp/system.mss
TRACE::2024-10-23.17:44:54::SCWMssOS::In reload Mss file.
TRACE::2024-10-23.17:44:54::SCWPlatform::Trying to open the hw design at C:/Users/ryand/OneDrive/Documents/Xilinx/ECE153A/Vitis/ECE153a_Lab1/ECE153A_Lab2/hw/system_wrapper.xsa
TRACE::2024-10-23.17:44:54::SCWPlatform::DSA given C:/Users/ryand/OneDrive/Documents/Xilinx/ECE153A/Vitis/ECE153a_Lab1/ECE153A_Lab2/hw/system_wrapper.xsa
TRACE::2024-10-23.17:44:54::SCWPlatform::DSA absoulate path C:/Users/ryand/OneDrive/Documents/Xilinx/ECE153A/Vitis/ECE153a_Lab1/ECE153A_Lab2/hw/system_wrapper.xsa
TRACE::2024-10-23.17:44:54::SCWPlatform::DSA directory C:/Users/ryand/OneDrive/Documents/Xilinx/ECE153A/Vitis/ECE153a_Lab1/ECE153A_Lab2/hw
TRACE::2024-10-23.17:44:54::SCWPlatform:: Platform Path C:/Users/ryand/OneDrive/Documents/Xilinx/ECE153A/Vitis/ECE153a_Lab1/ECE153A_Lab2/hw/system_wrapper.xsa
TRACE::2024-10-23.17:44:54::SCWPlatform:: Unique name xilinx:::0.0
TRACE::2024-10-23.17:44:54::SCWPlatform::Trying to set the existing hwdb with name system_wrapper_1
TRACE::2024-10-23.17:44:54::SCWPlatform::Opened existing hwdb system_wrapper_1
TRACE::2024-10-23.17:44:54::SCWPlatform::Found the Hw Db part of the input DSA
TRACE::2024-10-23.17:44:54::SCWMssOS::Checking the sw design at  C:/Users/ryand/OneDrive/Documents/Xilinx/ECE153A/Vitis/ECE153a_Lab1/ECE153A_Lab2/microblaze_0/standalone_domain/bsp/system.mss
TRACE::2024-10-23.17:44:54::SCWMssOS::DEBUG:  swdes dump  
TRACE::2024-10-23.17:44:54::SCWMssOS::No sw design opened at  C:/Users/ryand/OneDrive/Documents/Xilinx/ECE153A/Vitis/ECE153a_Lab1/ECE153A_Lab2/microblaze_0/standalone_domain/bsp/system.mss
TRACE::2024-10-23.17:44:54::SCWMssOS::mss exists loading the mss file  C:/Users/ryand/OneDrive/Documents/Xilinx/ECE153A/Vitis/ECE153a_Lab1/ECE153A_Lab2/microblaze_0/standalone_domain/bsp/system.mss
TRACE::2024-10-23.17:44:54::SCWMssOS::Opened the sw design from mss  C:/Users/ryand/OneDrive/Documents/Xilinx/ECE153A/Vitis/ECE153a_Lab1/ECE153A_Lab2/microblaze_0/standalone_domain/bsp/system.mss
TRACE::2024-10-23.17:44:54::SCWMssOS::Adding the swdes entry C:/Users/ryand/OneDrive/Documents/Xilinx/ECE153A/Vitis/ECE153a_Lab1/ECE153A_Lab2/microblaze_0/standalone_domain/bsp/system.mss with des name system
TRACE::2024-10-23.17:44:54::SCWMssOS::updating the scw layer about changes
TRACE::2024-10-23.17:44:54::SCWMssOS::Opened the sw design.  C:/Users/ryand/OneDrive/Documents/Xilinx/ECE153A/Vitis/ECE153a_Lab1/ECE153A_Lab2/microblaze_0/standalone_domain/bsp/system.mss
TRACE::2024-10-23.17:44:54::SCWMssOS::Saving the mss changes C:/Users/ryand/OneDrive/Documents/Xilinx/ECE153A/Vitis/ECE153a_Lab1/ECE153A_Lab2/microblaze_0/standalone_domain/bsp/system.mss
TRACE::2024-10-23.17:44:54::SCWMssOS::Found a swdesign opened with the mssfile.
TRACE::2024-10-23.17:44:54::SCWMssOS::Completed writemss as part of save.
TRACE::2024-10-23.17:44:54::SCWMssOS::Commit changes completed.
TRACE::2024-10-23.17:44:54::SCWPlatform::Trying to open the hw design at C:/Users/ryand/OneDrive/Documents/Xilinx/ECE153A/Vitis/ECE153a_Lab1/ECE153A_Lab2/hw/system_wrapper.xsa
TRACE::2024-10-23.17:44:54::SCWPlatform::DSA given C:/Users/ryand/OneDrive/Documents/Xilinx/ECE153A/Vitis/ECE153a_Lab1/ECE153A_Lab2/hw/system_wrapper.xsa
TRACE::2024-10-23.17:44:54::SCWPlatform::DSA absoulate path C:/Users/ryand/OneDrive/Documents/Xilinx/ECE153A/Vitis/ECE153a_Lab1/ECE153A_Lab2/hw/system_wrapper.xsa
TRACE::2024-10-23.17:44:54::SCWPlatform::DSA directory C:/Users/ryand/OneDrive/Documents/Xilinx/ECE153A/Vitis/ECE153a_Lab1/ECE153A_Lab2/hw
TRACE::2024-10-23.17:44:54::SCWPlatform:: Platform Path C:/Users/ryand/OneDrive/Documents/Xilinx/ECE153A/Vitis/ECE153a_Lab1/ECE153A_Lab2/hw/system_wrapper.xsa
TRACE::2024-10-23.17:44:54::SCWPlatform:: Unique name xilinx:::0.0
TRACE::2024-10-23.17:44:54::SCWPlatform::Trying to set the existing hwdb with name system_wrapper_1
TRACE::2024-10-23.17:44:54::SCWPlatform::Opened existing hwdb system_wrapper_1
TRACE::2024-10-23.17:44:54::SCWPlatform::Found the Hw Db part of the input DSA
TRACE::2024-10-23.17:44:54::SCWMssOS::Checking the sw design at  C:/Users/ryand/OneDrive/Documents/Xilinx/ECE153A/Vitis/ECE153a_Lab1/ECE153A_Lab2/microblaze_0/standalone_domain/bsp/system.mss
TRACE::2024-10-23.17:44:54::SCWMssOS::DEBUG:  swdes dump  C:/Users/ryand/OneDrive/Documents/Xilinx/ECE153A/Vitis/ECE153a_Lab1/ECE153A_Lab2/microblaze_0/standalone_domain/bsp/system.mss|system||

TRACE::2024-10-23.17:44:54::SCWMssOS::Sw design exists and opened at  C:/Users/ryand/OneDrive/Documents/Xilinx/ECE153A/Vitis/ECE153a_Lab1/ECE153A_Lab2/microblaze_0/standalone_domain/bsp/system.mss
TRACE::2024-10-23.17:44:54::SCWMssOS::Removing the swdes entry for  C:/Users/ryand/OneDrive/Documents/Xilinx/ECE153A/Vitis/ECE153a_Lab1/ECE153A_Lab2/microblaze_0/standalone_domain/bsp/system.mss
TRACE::2024-10-23.17:44:55::SCWPlatform::Trying to open the hw design at C:/Users/ryand/OneDrive/Documents/Xilinx/ECE153A/Vitis/ECE153a_Lab1/ECE153A_Lab2/hw/system_wrapper.xsa
TRACE::2024-10-23.17:44:55::SCWPlatform::DSA given C:/Users/ryand/OneDrive/Documents/Xilinx/ECE153A/Vitis/ECE153a_Lab1/ECE153A_Lab2/hw/system_wrapper.xsa
TRACE::2024-10-23.17:44:55::SCWPlatform::DSA absoulate path C:/Users/ryand/OneDrive/Documents/Xilinx/ECE153A/Vitis/ECE153a_Lab1/ECE153A_Lab2/hw/system_wrapper.xsa
TRACE::2024-10-23.17:44:55::SCWPlatform::DSA directory C:/Users/ryand/OneDrive/Documents/Xilinx/ECE153A/Vitis/ECE153a_Lab1/ECE153A_Lab2/hw
TRACE::2024-10-23.17:44:55::SCWPlatform:: Platform Path C:/Users/ryand/OneDrive/Documents/Xilinx/ECE153A/Vitis/ECE153a_Lab1/ECE153A_Lab2/hw/system_wrapper.xsa
TRACE::2024-10-23.17:44:55::SCWPlatform:: Unique name xilinx:::0.0
TRACE::2024-10-23.17:44:55::SCWPlatform::Trying to set the existing hwdb with name system_wrapper_1
TRACE::2024-10-23.17:44:55::SCWPlatform::Opened existing hwdb system_wrapper_1
TRACE::2024-10-23.17:44:55::SCWPlatform::Found the Hw Db part of the input DSA
TRACE::2024-10-23.17:44:55::SCWMssOS::Checking the sw design at  C:/Users/ryand/OneDrive/Documents/Xilinx/ECE153A/Vitis/ECE153a_Lab1/ECE153A_Lab2/microblaze_0/standalone_domain/bsp/system.mss
TRACE::2024-10-23.17:44:55::SCWMssOS::DEBUG:  swdes dump  
TRACE::2024-10-23.17:44:55::SCWMssOS::No sw design opened at  C:/Users/ryand/OneDrive/Documents/Xilinx/ECE153A/Vitis/ECE153a_Lab1/ECE153A_Lab2/microblaze_0/standalone_domain/bsp/system.mss
TRACE::2024-10-23.17:44:55::SCWMssOS::mss exists loading the mss file  C:/Users/ryand/OneDrive/Documents/Xilinx/ECE153A/Vitis/ECE153a_Lab1/ECE153A_Lab2/microblaze_0/standalone_domain/bsp/system.mss
TRACE::2024-10-23.17:44:55::SCWMssOS::Opened the sw design from mss  C:/Users/ryand/OneDrive/Documents/Xilinx/ECE153A/Vitis/ECE153a_Lab1/ECE153A_Lab2/microblaze_0/standalone_domain/bsp/system.mss
TRACE::2024-10-23.17:44:55::SCWMssOS::Adding the swdes entry C:/Users/ryand/OneDrive/Documents/Xilinx/ECE153A/Vitis/ECE153a_Lab1/ECE153A_Lab2/microblaze_0/standalone_domain/bsp/system.mss with des name system
TRACE::2024-10-23.17:44:55::SCWMssOS::updating the scw layer about changes
TRACE::2024-10-23.17:44:55::SCWMssOS::Opened the sw design.  C:/Users/ryand/OneDrive/Documents/Xilinx/ECE153A/Vitis/ECE153a_Lab1/ECE153A_Lab2/microblaze_0/standalone_domain/bsp/system.mss
TRACE::2024-10-23.17:45:12::SCWPlatform::Trying to open the hw design at C:/Users/ryand/OneDrive/Documents/Xilinx/ECE153A/Vitis/ECE153a_Lab1/ECE153A_Lab2/hw/system_wrapper.xsa
TRACE::2024-10-23.17:45:12::SCWPlatform::DSA given C:/Users/ryand/OneDrive/Documents/Xilinx/ECE153A/Vitis/ECE153a_Lab1/ECE153A_Lab2/hw/system_wrapper.xsa
TRACE::2024-10-23.17:45:12::SCWPlatform::DSA absoulate path C:/Users/ryand/OneDrive/Documents/Xilinx/ECE153A/Vitis/ECE153a_Lab1/ECE153A_Lab2/hw/system_wrapper.xsa
TRACE::2024-10-23.17:45:12::SCWPlatform::DSA directory C:/Users/ryand/OneDrive/Documents/Xilinx/ECE153A/Vitis/ECE153a_Lab1/ECE153A_Lab2/hw
TRACE::2024-10-23.17:45:12::SCWPlatform:: Platform Path C:/Users/ryand/OneDrive/Documents/Xilinx/ECE153A/Vitis/ECE153a_Lab1/ECE153A_Lab2/hw/system_wrapper.xsa
TRACE::2024-10-23.17:45:12::SCWPlatform:: Unique name xilinx:::0.0
TRACE::2024-10-23.17:45:12::SCWPlatform::Trying to set the existing hwdb with name system_wrapper_1
TRACE::2024-10-23.17:45:12::SCWPlatform::Opened existing hwdb system_wrapper_1
TRACE::2024-10-23.17:45:12::SCWPlatform::Found the Hw Db part of the input DSA
TRACE::2024-10-23.17:45:12::SCWMssOS::Checking the sw design at  C:/Users/ryand/OneDrive/Documents/Xilinx/ECE153A/Vitis/ECE153a_Lab1/ECE153A_Lab2/microblaze_0/standalone_domain/bsp/system.mss
TRACE::2024-10-23.17:45:12::SCWMssOS::DEBUG:  swdes dump  C:/Users/ryand/OneDrive/Documents/Xilinx/ECE153A/Vitis/ECE153a_Lab1/ECE153A_Lab2/microblaze_0/standalone_domain/bsp/system.mss|system||

TRACE::2024-10-23.17:45:12::SCWMssOS::Sw design exists and opened at  C:/Users/ryand/OneDrive/Documents/Xilinx/ECE153A/Vitis/ECE153a_Lab1/ECE153A_Lab2/microblaze_0/standalone_domain/bsp/system.mss
TRACE::2024-10-23.17:45:12::SCWMssOS::Saving the mss changes C:/Users/ryand/OneDrive/Documents/Xilinx/ECE153A/Vitis/ECE153a_Lab1/ECE153A_Lab2/microblaze_0/standalone_domain/bsp/system.mss
TRACE::2024-10-23.17:45:12::SCWMssOS::Found a swdesign opened with the mssfile.
TRACE::2024-10-23.17:45:12::SCWMssOS::Completed writemss as part of save.
TRACE::2024-10-23.17:45:12::SCWMssOS::Commit changes completed.
TRACE::2024-10-23.17:45:12::SCWPlatform::Trying to open the hw design at C:/Users/ryand/OneDrive/Documents/Xilinx/ECE153A/Vitis/ECE153a_Lab1/ECE153A_Lab2/hw/system_wrapper.xsa
TRACE::2024-10-23.17:45:12::SCWPlatform::DSA given C:/Users/ryand/OneDrive/Documents/Xilinx/ECE153A/Vitis/ECE153a_Lab1/ECE153A_Lab2/hw/system_wrapper.xsa
TRACE::2024-10-23.17:45:12::SCWPlatform::DSA absoulate path C:/Users/ryand/OneDrive/Documents/Xilinx/ECE153A/Vitis/ECE153a_Lab1/ECE153A_Lab2/hw/system_wrapper.xsa
TRACE::2024-10-23.17:45:12::SCWPlatform::DSA directory C:/Users/ryand/OneDrive/Documents/Xilinx/ECE153A/Vitis/ECE153a_Lab1/ECE153A_Lab2/hw
TRACE::2024-10-23.17:45:12::SCWPlatform:: Platform Path C:/Users/ryand/OneDrive/Documents/Xilinx/ECE153A/Vitis/ECE153a_Lab1/ECE153A_Lab2/hw/system_wrapper.xsa
TRACE::2024-10-23.17:45:12::SCWPlatform:: Unique name xilinx:::0.0
TRACE::2024-10-23.17:45:12::SCWPlatform::Trying to set the existing hwdb with name system_wrapper_1
TRACE::2024-10-23.17:45:12::SCWPlatform::Opened existing hwdb system_wrapper_1
TRACE::2024-10-23.17:45:12::SCWPlatform::Found the Hw Db part of the input DSA
TRACE::2024-10-23.17:45:12::SCWMssOS::Checking the sw design at  C:/Users/ryand/OneDrive/Documents/Xilinx/ECE153A/Vitis/ECE153a_Lab1/ECE153A_Lab2/microblaze_0/standalone_domain/bsp/system.mss
TRACE::2024-10-23.17:45:12::SCWMssOS::DEBUG:  swdes dump  C:/Users/ryand/OneDrive/Documents/Xilinx/ECE153A/Vitis/ECE153a_Lab1/ECE153A_Lab2/microblaze_0/standalone_domain/bsp/system.mss|system||

TRACE::2024-10-23.17:45:12::SCWMssOS::Sw design exists and opened at  C:/Users/ryand/OneDrive/Documents/Xilinx/ECE153A/Vitis/ECE153a_Lab1/ECE153A_Lab2/microblaze_0/standalone_domain/bsp/system.mss
TRACE::2024-10-23.17:45:12::SCWWriter::formatted JSON is {
	"platformName":	"ECE153A_Lab2",
	"sprVersion":	"2.0",
	"mode":	"gui",
	"dsaType":	"Fixed",
	"platformDesc":	"ECE153A_Lab2",
	"platHandOff":	"C:/Users/ryand/OneDrive/Documents/Xilinx/ECE153A/Vivado/ECE_153A_Lab2/system_wrapper.xsa",
	"platIntHandOff":	"<platformDir>/hw/system_wrapper.xsa",
	"deviceType":	"FPGA",
	"platIsPrebuiltAutogen":	"false",
	"platIsNoBootBsp":	"false",
	"hasFsblMakeHasChanges":	"false",
	"hasPmufwMakeHasChanges":	"false",
	"platPreBuiltFlag":	false,
	"platformSamplesDir":	"",
	"platActiveSys":	"ECE153A_Lab2",
	"systems":	[{
			"systemName":	"ECE153A_Lab2",
			"systemDesc":	"ECE153A_Lab2",
			"sysIsBootAutoGen":	"true",
			"systemDispName":	"ECE153A_Lab2",
			"sysActiveDom":	"standalone_domain",
			"sysDefaultDom":	"standalone_domain",
			"domains":	[{
					"domainName":	"standalone_domain",
					"domainDispName":	"standalone on microblaze_0",
					"domainDesc":	"standalone_domain",
					"processors":	"microblaze_0",
					"os":	"standalone",
					"sdxOs":	"standalone",
					"debugEnable":	"False",
					"domRuntimes":	["cpp"],
					"swRepo":	"",
					"mssOsVer":	"7.7",
					"mssFile":	"",
					"md5Digest":	"a81c1ae732d4395aafba8ca2598dad86",
					"compatibleApp":	"",
					"domType":	"mssDomain",
					"arch":	"32-bit",
					"appSettings":	{
						"appCompilerFlags":	"",
						"appLinkerFlags":	""
					},
					"addedLibs":	[],
					"libOptions":	{
						"libsContainingOptions":	[]
					},
					"changedDrivers":	{
						"sevenSeg_0":	"generic:3.0",
						"changedCells":	["sevenSeg_0"]
					},
					"prebuiltLibs":	{
						"prebuiltIncPath":	[],
						"prebuiltLibPath":	[]
					},
					"isolation":	{
					}
				}]
		}]
}
TRACE::2024-10-23.17:45:12::SCWMssOS::Saving the mss changes C:/Users/ryand/OneDrive/Documents/Xilinx/ECE153A/Vitis/ECE153a_Lab1/ECE153A_Lab2/microblaze_0/standalone_domain/bsp/system.mss
TRACE::2024-10-23.17:45:12::SCWMssOS::Found a swdesign opened with the mssfile.
TRACE::2024-10-23.17:45:12::SCWMssOS::Completed writemss as part of save.
TRACE::2024-10-23.17:45:12::SCWMssOS::Commit changes completed.
TRACE::2024-10-23.17:45:12::SCWPlatform::Trying to open the hw design at C:/Users/ryand/OneDrive/Documents/Xilinx/ECE153A/Vitis/ECE153a_Lab1/ECE153A_Lab2/hw/system_wrapper.xsa
TRACE::2024-10-23.17:45:12::SCWPlatform::DSA given C:/Users/ryand/OneDrive/Documents/Xilinx/ECE153A/Vitis/ECE153a_Lab1/ECE153A_Lab2/hw/system_wrapper.xsa
TRACE::2024-10-23.17:45:12::SCWPlatform::DSA absoulate path C:/Users/ryand/OneDrive/Documents/Xilinx/ECE153A/Vitis/ECE153a_Lab1/ECE153A_Lab2/hw/system_wrapper.xsa
TRACE::2024-10-23.17:45:12::SCWPlatform::DSA directory C:/Users/ryand/OneDrive/Documents/Xilinx/ECE153A/Vitis/ECE153a_Lab1/ECE153A_Lab2/hw
TRACE::2024-10-23.17:45:12::SCWPlatform:: Platform Path C:/Users/ryand/OneDrive/Documents/Xilinx/ECE153A/Vitis/ECE153a_Lab1/ECE153A_Lab2/hw/system_wrapper.xsa
TRACE::2024-10-23.17:45:12::SCWPlatform:: Unique name xilinx:::0.0
TRACE::2024-10-23.17:45:12::SCWPlatform::Trying to set the existing hwdb with name system_wrapper_1
TRACE::2024-10-23.17:45:12::SCWPlatform::Opened existing hwdb system_wrapper_1
TRACE::2024-10-23.17:45:12::SCWPlatform::Found the Hw Db part of the input DSA
TRACE::2024-10-23.17:45:12::SCWMssOS::Checking the sw design at  C:/Users/ryand/OneDrive/Documents/Xilinx/ECE153A/Vitis/ECE153a_Lab1/ECE153A_Lab2/microblaze_0/standalone_domain/bsp/system.mss
TRACE::2024-10-23.17:45:12::SCWMssOS::DEBUG:  swdes dump  C:/Users/ryand/OneDrive/Documents/Xilinx/ECE153A/Vitis/ECE153a_Lab1/ECE153A_Lab2/microblaze_0/standalone_domain/bsp/system.mss|system||

TRACE::2024-10-23.17:45:12::SCWMssOS::Sw design exists and opened at  C:/Users/ryand/OneDrive/Documents/Xilinx/ECE153A/Vitis/ECE153a_Lab1/ECE153A_Lab2/microblaze_0/standalone_domain/bsp/system.mss
TRACE::2024-10-23.17:45:12::SCWMssOS::Removing the swdes entry for  C:/Users/ryand/OneDrive/Documents/Xilinx/ECE153A/Vitis/ECE153a_Lab1/ECE153A_Lab2/microblaze_0/standalone_domain/bsp/system.mss
TRACE::2024-10-23.17:45:13::SCWMssOS::In reload Mss file.
TRACE::2024-10-23.17:45:13::SCWPlatform::Trying to open the hw design at C:/Users/ryand/OneDrive/Documents/Xilinx/ECE153A/Vitis/ECE153a_Lab1/ECE153A_Lab2/hw/system_wrapper.xsa
TRACE::2024-10-23.17:45:13::SCWPlatform::DSA given C:/Users/ryand/OneDrive/Documents/Xilinx/ECE153A/Vitis/ECE153a_Lab1/ECE153A_Lab2/hw/system_wrapper.xsa
TRACE::2024-10-23.17:45:13::SCWPlatform::DSA absoulate path C:/Users/ryand/OneDrive/Documents/Xilinx/ECE153A/Vitis/ECE153a_Lab1/ECE153A_Lab2/hw/system_wrapper.xsa
TRACE::2024-10-23.17:45:13::SCWPlatform::DSA directory C:/Users/ryand/OneDrive/Documents/Xilinx/ECE153A/Vitis/ECE153a_Lab1/ECE153A_Lab2/hw
TRACE::2024-10-23.17:45:13::SCWPlatform:: Platform Path C:/Users/ryand/OneDrive/Documents/Xilinx/ECE153A/Vitis/ECE153a_Lab1/ECE153A_Lab2/hw/system_wrapper.xsa
TRACE::2024-10-23.17:45:13::SCWPlatform:: Unique name xilinx:::0.0
TRACE::2024-10-23.17:45:13::SCWPlatform::Trying to set the existing hwdb with name system_wrapper_1
TRACE::2024-10-23.17:45:13::SCWPlatform::Opened existing hwdb system_wrapper_1
TRACE::2024-10-23.17:45:13::SCWPlatform::Found the Hw Db part of the input DSA
TRACE::2024-10-23.17:45:13::SCWMssOS::Checking the sw design at  C:/Users/ryand/OneDrive/Documents/Xilinx/ECE153A/Vitis/ECE153a_Lab1/ECE153A_Lab2/microblaze_0/standalone_domain/bsp/system.mss
TRACE::2024-10-23.17:45:13::SCWMssOS::DEBUG:  swdes dump  
TRACE::2024-10-23.17:45:13::SCWMssOS::No sw design opened at  C:/Users/ryand/OneDrive/Documents/Xilinx/ECE153A/Vitis/ECE153a_Lab1/ECE153A_Lab2/microblaze_0/standalone_domain/bsp/system.mss
TRACE::2024-10-23.17:45:13::SCWMssOS::mss exists loading the mss file  C:/Users/ryand/OneDrive/Documents/Xilinx/ECE153A/Vitis/ECE153a_Lab1/ECE153A_Lab2/microblaze_0/standalone_domain/bsp/system.mss
TRACE::2024-10-23.17:45:13::SCWMssOS::Opened the sw design from mss  C:/Users/ryand/OneDrive/Documents/Xilinx/ECE153A/Vitis/ECE153a_Lab1/ECE153A_Lab2/microblaze_0/standalone_domain/bsp/system.mss
TRACE::2024-10-23.17:45:13::SCWMssOS::Adding the swdes entry C:/Users/ryand/OneDrive/Documents/Xilinx/ECE153A/Vitis/ECE153a_Lab1/ECE153A_Lab2/microblaze_0/standalone_domain/bsp/system.mss with des name system
TRACE::2024-10-23.17:45:13::SCWMssOS::updating the scw layer about changes
TRACE::2024-10-23.17:45:13::SCWMssOS::Opened the sw design.  C:/Users/ryand/OneDrive/Documents/Xilinx/ECE153A/Vitis/ECE153a_Lab1/ECE153A_Lab2/microblaze_0/standalone_domain/bsp/system.mss
TRACE::2024-10-23.17:45:13::SCWPlatform::Trying to open the hw design at C:/Users/ryand/OneDrive/Documents/Xilinx/ECE153A/Vitis/ECE153a_Lab1/ECE153A_Lab2/hw/system_wrapper.xsa
TRACE::2024-10-23.17:45:13::SCWPlatform::DSA given C:/Users/ryand/OneDrive/Documents/Xilinx/ECE153A/Vitis/ECE153a_Lab1/ECE153A_Lab2/hw/system_wrapper.xsa
TRACE::2024-10-23.17:45:13::SCWPlatform::DSA absoulate path C:/Users/ryand/OneDrive/Documents/Xilinx/ECE153A/Vitis/ECE153a_Lab1/ECE153A_Lab2/hw/system_wrapper.xsa
TRACE::2024-10-23.17:45:13::SCWPlatform::DSA directory C:/Users/ryand/OneDrive/Documents/Xilinx/ECE153A/Vitis/ECE153a_Lab1/ECE153A_Lab2/hw
TRACE::2024-10-23.17:45:13::SCWPlatform:: Platform Path C:/Users/ryand/OneDrive/Documents/Xilinx/ECE153A/Vitis/ECE153a_Lab1/ECE153A_Lab2/hw/system_wrapper.xsa
TRACE::2024-10-23.17:45:13::SCWPlatform:: Unique name xilinx:::0.0
TRACE::2024-10-23.17:45:13::SCWPlatform::Trying to set the existing hwdb with name system_wrapper_1
TRACE::2024-10-23.17:45:13::SCWPlatform::Opened existing hwdb system_wrapper_1
TRACE::2024-10-23.17:45:13::SCWPlatform::Found the Hw Db part of the input DSA
TRACE::2024-10-23.17:45:13::SCWMssOS::Checking the sw design at  C:/Users/ryand/OneDrive/Documents/Xilinx/ECE153A/Vitis/ECE153a_Lab1/ECE153A_Lab2/microblaze_0/standalone_domain/bsp/system.mss
TRACE::2024-10-23.17:45:13::SCWMssOS::DEBUG:  swdes dump  C:/Users/ryand/OneDrive/Documents/Xilinx/ECE153A/Vitis/ECE153a_Lab1/ECE153A_Lab2/microblaze_0/standalone_domain/bsp/system.mss|system||

TRACE::2024-10-23.17:45:13::SCWMssOS::Sw design exists and opened at  C:/Users/ryand/OneDrive/Documents/Xilinx/ECE153A/Vitis/ECE153a_Lab1/ECE153A_Lab2/microblaze_0/standalone_domain/bsp/system.mss
TRACE::2024-10-23.17:45:13::SCWMssOS::Saving the mss changes C:/Users/ryand/OneDrive/Documents/Xilinx/ECE153A/Vitis/ECE153a_Lab1/ECE153A_Lab2/microblaze_0/standalone_domain/bsp/system.mss
TRACE::2024-10-23.17:45:13::SCWMssOS::Found a swdesign opened with the mssfile.
TRACE::2024-10-23.17:45:13::SCWMssOS::Completed writemss as part of save.
TRACE::2024-10-23.17:45:13::SCWMssOS::Commit changes completed.
TRACE::2024-10-23.17:45:13::SCWPlatform::Trying to open the hw design at C:/Users/ryand/OneDrive/Documents/Xilinx/ECE153A/Vitis/ECE153a_Lab1/ECE153A_Lab2/hw/system_wrapper.xsa
TRACE::2024-10-23.17:45:13::SCWPlatform::DSA given C:/Users/ryand/OneDrive/Documents/Xilinx/ECE153A/Vitis/ECE153a_Lab1/ECE153A_Lab2/hw/system_wrapper.xsa
TRACE::2024-10-23.17:45:13::SCWPlatform::DSA absoulate path C:/Users/ryand/OneDrive/Documents/Xilinx/ECE153A/Vitis/ECE153a_Lab1/ECE153A_Lab2/hw/system_wrapper.xsa
TRACE::2024-10-23.17:45:13::SCWPlatform::DSA directory C:/Users/ryand/OneDrive/Documents/Xilinx/ECE153A/Vitis/ECE153a_Lab1/ECE153A_Lab2/hw
TRACE::2024-10-23.17:45:13::SCWPlatform:: Platform Path C:/Users/ryand/OneDrive/Documents/Xilinx/ECE153A/Vitis/ECE153a_Lab1/ECE153A_Lab2/hw/system_wrapper.xsa
TRACE::2024-10-23.17:45:13::SCWPlatform:: Unique name xilinx:::0.0
TRACE::2024-10-23.17:45:13::SCWPlatform::Trying to set the existing hwdb with name system_wrapper_1
TRACE::2024-10-23.17:45:13::SCWPlatform::Opened existing hwdb system_wrapper_1
TRACE::2024-10-23.17:45:13::SCWPlatform::Found the Hw Db part of the input DSA
TRACE::2024-10-23.17:45:13::SCWMssOS::Checking the sw design at  C:/Users/ryand/OneDrive/Documents/Xilinx/ECE153A/Vitis/ECE153a_Lab1/ECE153A_Lab2/microblaze_0/standalone_domain/bsp/system.mss
TRACE::2024-10-23.17:45:13::SCWMssOS::DEBUG:  swdes dump  C:/Users/ryand/OneDrive/Documents/Xilinx/ECE153A/Vitis/ECE153a_Lab1/ECE153A_Lab2/microblaze_0/standalone_domain/bsp/system.mss|system||

TRACE::2024-10-23.17:45:13::SCWMssOS::Sw design exists and opened at  C:/Users/ryand/OneDrive/Documents/Xilinx/ECE153A/Vitis/ECE153a_Lab1/ECE153A_Lab2/microblaze_0/standalone_domain/bsp/system.mss
TRACE::2024-10-23.17:45:13::SCWMssOS::Removing the swdes entry for  C:/Users/ryand/OneDrive/Documents/Xilinx/ECE153A/Vitis/ECE153a_Lab1/ECE153A_Lab2/microblaze_0/standalone_domain/bsp/system.mss
TRACE::2024-10-23.17:45:13::SCWPlatform::Trying to open the hw design at C:/Users/ryand/OneDrive/Documents/Xilinx/ECE153A/Vitis/ECE153a_Lab1/ECE153A_Lab2/hw/system_wrapper.xsa
TRACE::2024-10-23.17:45:13::SCWPlatform::DSA given C:/Users/ryand/OneDrive/Documents/Xilinx/ECE153A/Vitis/ECE153a_Lab1/ECE153A_Lab2/hw/system_wrapper.xsa
TRACE::2024-10-23.17:45:13::SCWPlatform::DSA absoulate path C:/Users/ryand/OneDrive/Documents/Xilinx/ECE153A/Vitis/ECE153a_Lab1/ECE153A_Lab2/hw/system_wrapper.xsa
TRACE::2024-10-23.17:45:13::SCWPlatform::DSA directory C:/Users/ryand/OneDrive/Documents/Xilinx/ECE153A/Vitis/ECE153a_Lab1/ECE153A_Lab2/hw
TRACE::2024-10-23.17:45:13::SCWPlatform:: Platform Path C:/Users/ryand/OneDrive/Documents/Xilinx/ECE153A/Vitis/ECE153a_Lab1/ECE153A_Lab2/hw/system_wrapper.xsa
TRACE::2024-10-23.17:45:13::SCWPlatform:: Unique name xilinx:::0.0
TRACE::2024-10-23.17:45:13::SCWPlatform::Trying to set the existing hwdb with name system_wrapper_1
TRACE::2024-10-23.17:45:13::SCWPlatform::Opened existing hwdb system_wrapper_1
TRACE::2024-10-23.17:45:13::SCWPlatform::Found the Hw Db part of the input DSA
TRACE::2024-10-23.17:45:13::SCWMssOS::Checking the sw design at  C:/Users/ryand/OneDrive/Documents/Xilinx/ECE153A/Vitis/ECE153a_Lab1/ECE153A_Lab2/microblaze_0/standalone_domain/bsp/system.mss
TRACE::2024-10-23.17:45:13::SCWMssOS::DEBUG:  swdes dump  
TRACE::2024-10-23.17:45:13::SCWMssOS::No sw design opened at  C:/Users/ryand/OneDrive/Documents/Xilinx/ECE153A/Vitis/ECE153a_Lab1/ECE153A_Lab2/microblaze_0/standalone_domain/bsp/system.mss
TRACE::2024-10-23.17:45:13::SCWMssOS::mss exists loading the mss file  C:/Users/ryand/OneDrive/Documents/Xilinx/ECE153A/Vitis/ECE153a_Lab1/ECE153A_Lab2/microblaze_0/standalone_domain/bsp/system.mss
TRACE::2024-10-23.17:45:13::SCWMssOS::Opened the sw design from mss  C:/Users/ryand/OneDrive/Documents/Xilinx/ECE153A/Vitis/ECE153a_Lab1/ECE153A_Lab2/microblaze_0/standalone_domain/bsp/system.mss
TRACE::2024-10-23.17:45:13::SCWMssOS::Adding the swdes entry C:/Users/ryand/OneDrive/Documents/Xilinx/ECE153A/Vitis/ECE153a_Lab1/ECE153A_Lab2/microblaze_0/standalone_domain/bsp/system.mss with des name system
TRACE::2024-10-23.17:45:13::SCWMssOS::updating the scw layer about changes
TRACE::2024-10-23.17:45:13::SCWMssOS::Opened the sw design.  C:/Users/ryand/OneDrive/Documents/Xilinx/ECE153A/Vitis/ECE153a_Lab1/ECE153A_Lab2/microblaze_0/standalone_domain/bsp/system.mss
TRACE::2024-10-23.17:45:13::SCWMssOS::Completed writing the mss file at C:/Users/ryand/OneDrive/Documents/Xilinx/ECE153A/Vitis/ECE153a_Lab1/ECE153A_Lab2/microblaze_0/standalone_domain/bsp
TRACE::2024-10-23.17:45:13::SCWMssOS::Forcing BSP Sources regeneration.
TRACE::2024-10-23.17:48:33::SCWPlatform::Trying to open the hw design at C:/Users/ryand/OneDrive/Documents/Xilinx/ECE153A/Vitis/ECE153a_Lab1/ECE153A_Lab2/hw/system_wrapper.xsa
TRACE::2024-10-23.17:48:33::SCWPlatform::DSA given C:/Users/ryand/OneDrive/Documents/Xilinx/ECE153A/Vitis/ECE153a_Lab1/ECE153A_Lab2/hw/system_wrapper.xsa
TRACE::2024-10-23.17:48:33::SCWPlatform::DSA absoulate path C:/Users/ryand/OneDrive/Documents/Xilinx/ECE153A/Vitis/ECE153a_Lab1/ECE153A_Lab2/hw/system_wrapper.xsa
TRACE::2024-10-23.17:48:33::SCWPlatform::DSA directory C:/Users/ryand/OneDrive/Documents/Xilinx/ECE153A/Vitis/ECE153a_Lab1/ECE153A_Lab2/hw
TRACE::2024-10-23.17:48:33::SCWPlatform:: Platform Path C:/Users/ryand/OneDrive/Documents/Xilinx/ECE153A/Vitis/ECE153a_Lab1/ECE153A_Lab2/hw/system_wrapper.xsa
TRACE::2024-10-23.17:48:33::SCWPlatform:: Unique name xilinx:::0.0
TRACE::2024-10-23.17:48:33::SCWPlatform::Trying to set the existing hwdb with name system_wrapper_1
TRACE::2024-10-23.17:48:33::SCWPlatform::Opened existing hwdb system_wrapper_1
TRACE::2024-10-23.17:48:33::SCWPlatform::Found the Hw Db part of the input DSA
TRACE::2024-10-23.17:48:33::SCWDomain::checking for install qemu data   : 
TRACE::2024-10-23.17:48:33::SCWPlatform::Trying to open the hw design at C:/Users/ryand/OneDrive/Documents/Xilinx/ECE153A/Vitis/ECE153a_Lab1/ECE153A_Lab2/hw/system_wrapper.xsa
TRACE::2024-10-23.17:48:33::SCWPlatform::DSA given C:/Users/ryand/OneDrive/Documents/Xilinx/ECE153A/Vitis/ECE153a_Lab1/ECE153A_Lab2/hw/system_wrapper.xsa
TRACE::2024-10-23.17:48:33::SCWPlatform::DSA absoulate path C:/Users/ryand/OneDrive/Documents/Xilinx/ECE153A/Vitis/ECE153a_Lab1/ECE153A_Lab2/hw/system_wrapper.xsa
TRACE::2024-10-23.17:48:33::SCWPlatform::DSA directory C:/Users/ryand/OneDrive/Documents/Xilinx/ECE153A/Vitis/ECE153a_Lab1/ECE153A_Lab2/hw
TRACE::2024-10-23.17:48:33::SCWPlatform:: Platform Path C:/Users/ryand/OneDrive/Documents/Xilinx/ECE153A/Vitis/ECE153a_Lab1/ECE153A_Lab2/hw/system_wrapper.xsa
TRACE::2024-10-23.17:48:33::SCWPlatform:: Unique name xilinx:::0.0
TRACE::2024-10-23.17:48:33::SCWPlatform::Trying to set the existing hwdb with name system_wrapper_1
TRACE::2024-10-23.17:48:33::SCWPlatform::Opened existing hwdb system_wrapper_1
TRACE::2024-10-23.17:48:33::SCWPlatform::Found the Hw Db part of the input DSA
TRACE::2024-10-23.17:48:33::SCWPlatform::Trying to open the hw design at C:/Users/ryand/OneDrive/Documents/Xilinx/ECE153A/Vitis/ECE153a_Lab1/ECE153A_Lab2/hw/system_wrapper.xsa
TRACE::2024-10-23.17:48:33::SCWPlatform::DSA given C:/Users/ryand/OneDrive/Documents/Xilinx/ECE153A/Vitis/ECE153a_Lab1/ECE153A_Lab2/hw/system_wrapper.xsa
TRACE::2024-10-23.17:48:33::SCWPlatform::DSA absoulate path C:/Users/ryand/OneDrive/Documents/Xilinx/ECE153A/Vitis/ECE153a_Lab1/ECE153A_Lab2/hw/system_wrapper.xsa
TRACE::2024-10-23.17:48:33::SCWPlatform::DSA directory C:/Users/ryand/OneDrive/Documents/Xilinx/ECE153A/Vitis/ECE153a_Lab1/ECE153A_Lab2/hw
TRACE::2024-10-23.17:48:33::SCWPlatform:: Platform Path C:/Users/ryand/OneDrive/Documents/Xilinx/ECE153A/Vitis/ECE153a_Lab1/ECE153A_Lab2/hw/system_wrapper.xsa
TRACE::2024-10-23.17:48:33::SCWPlatform:: Unique name xilinx:::0.0
TRACE::2024-10-23.17:48:33::SCWPlatform::Trying to set the existing hwdb with name system_wrapper_1
TRACE::2024-10-23.17:48:33::SCWPlatform::Opened existing hwdb system_wrapper_1
TRACE::2024-10-23.17:48:33::SCWPlatform::Found the Hw Db part of the input DSA
TRACE::2024-10-23.17:48:33::SCWPlatform::Trying to open the hw design at C:/Users/ryand/OneDrive/Documents/Xilinx/ECE153A/Vitis/ECE153a_Lab1/ECE153A_Lab2/hw/system_wrapper.xsa
TRACE::2024-10-23.17:48:33::SCWPlatform::DSA given C:/Users/ryand/OneDrive/Documents/Xilinx/ECE153A/Vitis/ECE153a_Lab1/ECE153A_Lab2/hw/system_wrapper.xsa
TRACE::2024-10-23.17:48:33::SCWPlatform::DSA absoulate path C:/Users/ryand/OneDrive/Documents/Xilinx/ECE153A/Vitis/ECE153a_Lab1/ECE153A_Lab2/hw/system_wrapper.xsa
TRACE::2024-10-23.17:48:33::SCWPlatform::DSA directory C:/Users/ryand/OneDrive/Documents/Xilinx/ECE153A/Vitis/ECE153a_Lab1/ECE153A_Lab2/hw
TRACE::2024-10-23.17:48:33::SCWPlatform:: Platform Path C:/Users/ryand/OneDrive/Documents/Xilinx/ECE153A/Vitis/ECE153a_Lab1/ECE153A_Lab2/hw/system_wrapper.xsa
TRACE::2024-10-23.17:48:33::SCWPlatform:: Unique name xilinx:::0.0
TRACE::2024-10-23.17:48:33::SCWPlatform::Trying to set the existing hwdb with name system_wrapper_1
TRACE::2024-10-23.17:48:33::SCWPlatform::Opened existing hwdb system_wrapper_1
TRACE::2024-10-23.17:48:33::SCWPlatform::Found the Hw Db part of the input DSA
TRACE::2024-10-23.17:48:33::SCWMssOS::Checking the sw design at  C:/Users/ryand/OneDrive/Documents/Xilinx/ECE153A/Vitis/ECE153a_Lab1/ECE153A_Lab2/microblaze_0/standalone_microblaze_0/bsp/system.mss
TRACE::2024-10-23.17:48:33::SCWMssOS::DEBUG:  swdes dump  C:/Users/ryand/OneDrive/Documents/Xilinx/ECE153A/Vitis/ECE153a_Lab1/ECE153a_Lab1/microblaze_0/standalone_domain/bsp/system.mss|system||

TRACE::2024-10-23.17:48:33::SCWMssOS::No sw design opened at  C:/Users/ryand/OneDrive/Documents/Xilinx/ECE153A/Vitis/ECE153a_Lab1/ECE153A_Lab2/microblaze_0/standalone_microblaze_0/bsp/system.mss
TRACE::2024-10-23.17:48:33::SCWMssOS::mss does not exists at C:/Users/ryand/OneDrive/Documents/Xilinx/ECE153A/Vitis/ECE153a_Lab1/ECE153A_Lab2/microblaze_0/standalone_microblaze_0/bsp/system.mss
TRACE::2024-10-23.17:48:33::SCWMssOS::Creating sw design at  C:/Users/ryand/OneDrive/Documents/Xilinx/ECE153A/Vitis/ECE153a_Lab1/ECE153A_Lab2/microblaze_0/standalone_microblaze_0/bsp/system.mss
TRACE::2024-10-23.17:48:33::SCWMssOS::Adding the swdes entry, created swdb C:/Users/ryand/OneDrive/Documents/Xilinx/ECE153A/Vitis/ECE153a_Lab1/ECE153A_Lab2/microblaze_0/standalone_microblaze_0/bsp/system.mss with des name C:/Users/ryand/OneDrive/Documents/Xilinx/ECE153A/Vitis/ECE153a_Lab1/ECE153A_Lab2/microblaze_0/standalone_microblaze_0/bsp/system.mss
TRACE::2024-10-23.17:48:33::SCWMssOS::updating the scw layer changes to swdes at   C:/Users/ryand/OneDrive/Documents/Xilinx/ECE153A/Vitis/ECE153a_Lab1/ECE153A_Lab2/microblaze_0/standalone_microblaze_0/bsp/system.mss
TRACE::2024-10-23.17:48:33::SCWMssOS::Writing mss at C:/Users/ryand/OneDrive/Documents/Xilinx/ECE153A/Vitis/ECE153a_Lab1/ECE153A_Lab2/microblaze_0/standalone_microblaze_0/bsp/system.mss
TRACE::2024-10-23.17:48:33::SCWMssOS::Completed writing the mss file at C:/Users/ryand/OneDrive/Documents/Xilinx/ECE153A/Vitis/ECE153a_Lab1/ECE153A_Lab2/microblaze_0/standalone_microblaze_0/bsp
TRACE::2024-10-23.17:48:33::SCWMssOS::Picking up changes from newly written mss file into SCW Layer. 
TRACE::2024-10-23.17:48:33::SCWMssOS::Updated the changes from newly written mss file into SCW Layer. 
TRACE::2024-10-23.17:48:33::SCWMssOS::Completed writing the mss file at C:/Users/ryand/OneDrive/Documents/Xilinx/ECE153A/Vitis/ECE153a_Lab1/ECE153A_Lab2/microblaze_0/standalone_microblaze_0/bsp
TRACE::2024-10-23.17:48:33::SCWMssOS::Forcing BSP Sources regeneration.
TRACE::2024-10-23.17:48:38::SCWMssOS::Saving the mss changes C:/Users/ryand/OneDrive/Documents/Xilinx/ECE153A/Vitis/ECE153a_Lab1/ECE153A_Lab2/microblaze_0/standalone_domain/bsp/system.mss
TRACE::2024-10-23.17:48:38::SCWMssOS::Adding the swdes entry, mss present, able to open swdb C:/Users/ryand/OneDrive/Documents/Xilinx/ECE153A/Vitis/ECE153a_Lab1/ECE153A_Lab2/microblaze_0/standalone_domain/bsp/system.mss with des name system_0
TRACE::2024-10-23.17:48:38::SCWMssOS::Writing the mss file completed C:/Users/ryand/OneDrive/Documents/Xilinx/ECE153A/Vitis/ECE153a_Lab1/ECE153A_Lab2/microblaze_0/standalone_domain/bsp/system.mss
TRACE::2024-10-23.17:48:38::SCWMssOS::Commit changes completed.
TRACE::2024-10-23.17:48:38::SCWMssOS::Saving the mss changes C:/Users/ryand/OneDrive/Documents/Xilinx/ECE153A/Vitis/ECE153a_Lab1/ECE153A_Lab2/microblaze_0/standalone_microblaze_0/bsp/system.mss
TRACE::2024-10-23.17:48:38::SCWMssOS::Adding the swdes entry, mss present, able to open swdb C:/Users/ryand/OneDrive/Documents/Xilinx/ECE153A/Vitis/ECE153a_Lab1/ECE153A_Lab2/microblaze_0/standalone_microblaze_0/bsp/system.mss with des name system_1
TRACE::2024-10-23.17:48:38::SCWMssOS::Writing the mss file completed C:/Users/ryand/OneDrive/Documents/Xilinx/ECE153A/Vitis/ECE153a_Lab1/ECE153A_Lab2/microblaze_0/standalone_microblaze_0/bsp/system.mss
TRACE::2024-10-23.17:48:38::SCWMssOS::Commit changes completed.
TRACE::2024-10-23.17:48:38::SCWPlatform::Trying to open the hw design at C:/Users/ryand/OneDrive/Documents/Xilinx/ECE153A/Vitis/ECE153a_Lab1/ECE153A_Lab2/hw/system_wrapper.xsa
TRACE::2024-10-23.17:48:38::SCWPlatform::DSA given C:/Users/ryand/OneDrive/Documents/Xilinx/ECE153A/Vitis/ECE153a_Lab1/ECE153A_Lab2/hw/system_wrapper.xsa
TRACE::2024-10-23.17:48:38::SCWPlatform::DSA absoulate path C:/Users/ryand/OneDrive/Documents/Xilinx/ECE153A/Vitis/ECE153a_Lab1/ECE153A_Lab2/hw/system_wrapper.xsa
TRACE::2024-10-23.17:48:38::SCWPlatform::DSA directory C:/Users/ryand/OneDrive/Documents/Xilinx/ECE153A/Vitis/ECE153a_Lab1/ECE153A_Lab2/hw
TRACE::2024-10-23.17:48:38::SCWPlatform:: Platform Path C:/Users/ryand/OneDrive/Documents/Xilinx/ECE153A/Vitis/ECE153a_Lab1/ECE153A_Lab2/hw/system_wrapper.xsa
TRACE::2024-10-23.17:48:38::SCWPlatform:: Unique name xilinx:::0.0
TRACE::2024-10-23.17:48:38::SCWPlatform::Trying to set the existing hwdb with name system_wrapper_1
TRACE::2024-10-23.17:48:38::SCWPlatform::Opened existing hwdb system_wrapper_1
TRACE::2024-10-23.17:48:38::SCWPlatform::Found the Hw Db part of the input DSA
TRACE::2024-10-23.17:48:38::SCWMssOS::Checking the sw design at  C:/Users/ryand/OneDrive/Documents/Xilinx/ECE153A/Vitis/ECE153a_Lab1/ECE153A_Lab2/microblaze_0/standalone_domain/bsp/system.mss
TRACE::2024-10-23.17:48:38::SCWMssOS::DEBUG:  swdes dump  C:/Users/ryand/OneDrive/Documents/Xilinx/ECE153A/Vitis/ECE153a_Lab1/ECE153A_Lab2/microblaze_0/standalone_domain/bsp/system.mss|system_0||
C:/Users/ryand/OneDrive/Documents/Xilinx/ECE153A/Vitis/ECE153a_Lab1/ECE153A_Lab2/microblaze_0/standalone_microblaze_0/bsp/system.mss|system_1||
C:/Users/ryand/OneDrive/Documents/Xilinx/ECE153A/Vitis/ECE153a_Lab1/ECE153a_Lab1/microblaze_0/standalone_domain/bsp/system.mss|system||

TRACE::2024-10-23.17:48:38::SCWMssOS::Sw design exists and opened at  C:/Users/ryand/OneDrive/Documents/Xilinx/ECE153A/Vitis/ECE153a_Lab1/ECE153A_Lab2/microblaze_0/standalone_domain/bsp/system.mss
TRACE::2024-10-23.17:48:38::SCWPlatform::Trying to open the hw design at C:/Users/ryand/OneDrive/Documents/Xilinx/ECE153A/Vitis/ECE153a_Lab1/ECE153A_Lab2/hw/system_wrapper.xsa
TRACE::2024-10-23.17:48:38::SCWPlatform::DSA given C:/Users/ryand/OneDrive/Documents/Xilinx/ECE153A/Vitis/ECE153a_Lab1/ECE153A_Lab2/hw/system_wrapper.xsa
TRACE::2024-10-23.17:48:38::SCWPlatform::DSA absoulate path C:/Users/ryand/OneDrive/Documents/Xilinx/ECE153A/Vitis/ECE153a_Lab1/ECE153A_Lab2/hw/system_wrapper.xsa
TRACE::2024-10-23.17:48:38::SCWPlatform::DSA directory C:/Users/ryand/OneDrive/Documents/Xilinx/ECE153A/Vitis/ECE153a_Lab1/ECE153A_Lab2/hw
TRACE::2024-10-23.17:48:38::SCWPlatform:: Platform Path C:/Users/ryand/OneDrive/Documents/Xilinx/ECE153A/Vitis/ECE153a_Lab1/ECE153A_Lab2/hw/system_wrapper.xsa
TRACE::2024-10-23.17:48:38::SCWPlatform:: Unique name xilinx:::0.0
TRACE::2024-10-23.17:48:38::SCWPlatform::Trying to set the existing hwdb with name system_wrapper_1
TRACE::2024-10-23.17:48:38::SCWPlatform::Opened existing hwdb system_wrapper_1
TRACE::2024-10-23.17:48:38::SCWPlatform::Found the Hw Db part of the input DSA
TRACE::2024-10-23.17:48:38::SCWMssOS::Checking the sw design at  C:/Users/ryand/OneDrive/Documents/Xilinx/ECE153A/Vitis/ECE153a_Lab1/ECE153A_Lab2/microblaze_0/standalone_microblaze_0/bsp/system.mss
TRACE::2024-10-23.17:48:38::SCWMssOS::DEBUG:  swdes dump  C:/Users/ryand/OneDrive/Documents/Xilinx/ECE153A/Vitis/ECE153a_Lab1/ECE153A_Lab2/microblaze_0/standalone_domain/bsp/system.mss|system_0||
C:/Users/ryand/OneDrive/Documents/Xilinx/ECE153A/Vitis/ECE153a_Lab1/ECE153A_Lab2/microblaze_0/standalone_microblaze_0/bsp/system.mss|system_1||
C:/Users/ryand/OneDrive/Documents/Xilinx/ECE153A/Vitis/ECE153a_Lab1/ECE153a_Lab1/microblaze_0/standalone_domain/bsp/system.mss|system||

TRACE::2024-10-23.17:48:38::SCWMssOS::Sw design exists and opened at  C:/Users/ryand/OneDrive/Documents/Xilinx/ECE153A/Vitis/ECE153a_Lab1/ECE153A_Lab2/microblaze_0/standalone_microblaze_0/bsp/system.mss
TRACE::2024-10-23.17:48:38::SCWPlatform::Trying to open the hw design at C:/Users/ryand/OneDrive/Documents/Xilinx/ECE153A/Vitis/ECE153a_Lab1/ECE153A_Lab2/hw/system_wrapper.xsa
TRACE::2024-10-23.17:48:38::SCWPlatform::DSA given C:/Users/ryand/OneDrive/Documents/Xilinx/ECE153A/Vitis/ECE153a_Lab1/ECE153A_Lab2/hw/system_wrapper.xsa
TRACE::2024-10-23.17:48:38::SCWPlatform::DSA absoulate path C:/Users/ryand/OneDrive/Documents/Xilinx/ECE153A/Vitis/ECE153a_Lab1/ECE153A_Lab2/hw/system_wrapper.xsa
TRACE::2024-10-23.17:48:38::SCWPlatform::DSA directory C:/Users/ryand/OneDrive/Documents/Xilinx/ECE153A/Vitis/ECE153a_Lab1/ECE153A_Lab2/hw
TRACE::2024-10-23.17:48:38::SCWPlatform:: Platform Path C:/Users/ryand/OneDrive/Documents/Xilinx/ECE153A/Vitis/ECE153a_Lab1/ECE153A_Lab2/hw/system_wrapper.xsa
TRACE::2024-10-23.17:48:38::SCWPlatform:: Unique name xilinx:::0.0
TRACE::2024-10-23.17:48:38::SCWPlatform::Trying to set the existing hwdb with name system_wrapper_1
TRACE::2024-10-23.17:48:38::SCWPlatform::Opened existing hwdb system_wrapper_1
TRACE::2024-10-23.17:48:38::SCWPlatform::Found the Hw Db part of the input DSA
TRACE::2024-10-23.17:48:38::SCWMssOS::Checking the sw design at  C:/Users/ryand/OneDrive/Documents/Xilinx/ECE153A/Vitis/ECE153a_Lab1/ECE153A_Lab2/microblaze_0/standalone_microblaze_0/bsp/system.mss
TRACE::2024-10-23.17:48:38::SCWMssOS::DEBUG:  swdes dump  C:/Users/ryand/OneDrive/Documents/Xilinx/ECE153A/Vitis/ECE153a_Lab1/ECE153A_Lab2/microblaze_0/standalone_domain/bsp/system.mss|system_0||
C:/Users/ryand/OneDrive/Documents/Xilinx/ECE153A/Vitis/ECE153a_Lab1/ECE153A_Lab2/microblaze_0/standalone_microblaze_0/bsp/system.mss|system_1||
C:/Users/ryand/OneDrive/Documents/Xilinx/ECE153A/Vitis/ECE153a_Lab1/ECE153a_Lab1/microblaze_0/standalone_domain/bsp/system.mss|system||

TRACE::2024-10-23.17:48:38::SCWMssOS::Sw design exists and opened at  C:/Users/ryand/OneDrive/Documents/Xilinx/ECE153A/Vitis/ECE153a_Lab1/ECE153A_Lab2/microblaze_0/standalone_microblaze_0/bsp/system.mss
TRACE::2024-10-23.17:48:38::SCWPlatform::Trying to open the hw design at C:/Users/ryand/OneDrive/Documents/Xilinx/ECE153A/Vitis/ECE153a_Lab1/ECE153A_Lab2/hw/system_wrapper.xsa
TRACE::2024-10-23.17:48:38::SCWPlatform::DSA given C:/Users/ryand/OneDrive/Documents/Xilinx/ECE153A/Vitis/ECE153a_Lab1/ECE153A_Lab2/hw/system_wrapper.xsa
TRACE::2024-10-23.17:48:38::SCWPlatform::DSA absoulate path C:/Users/ryand/OneDrive/Documents/Xilinx/ECE153A/Vitis/ECE153a_Lab1/ECE153A_Lab2/hw/system_wrapper.xsa
TRACE::2024-10-23.17:48:38::SCWPlatform::DSA directory C:/Users/ryand/OneDrive/Documents/Xilinx/ECE153A/Vitis/ECE153a_Lab1/ECE153A_Lab2/hw
TRACE::2024-10-23.17:48:38::SCWPlatform:: Platform Path C:/Users/ryand/OneDrive/Documents/Xilinx/ECE153A/Vitis/ECE153a_Lab1/ECE153A_Lab2/hw/system_wrapper.xsa
TRACE::2024-10-23.17:48:38::SCWPlatform:: Unique name xilinx:::0.0
TRACE::2024-10-23.17:48:38::SCWPlatform::Trying to set the existing hwdb with name system_wrapper_1
TRACE::2024-10-23.17:48:38::SCWPlatform::Opened existing hwdb system_wrapper_1
TRACE::2024-10-23.17:48:38::SCWPlatform::Found the Hw Db part of the input DSA
TRACE::2024-10-23.17:48:38::SCWMssOS::Checking the sw design at  C:/Users/ryand/OneDrive/Documents/Xilinx/ECE153A/Vitis/ECE153a_Lab1/ECE153A_Lab2/microblaze_0/standalone_microblaze_0/bsp/system.mss
TRACE::2024-10-23.17:48:38::SCWMssOS::DEBUG:  swdes dump  C:/Users/ryand/OneDrive/Documents/Xilinx/ECE153A/Vitis/ECE153a_Lab1/ECE153A_Lab2/microblaze_0/standalone_domain/bsp/system.mss|system_0||
C:/Users/ryand/OneDrive/Documents/Xilinx/ECE153A/Vitis/ECE153a_Lab1/ECE153A_Lab2/microblaze_0/standalone_microblaze_0/bsp/system.mss|system_1||
C:/Users/ryand/OneDrive/Documents/Xilinx/ECE153A/Vitis/ECE153a_Lab1/ECE153a_Lab1/microblaze_0/standalone_domain/bsp/system.mss|system||

TRACE::2024-10-23.17:48:38::SCWMssOS::Sw design exists and opened at  C:/Users/ryand/OneDrive/Documents/Xilinx/ECE153A/Vitis/ECE153a_Lab1/ECE153A_Lab2/microblaze_0/standalone_microblaze_0/bsp/system.mss
TRACE::2024-10-23.17:48:38::SCWWriter::formatted JSON is {
	"platformName":	"ECE153A_Lab2",
	"sprVersion":	"2.0",
	"mode":	"gui",
	"dsaType":	"Fixed",
	"platformDesc":	"ECE153A_Lab2",
	"platHandOff":	"C:/Users/ryand/OneDrive/Documents/Xilinx/ECE153A/Vivado/ECE_153A_Lab2/system_wrapper.xsa",
	"platIntHandOff":	"<platformDir>/hw/system_wrapper.xsa",
	"deviceType":	"FPGA",
	"platIsPrebuiltAutogen":	"false",
	"platIsNoBootBsp":	"false",
	"hasFsblMakeHasChanges":	"false",
	"hasPmufwMakeHasChanges":	"false",
	"platPreBuiltFlag":	false,
	"platformSamplesDir":	"",
	"platActiveSys":	"ECE153A_Lab2",
	"systems":	[{
			"systemName":	"ECE153A_Lab2",
			"systemDesc":	"ECE153A_Lab2",
			"sysIsBootAutoGen":	"true",
			"systemDispName":	"ECE153A_Lab2",
			"sysActiveDom":	"standalone_microblaze_0",
			"sysDefaultDom":	"standalone_microblaze_0",
			"domains":	[{
					"domainName":	"standalone_domain",
					"domainDispName":	"standalone on microblaze_0",
					"domainDesc":	"standalone_domain",
					"processors":	"microblaze_0",
					"os":	"standalone",
					"sdxOs":	"standalone",
					"debugEnable":	"False",
					"domRuntimes":	["cpp"],
					"swRepo":	"",
					"mssOsVer":	"7.7",
					"mssFile":	"",
					"md5Digest":	"d1ce4974d99fcaad63c46033b36a65aa",
					"compatibleApp":	"",
					"domType":	"mssDomain",
					"arch":	"32-bit",
					"appSettings":	{
						"appCompilerFlags":	"",
						"appLinkerFlags":	""
					},
					"addedLibs":	[],
					"libOptions":	{
						"libsContainingOptions":	[]
					},
					"changedDrivers":	{
						"sevenSeg_0":	"generic:3.0",
						"changedCells":	["sevenSeg_0"]
					},
					"prebuiltLibs":	{
						"prebuiltIncPath":	[],
						"prebuiltLibPath":	[]
					},
					"isolation":	{
					}
				}, {
					"domainName":	"standalone_microblaze_0",
					"domainDispName":	"standalone_microblaze_0",
					"domainDesc":	"standalone_microblaze_0",
					"processors":	"microblaze_0",
					"os":	"standalone",
					"sdxOs":	"standalone",
					"debugEnable":	"False",
					"domRuntimes":	["cpp"],
					"swRepo":	"",
					"mssOsVer":	"7.7",
					"mssFile":	"",
					"md5Digest":	"a81c1ae732d4395aafba8ca2598dad86",
					"compatibleApp":	"hello_world",
					"domType":	"mssDomain",
					"arch":	"32-bit",
					"appSettings":	{
						"appCompilerFlags":	"",
						"appLinkerFlags":	""
					},
					"addedLibs":	[],
					"libOptions":	{
						"libsContainingOptions":	[]
					},
					"prebuiltLibs":	{
						"prebuiltIncPath":	[],
						"prebuiltLibPath":	[]
					},
					"isolation":	{
					}
				}]
		}]
}
LOG::2024-10-23.17:48:38::SCWPlatform::Started generating the artifacts platform ECE153A_Lab2
TRACE::2024-10-23.17:48:38::SCWPlatform::Sanity checking of platform is completed
LOG::2024-10-23.17:48:38::SCWPlatform::Started generating the artifacts for system configuration ECE153A_Lab2
LOG::2024-10-23.17:48:38::SCWSystem::Checking the domain standalone_domain
LOG::2024-10-23.17:48:38::SCWSystem::Not a boot domain 
LOG::2024-10-23.17:48:38::SCWSystem::Checking the domain standalone_microblaze_0
LOG::2024-10-23.17:48:38::SCWSystem::Not a boot domain 
LOG::2024-10-23.17:48:38::SCWSystem::Started Processing the domain standalone_domain
TRACE::2024-10-23.17:48:38::SCWDomain::Generating domain artifcats
TRACE::2024-10-23.17:48:38::SCWMssOS::Generating standalone artifcats
TRACE::2024-10-23.17:48:38::SCWMssOS:: Copying the user libraries. 
TRACE::2024-10-23.17:48:38::SCWPlatform::Trying to open the hw design at C:/Users/ryand/OneDrive/Documents/Xilinx/ECE153A/Vitis/ECE153a_Lab1/ECE153A_Lab2/hw/system_wrapper.xsa
TRACE::2024-10-23.17:48:38::SCWPlatform::DSA given C:/Users/ryand/OneDrive/Documents/Xilinx/ECE153A/Vitis/ECE153a_Lab1/ECE153A_Lab2/hw/system_wrapper.xsa
TRACE::2024-10-23.17:48:38::SCWPlatform::DSA absoulate path C:/Users/ryand/OneDrive/Documents/Xilinx/ECE153A/Vitis/ECE153a_Lab1/ECE153A_Lab2/hw/system_wrapper.xsa
TRACE::2024-10-23.17:48:38::SCWPlatform::DSA directory C:/Users/ryand/OneDrive/Documents/Xilinx/ECE153A/Vitis/ECE153a_Lab1/ECE153A_Lab2/hw
TRACE::2024-10-23.17:48:38::SCWPlatform:: Platform Path C:/Users/ryand/OneDrive/Documents/Xilinx/ECE153A/Vitis/ECE153a_Lab1/ECE153A_Lab2/hw/system_wrapper.xsa
TRACE::2024-10-23.17:48:38::SCWPlatform:: Unique name xilinx:::0.0
TRACE::2024-10-23.17:48:38::SCWPlatform::Trying to set the existing hwdb with name system_wrapper_1
TRACE::2024-10-23.17:48:38::SCWPlatform::Opened existing hwdb system_wrapper_1
TRACE::2024-10-23.17:48:38::SCWPlatform::Found the Hw Db part of the input DSA
TRACE::2024-10-23.17:48:38::SCWMssOS::Checking the sw design at  C:/Users/ryand/OneDrive/Documents/Xilinx/ECE153A/Vitis/ECE153a_Lab1/ECE153A_Lab2/microblaze_0/standalone_domain/bsp/system.mss
TRACE::2024-10-23.17:48:38::SCWMssOS::DEBUG:  swdes dump  C:/Users/ryand/OneDrive/Documents/Xilinx/ECE153A/Vitis/ECE153a_Lab1/ECE153A_Lab2/microblaze_0/standalone_domain/bsp/system.mss|system_0||
C:/Users/ryand/OneDrive/Documents/Xilinx/ECE153A/Vitis/ECE153a_Lab1/ECE153A_Lab2/microblaze_0/standalone_microblaze_0/bsp/system.mss|system_1||
C:/Users/ryand/OneDrive/Documents/Xilinx/ECE153A/Vitis/ECE153a_Lab1/ECE153a_Lab1/microblaze_0/standalone_domain/bsp/system.mss|system||

TRACE::2024-10-23.17:48:38::SCWMssOS::Sw design exists and opened at  C:/Users/ryand/OneDrive/Documents/Xilinx/ECE153A/Vitis/ECE153a_Lab1/ECE153A_Lab2/microblaze_0/standalone_domain/bsp/system.mss
TRACE::2024-10-23.17:48:38::SCWMssOS::Completed writing the mss file at C:/Users/ryand/OneDrive/Documents/Xilinx/ECE153A/Vitis/ECE153a_Lab1/ECE153A_Lab2/microblaze_0/standalone_domain/bsp
TRACE::2024-10-23.17:48:38::SCWMssOS::Mss edits present, copying mssfile into export location C:/Users/ryand/OneDrive/Documents/Xilinx/ECE153A/Vitis/ECE153a_Lab1/ECE153A_Lab2/microblaze_0/standalone_domain/bsp/system.mss
TRACE::2024-10-23.17:48:38::SCWMssOS::bsp generated is upto date with the mss file. Skipping bsp generation.
TRACE::2024-10-23.17:48:38::SCWMssOS::BSP is already built. skipping the bsp build ... 
TRACE::2024-10-23.17:48:38::SCWDomain::Skipping the build for domain :  standalone_domain
TRACE::2024-10-23.17:48:38::SCWMssOS::skipping the bsp build ... 
TRACE::2024-10-23.17:48:38::SCWMssOS::Copying to export directory.
TRACE::2024-10-23.17:48:38::SCWMssOS:: Checking if to create the Supporting Applications
TRACE::2024-10-23.17:48:38::SCWMssOS:: No Linux domain exists, trying to generate FSBL 
LOG::2024-10-23.17:48:38::SCWSystem::Completed Processing the domain standalone_domain
LOG::2024-10-23.17:48:38::SCWSystem::Started Processing the domain standalone_microblaze_0
TRACE::2024-10-23.17:48:38::SCWDomain::Generating domain artifcats
TRACE::2024-10-23.17:48:38::SCWMssOS::Generating standalone artifcats
TRACE::2024-10-23.17:48:38::SCWMssOS:: Copying the user libraries. 
TRACE::2024-10-23.17:48:38::SCWPlatform::Trying to open the hw design at C:/Users/ryand/OneDrive/Documents/Xilinx/ECE153A/Vitis/ECE153a_Lab1/ECE153A_Lab2/hw/system_wrapper.xsa
TRACE::2024-10-23.17:48:38::SCWPlatform::DSA given C:/Users/ryand/OneDrive/Documents/Xilinx/ECE153A/Vitis/ECE153a_Lab1/ECE153A_Lab2/hw/system_wrapper.xsa
TRACE::2024-10-23.17:48:38::SCWPlatform::DSA absoulate path C:/Users/ryand/OneDrive/Documents/Xilinx/ECE153A/Vitis/ECE153a_Lab1/ECE153A_Lab2/hw/system_wrapper.xsa
TRACE::2024-10-23.17:48:38::SCWPlatform::DSA directory C:/Users/ryand/OneDrive/Documents/Xilinx/ECE153A/Vitis/ECE153a_Lab1/ECE153A_Lab2/hw
TRACE::2024-10-23.17:48:38::SCWPlatform:: Platform Path C:/Users/ryand/OneDrive/Documents/Xilinx/ECE153A/Vitis/ECE153a_Lab1/ECE153A_Lab2/hw/system_wrapper.xsa
TRACE::2024-10-23.17:48:38::SCWPlatform:: Unique name xilinx:::0.0
TRACE::2024-10-23.17:48:38::SCWPlatform::Trying to set the existing hwdb with name system_wrapper_1
TRACE::2024-10-23.17:48:38::SCWPlatform::Opened existing hwdb system_wrapper_1
TRACE::2024-10-23.17:48:38::SCWPlatform::Found the Hw Db part of the input DSA
TRACE::2024-10-23.17:48:38::SCWMssOS::Checking the sw design at  C:/Users/ryand/OneDrive/Documents/Xilinx/ECE153A/Vitis/ECE153a_Lab1/ECE153A_Lab2/microblaze_0/standalone_microblaze_0/bsp/system.mss
TRACE::2024-10-23.17:48:38::SCWMssOS::DEBUG:  swdes dump  C:/Users/ryand/OneDrive/Documents/Xilinx/ECE153A/Vitis/ECE153a_Lab1/ECE153A_Lab2/microblaze_0/standalone_domain/bsp/system.mss|system_0||
C:/Users/ryand/OneDrive/Documents/Xilinx/ECE153A/Vitis/ECE153a_Lab1/ECE153A_Lab2/microblaze_0/standalone_microblaze_0/bsp/system.mss|system_1||
C:/Users/ryand/OneDrive/Documents/Xilinx/ECE153A/Vitis/ECE153a_Lab1/ECE153a_Lab1/microblaze_0/standalone_domain/bsp/system.mss|system||

TRACE::2024-10-23.17:48:38::SCWMssOS::Sw design exists and opened at  C:/Users/ryand/OneDrive/Documents/Xilinx/ECE153A/Vitis/ECE153a_Lab1/ECE153A_Lab2/microblaze_0/standalone_microblaze_0/bsp/system.mss
TRACE::2024-10-23.17:48:38::SCWMssOS::Completed writing the mss file at C:/Users/ryand/OneDrive/Documents/Xilinx/ECE153A/Vitis/ECE153a_Lab1/ECE153A_Lab2/microblaze_0/standalone_microblaze_0/bsp
TRACE::2024-10-23.17:48:38::SCWMssOS::Mss edits present, copying mssfile into export location C:/Users/ryand/OneDrive/Documents/Xilinx/ECE153A/Vitis/ECE153a_Lab1/ECE153A_Lab2/microblaze_0/standalone_microblaze_0/bsp/system.mss
TRACE::2024-10-23.17:48:38::SCWMssOS::bsp generated is upto date with the mss file. Skipping bsp generation.
TRACE::2024-10-23.17:48:38::SCWMssOS::BSP is already built. skipping the bsp build ... 
TRACE::2024-10-23.17:48:38::SCWDomain::Skipping the build for domain :  standalone_microblaze_0
TRACE::2024-10-23.17:48:38::SCWMssOS::skipping the bsp build ... 
TRACE::2024-10-23.17:48:38::SCWMssOS::Copying to export directory.
TRACE::2024-10-23.17:48:38::SCWMssOS:: Checking if to create the Supporting Applications
TRACE::2024-10-23.17:48:38::SCWMssOS:: No Linux domain exists, trying to generate FSBL 
LOG::2024-10-23.17:48:38::SCWSystem::Completed Processing the domain standalone_microblaze_0
LOG::2024-10-23.17:48:38::SCWSystem::Completed Processing the sysconfig ECE153A_Lab2
LOG::2024-10-23.17:48:38::SCWPlatform::Completed generating the artifacts for system configuration ECE153A_Lab2
TRACE::2024-10-23.17:48:38::SCWPlatform::Started preparing the platform 
TRACE::2024-10-23.17:48:38::SCWSystem::Writing the bif file for system config ECE153A_Lab2
TRACE::2024-10-23.17:48:38::SCWSystem::dir created 
TRACE::2024-10-23.17:48:38::SCWSystem::Writing the bif 
TRACE::2024-10-23.17:48:38::SCWPlatform::Started writing the spfm file 
TRACE::2024-10-23.17:48:38::SCWPlatform::Started writing the xpfm file 
TRACE::2024-10-23.17:48:38::SCWPlatform::Completed generating the platform
TRACE::2024-10-23.17:48:38::SCWMssOS::Saving the mss changes C:/Users/ryand/OneDrive/Documents/Xilinx/ECE153A/Vitis/ECE153a_Lab1/ECE153A_Lab2/microblaze_0/standalone_domain/bsp/system.mss
TRACE::2024-10-23.17:48:38::SCWMssOS::Found a swdesign opened with the mssfile.
TRACE::2024-10-23.17:48:38::SCWMssOS::Completed writemss as part of save.
TRACE::2024-10-23.17:48:38::SCWMssOS::Commit changes completed.
TRACE::2024-10-23.17:48:38::SCWMssOS::Saving the mss changes C:/Users/ryand/OneDrive/Documents/Xilinx/ECE153A/Vitis/ECE153a_Lab1/ECE153A_Lab2/microblaze_0/standalone_microblaze_0/bsp/system.mss
TRACE::2024-10-23.17:48:38::SCWMssOS::Found a swdesign opened with the mssfile.
TRACE::2024-10-23.17:48:38::SCWMssOS::Completed writemss as part of save.
TRACE::2024-10-23.17:48:38::SCWMssOS::Commit changes completed.
TRACE::2024-10-23.17:48:38::SCWPlatform::Trying to open the hw design at C:/Users/ryand/OneDrive/Documents/Xilinx/ECE153A/Vitis/ECE153a_Lab1/ECE153A_Lab2/hw/system_wrapper.xsa
TRACE::2024-10-23.17:48:38::SCWPlatform::DSA given C:/Users/ryand/OneDrive/Documents/Xilinx/ECE153A/Vitis/ECE153a_Lab1/ECE153A_Lab2/hw/system_wrapper.xsa
TRACE::2024-10-23.17:48:38::SCWPlatform::DSA absoulate path C:/Users/ryand/OneDrive/Documents/Xilinx/ECE153A/Vitis/ECE153a_Lab1/ECE153A_Lab2/hw/system_wrapper.xsa
TRACE::2024-10-23.17:48:38::SCWPlatform::DSA directory C:/Users/ryand/OneDrive/Documents/Xilinx/ECE153A/Vitis/ECE153a_Lab1/ECE153A_Lab2/hw
TRACE::2024-10-23.17:48:38::SCWPlatform:: Platform Path C:/Users/ryand/OneDrive/Documents/Xilinx/ECE153A/Vitis/ECE153a_Lab1/ECE153A_Lab2/hw/system_wrapper.xsa
TRACE::2024-10-23.17:48:38::SCWPlatform:: Unique name xilinx:::0.0
TRACE::2024-10-23.17:48:38::SCWPlatform::Trying to set the existing hwdb with name system_wrapper_1
TRACE::2024-10-23.17:48:38::SCWPlatform::Opened existing hwdb system_wrapper_1
TRACE::2024-10-23.17:48:38::SCWPlatform::Found the Hw Db part of the input DSA
TRACE::2024-10-23.17:48:38::SCWMssOS::Checking the sw design at  C:/Users/ryand/OneDrive/Documents/Xilinx/ECE153A/Vitis/ECE153a_Lab1/ECE153A_Lab2/microblaze_0/standalone_domain/bsp/system.mss
TRACE::2024-10-23.17:48:38::SCWMssOS::DEBUG:  swdes dump  C:/Users/ryand/OneDrive/Documents/Xilinx/ECE153A/Vitis/ECE153a_Lab1/ECE153A_Lab2/microblaze_0/standalone_domain/bsp/system.mss|system_0||
C:/Users/ryand/OneDrive/Documents/Xilinx/ECE153A/Vitis/ECE153a_Lab1/ECE153A_Lab2/microblaze_0/standalone_microblaze_0/bsp/system.mss|system_1||
C:/Users/ryand/OneDrive/Documents/Xilinx/ECE153A/Vitis/ECE153a_Lab1/ECE153a_Lab1/microblaze_0/standalone_domain/bsp/system.mss|system||

TRACE::2024-10-23.17:48:38::SCWMssOS::Sw design exists and opened at  C:/Users/ryand/OneDrive/Documents/Xilinx/ECE153A/Vitis/ECE153a_Lab1/ECE153A_Lab2/microblaze_0/standalone_domain/bsp/system.mss
TRACE::2024-10-23.17:48:38::SCWPlatform::Trying to open the hw design at C:/Users/ryand/OneDrive/Documents/Xilinx/ECE153A/Vitis/ECE153a_Lab1/ECE153A_Lab2/hw/system_wrapper.xsa
TRACE::2024-10-23.17:48:38::SCWPlatform::DSA given C:/Users/ryand/OneDrive/Documents/Xilinx/ECE153A/Vitis/ECE153a_Lab1/ECE153A_Lab2/hw/system_wrapper.xsa
TRACE::2024-10-23.17:48:38::SCWPlatform::DSA absoulate path C:/Users/ryand/OneDrive/Documents/Xilinx/ECE153A/Vitis/ECE153a_Lab1/ECE153A_Lab2/hw/system_wrapper.xsa
TRACE::2024-10-23.17:48:38::SCWPlatform::DSA directory C:/Users/ryand/OneDrive/Documents/Xilinx/ECE153A/Vitis/ECE153a_Lab1/ECE153A_Lab2/hw
TRACE::2024-10-23.17:48:38::SCWPlatform:: Platform Path C:/Users/ryand/OneDrive/Documents/Xilinx/ECE153A/Vitis/ECE153a_Lab1/ECE153A_Lab2/hw/system_wrapper.xsa
TRACE::2024-10-23.17:48:38::SCWPlatform:: Unique name xilinx:::0.0
TRACE::2024-10-23.17:48:38::SCWPlatform::Trying to set the existing hwdb with name system_wrapper_1
TRACE::2024-10-23.17:48:38::SCWPlatform::Opened existing hwdb system_wrapper_1
TRACE::2024-10-23.17:48:38::SCWPlatform::Found the Hw Db part of the input DSA
TRACE::2024-10-23.17:48:38::SCWMssOS::Checking the sw design at  C:/Users/ryand/OneDrive/Documents/Xilinx/ECE153A/Vitis/ECE153a_Lab1/ECE153A_Lab2/microblaze_0/standalone_microblaze_0/bsp/system.mss
TRACE::2024-10-23.17:48:38::SCWMssOS::DEBUG:  swdes dump  C:/Users/ryand/OneDrive/Documents/Xilinx/ECE153A/Vitis/ECE153a_Lab1/ECE153A_Lab2/microblaze_0/standalone_domain/bsp/system.mss|system_0||
C:/Users/ryand/OneDrive/Documents/Xilinx/ECE153A/Vitis/ECE153a_Lab1/ECE153A_Lab2/microblaze_0/standalone_microblaze_0/bsp/system.mss|system_1||
C:/Users/ryand/OneDrive/Documents/Xilinx/ECE153A/Vitis/ECE153a_Lab1/ECE153a_Lab1/microblaze_0/standalone_domain/bsp/system.mss|system||

TRACE::2024-10-23.17:48:38::SCWMssOS::Sw design exists and opened at  C:/Users/ryand/OneDrive/Documents/Xilinx/ECE153A/Vitis/ECE153a_Lab1/ECE153A_Lab2/microblaze_0/standalone_microblaze_0/bsp/system.mss
TRACE::2024-10-23.17:48:38::SCWPlatform::Trying to open the hw design at C:/Users/ryand/OneDrive/Documents/Xilinx/ECE153A/Vitis/ECE153a_Lab1/ECE153A_Lab2/hw/system_wrapper.xsa
TRACE::2024-10-23.17:48:38::SCWPlatform::DSA given C:/Users/ryand/OneDrive/Documents/Xilinx/ECE153A/Vitis/ECE153a_Lab1/ECE153A_Lab2/hw/system_wrapper.xsa
TRACE::2024-10-23.17:48:38::SCWPlatform::DSA absoulate path C:/Users/ryand/OneDrive/Documents/Xilinx/ECE153A/Vitis/ECE153a_Lab1/ECE153A_Lab2/hw/system_wrapper.xsa
TRACE::2024-10-23.17:48:38::SCWPlatform::DSA directory C:/Users/ryand/OneDrive/Documents/Xilinx/ECE153A/Vitis/ECE153a_Lab1/ECE153A_Lab2/hw
TRACE::2024-10-23.17:48:38::SCWPlatform:: Platform Path C:/Users/ryand/OneDrive/Documents/Xilinx/ECE153A/Vitis/ECE153a_Lab1/ECE153A_Lab2/hw/system_wrapper.xsa
TRACE::2024-10-23.17:48:38::SCWPlatform:: Unique name xilinx:::0.0
TRACE::2024-10-23.17:48:38::SCWPlatform::Trying to set the existing hwdb with name system_wrapper_1
TRACE::2024-10-23.17:48:38::SCWPlatform::Opened existing hwdb system_wrapper_1
TRACE::2024-10-23.17:48:38::SCWPlatform::Found the Hw Db part of the input DSA
TRACE::2024-10-23.17:48:38::SCWMssOS::Checking the sw design at  C:/Users/ryand/OneDrive/Documents/Xilinx/ECE153A/Vitis/ECE153a_Lab1/ECE153A_Lab2/microblaze_0/standalone_microblaze_0/bsp/system.mss
TRACE::2024-10-23.17:48:38::SCWMssOS::DEBUG:  swdes dump  C:/Users/ryand/OneDrive/Documents/Xilinx/ECE153A/Vitis/ECE153a_Lab1/ECE153A_Lab2/microblaze_0/standalone_domain/bsp/system.mss|system_0||
C:/Users/ryand/OneDrive/Documents/Xilinx/ECE153A/Vitis/ECE153a_Lab1/ECE153A_Lab2/microblaze_0/standalone_microblaze_0/bsp/system.mss|system_1||
C:/Users/ryand/OneDrive/Documents/Xilinx/ECE153A/Vitis/ECE153a_Lab1/ECE153a_Lab1/microblaze_0/standalone_domain/bsp/system.mss|system||

TRACE::2024-10-23.17:48:38::SCWMssOS::Sw design exists and opened at  C:/Users/ryand/OneDrive/Documents/Xilinx/ECE153A/Vitis/ECE153a_Lab1/ECE153A_Lab2/microblaze_0/standalone_microblaze_0/bsp/system.mss
TRACE::2024-10-23.17:48:38::SCWPlatform::Trying to open the hw design at C:/Users/ryand/OneDrive/Documents/Xilinx/ECE153A/Vitis/ECE153a_Lab1/ECE153A_Lab2/hw/system_wrapper.xsa
TRACE::2024-10-23.17:48:38::SCWPlatform::DSA given C:/Users/ryand/OneDrive/Documents/Xilinx/ECE153A/Vitis/ECE153a_Lab1/ECE153A_Lab2/hw/system_wrapper.xsa
TRACE::2024-10-23.17:48:38::SCWPlatform::DSA absoulate path C:/Users/ryand/OneDrive/Documents/Xilinx/ECE153A/Vitis/ECE153a_Lab1/ECE153A_Lab2/hw/system_wrapper.xsa
TRACE::2024-10-23.17:48:38::SCWPlatform::DSA directory C:/Users/ryand/OneDrive/Documents/Xilinx/ECE153A/Vitis/ECE153a_Lab1/ECE153A_Lab2/hw
TRACE::2024-10-23.17:48:38::SCWPlatform:: Platform Path C:/Users/ryand/OneDrive/Documents/Xilinx/ECE153A/Vitis/ECE153a_Lab1/ECE153A_Lab2/hw/system_wrapper.xsa
TRACE::2024-10-23.17:48:38::SCWPlatform:: Unique name xilinx:::0.0
TRACE::2024-10-23.17:48:38::SCWPlatform::Trying to set the existing hwdb with name system_wrapper_1
TRACE::2024-10-23.17:48:38::SCWPlatform::Opened existing hwdb system_wrapper_1
TRACE::2024-10-23.17:48:38::SCWPlatform::Found the Hw Db part of the input DSA
TRACE::2024-10-23.17:48:38::SCWMssOS::Checking the sw design at  C:/Users/ryand/OneDrive/Documents/Xilinx/ECE153A/Vitis/ECE153a_Lab1/ECE153A_Lab2/microblaze_0/standalone_microblaze_0/bsp/system.mss
TRACE::2024-10-23.17:48:38::SCWMssOS::DEBUG:  swdes dump  C:/Users/ryand/OneDrive/Documents/Xilinx/ECE153A/Vitis/ECE153a_Lab1/ECE153A_Lab2/microblaze_0/standalone_domain/bsp/system.mss|system_0||
C:/Users/ryand/OneDrive/Documents/Xilinx/ECE153A/Vitis/ECE153a_Lab1/ECE153A_Lab2/microblaze_0/standalone_microblaze_0/bsp/system.mss|system_1||
C:/Users/ryand/OneDrive/Documents/Xilinx/ECE153A/Vitis/ECE153a_Lab1/ECE153a_Lab1/microblaze_0/standalone_domain/bsp/system.mss|system||

TRACE::2024-10-23.17:48:38::SCWMssOS::Sw design exists and opened at  C:/Users/ryand/OneDrive/Documents/Xilinx/ECE153A/Vitis/ECE153a_Lab1/ECE153A_Lab2/microblaze_0/standalone_microblaze_0/bsp/system.mss
TRACE::2024-10-23.17:48:38::SCWWriter::formatted JSON is {
	"platformName":	"ECE153A_Lab2",
	"sprVersion":	"2.0",
	"mode":	"gui",
	"dsaType":	"Fixed",
	"platformDesc":	"ECE153A_Lab2",
	"platHandOff":	"C:/Users/ryand/OneDrive/Documents/Xilinx/ECE153A/Vivado/ECE_153A_Lab2/system_wrapper.xsa",
	"platIntHandOff":	"<platformDir>/hw/system_wrapper.xsa",
	"deviceType":	"FPGA",
	"platIsPrebuiltAutogen":	"false",
	"platIsNoBootBsp":	"false",
	"hasFsblMakeHasChanges":	"false",
	"hasPmufwMakeHasChanges":	"false",
	"platPreBuiltFlag":	false,
	"platformSamplesDir":	"",
	"platActiveSys":	"ECE153A_Lab2",
	"systems":	[{
			"systemName":	"ECE153A_Lab2",
			"systemDesc":	"ECE153A_Lab2",
			"sysIsBootAutoGen":	"true",
			"systemDispName":	"ECE153A_Lab2",
			"sysActiveDom":	"standalone_microblaze_0",
			"sysDefaultDom":	"standalone_microblaze_0",
			"domains":	[{
					"domainName":	"standalone_domain",
					"domainDispName":	"standalone on microblaze_0",
					"domainDesc":	"standalone_domain",
					"processors":	"microblaze_0",
					"os":	"standalone",
					"sdxOs":	"standalone",
					"debugEnable":	"False",
					"domRuntimes":	["cpp"],
					"swRepo":	"",
					"mssOsVer":	"7.7",
					"mssFile":	"",
					"md5Digest":	"d1ce4974d99fcaad63c46033b36a65aa",
					"compatibleApp":	"",
					"domType":	"mssDomain",
					"arch":	"32-bit",
					"appSettings":	{
						"appCompilerFlags":	"",
						"appLinkerFlags":	""
					},
					"addedLibs":	[],
					"libOptions":	{
						"libsContainingOptions":	[]
					},
					"changedDrivers":	{
						"sevenSeg_0":	"generic:3.0",
						"changedCells":	["sevenSeg_0"]
					},
					"prebuiltLibs":	{
						"prebuiltIncPath":	[],
						"prebuiltLibPath":	[]
					},
					"isolation":	{
					}
				}, {
					"domainName":	"standalone_microblaze_0",
					"domainDispName":	"standalone_microblaze_0",
					"domainDesc":	"standalone_microblaze_0",
					"processors":	"microblaze_0",
					"os":	"standalone",
					"sdxOs":	"standalone",
					"debugEnable":	"False",
					"domRuntimes":	["cpp"],
					"swRepo":	"",
					"mssOsVer":	"7.7",
					"mssFile":	"",
					"md5Digest":	"a81c1ae732d4395aafba8ca2598dad86",
					"compatibleApp":	"hello_world",
					"domType":	"mssDomain",
					"arch":	"32-bit",
					"appSettings":	{
						"appCompilerFlags":	"",
						"appLinkerFlags":	""
					},
					"addedLibs":	[],
					"libOptions":	{
						"libsContainingOptions":	[]
					},
					"prebuiltLibs":	{
						"prebuiltIncPath":	[],
						"prebuiltLibPath":	[]
					},
					"isolation":	{
					}
				}]
		}]
}
KEYINFO::2024-10-23.17:48:38::SCWPlatform::updated the xpfm file.
TRACE::2024-10-23.17:48:38::SCWPlatform::Trying to open the hw design at C:/Users/ryand/OneDrive/Documents/Xilinx/ECE153A/Vitis/ECE153a_Lab1/ECE153A_Lab2/hw/system_wrapper.xsa
TRACE::2024-10-23.17:48:38::SCWPlatform::DSA given C:/Users/ryand/OneDrive/Documents/Xilinx/ECE153A/Vitis/ECE153a_Lab1/ECE153A_Lab2/hw/system_wrapper.xsa
TRACE::2024-10-23.17:48:38::SCWPlatform::DSA absoulate path C:/Users/ryand/OneDrive/Documents/Xilinx/ECE153A/Vitis/ECE153a_Lab1/ECE153A_Lab2/hw/system_wrapper.xsa
TRACE::2024-10-23.17:48:38::SCWPlatform::DSA directory C:/Users/ryand/OneDrive/Documents/Xilinx/ECE153A/Vitis/ECE153a_Lab1/ECE153A_Lab2/hw
TRACE::2024-10-23.17:48:38::SCWPlatform:: Platform Path C:/Users/ryand/OneDrive/Documents/Xilinx/ECE153A/Vitis/ECE153a_Lab1/ECE153A_Lab2/hw/system_wrapper.xsa
TRACE::2024-10-23.17:48:38::SCWPlatform:: Unique name xilinx:::0.0
TRACE::2024-10-23.17:48:38::SCWPlatform::Trying to set the existing hwdb with name system_wrapper_1
TRACE::2024-10-23.17:48:38::SCWPlatform::Opened existing hwdb system_wrapper_1
TRACE::2024-10-23.17:48:38::SCWPlatform::Found the Hw Db part of the input DSA
TRACE::2024-10-23.17:48:38::SCWMssOS::Checking the sw design at  C:/Users/ryand/OneDrive/Documents/Xilinx/ECE153A/Vitis/ECE153a_Lab1/ECE153A_Lab2/microblaze_0/standalone_domain/bsp/system.mss
TRACE::2024-10-23.17:48:38::SCWMssOS::DEBUG:  swdes dump  C:/Users/ryand/OneDrive/Documents/Xilinx/ECE153A/Vitis/ECE153a_Lab1/ECE153A_Lab2/microblaze_0/standalone_domain/bsp/system.mss|system_0||
C:/Users/ryand/OneDrive/Documents/Xilinx/ECE153A/Vitis/ECE153a_Lab1/ECE153A_Lab2/microblaze_0/standalone_microblaze_0/bsp/system.mss|system_1||
C:/Users/ryand/OneDrive/Documents/Xilinx/ECE153A/Vitis/ECE153a_Lab1/ECE153a_Lab1/microblaze_0/standalone_domain/bsp/system.mss|system||

TRACE::2024-10-23.17:48:38::SCWMssOS::Sw design exists and opened at  C:/Users/ryand/OneDrive/Documents/Xilinx/ECE153A/Vitis/ECE153a_Lab1/ECE153A_Lab2/microblaze_0/standalone_domain/bsp/system.mss
TRACE::2024-10-23.17:48:38::SCWPlatform::Trying to open the hw design at C:/Users/ryand/OneDrive/Documents/Xilinx/ECE153A/Vitis/ECE153a_Lab1/ECE153A_Lab2/hw/system_wrapper.xsa
TRACE::2024-10-23.17:48:38::SCWPlatform::DSA given C:/Users/ryand/OneDrive/Documents/Xilinx/ECE153A/Vitis/ECE153a_Lab1/ECE153A_Lab2/hw/system_wrapper.xsa
TRACE::2024-10-23.17:48:38::SCWPlatform::DSA absoulate path C:/Users/ryand/OneDrive/Documents/Xilinx/ECE153A/Vitis/ECE153a_Lab1/ECE153A_Lab2/hw/system_wrapper.xsa
TRACE::2024-10-23.17:48:38::SCWPlatform::DSA directory C:/Users/ryand/OneDrive/Documents/Xilinx/ECE153A/Vitis/ECE153a_Lab1/ECE153A_Lab2/hw
TRACE::2024-10-23.17:48:38::SCWPlatform:: Platform Path C:/Users/ryand/OneDrive/Documents/Xilinx/ECE153A/Vitis/ECE153a_Lab1/ECE153A_Lab2/hw/system_wrapper.xsa
TRACE::2024-10-23.17:48:38::SCWPlatform:: Unique name xilinx:::0.0
TRACE::2024-10-23.17:48:38::SCWPlatform::Trying to set the existing hwdb with name system_wrapper_1
TRACE::2024-10-23.17:48:38::SCWPlatform::Opened existing hwdb system_wrapper_1
TRACE::2024-10-23.17:48:38::SCWPlatform::Found the Hw Db part of the input DSA
TRACE::2024-10-23.17:48:38::SCWMssOS::Checking the sw design at  C:/Users/ryand/OneDrive/Documents/Xilinx/ECE153A/Vitis/ECE153a_Lab1/ECE153A_Lab2/microblaze_0/standalone_microblaze_0/bsp/system.mss
TRACE::2024-10-23.17:48:38::SCWMssOS::DEBUG:  swdes dump  C:/Users/ryand/OneDrive/Documents/Xilinx/ECE153A/Vitis/ECE153a_Lab1/ECE153A_Lab2/microblaze_0/standalone_domain/bsp/system.mss|system_0||
C:/Users/ryand/OneDrive/Documents/Xilinx/ECE153A/Vitis/ECE153a_Lab1/ECE153A_Lab2/microblaze_0/standalone_microblaze_0/bsp/system.mss|system_1||
C:/Users/ryand/OneDrive/Documents/Xilinx/ECE153A/Vitis/ECE153a_Lab1/ECE153a_Lab1/microblaze_0/standalone_domain/bsp/system.mss|system||

TRACE::2024-10-23.17:48:38::SCWMssOS::Sw design exists and opened at  C:/Users/ryand/OneDrive/Documents/Xilinx/ECE153A/Vitis/ECE153a_Lab1/ECE153A_Lab2/microblaze_0/standalone_microblaze_0/bsp/system.mss
TRACE::2024-10-23.17:48:38::SCWMssOS::Saving the mss changes C:/Users/ryand/OneDrive/Documents/Xilinx/ECE153A/Vitis/ECE153a_Lab1/ECE153A_Lab2/microblaze_0/standalone_domain/bsp/system.mss
TRACE::2024-10-23.17:48:38::SCWMssOS::Found a swdesign opened with the mssfile.
TRACE::2024-10-23.17:48:38::SCWMssOS::Completed writemss as part of save.
TRACE::2024-10-23.17:48:38::SCWMssOS::Commit changes completed.
TRACE::2024-10-23.17:48:38::SCWMssOS::Saving the mss changes C:/Users/ryand/OneDrive/Documents/Xilinx/ECE153A/Vitis/ECE153a_Lab1/ECE153A_Lab2/microblaze_0/standalone_microblaze_0/bsp/system.mss
TRACE::2024-10-23.17:48:38::SCWMssOS::Found a swdesign opened with the mssfile.
TRACE::2024-10-23.17:48:38::SCWMssOS::Completed writemss as part of save.
TRACE::2024-10-23.17:48:38::SCWMssOS::Commit changes completed.
TRACE::2024-10-23.17:48:38::SCWPlatform::Trying to open the hw design at C:/Users/ryand/OneDrive/Documents/Xilinx/ECE153A/Vitis/ECE153a_Lab1/ECE153A_Lab2/hw/system_wrapper.xsa
TRACE::2024-10-23.17:48:38::SCWPlatform::DSA given C:/Users/ryand/OneDrive/Documents/Xilinx/ECE153A/Vitis/ECE153a_Lab1/ECE153A_Lab2/hw/system_wrapper.xsa
TRACE::2024-10-23.17:48:38::SCWPlatform::DSA absoulate path C:/Users/ryand/OneDrive/Documents/Xilinx/ECE153A/Vitis/ECE153a_Lab1/ECE153A_Lab2/hw/system_wrapper.xsa
TRACE::2024-10-23.17:48:38::SCWPlatform::DSA directory C:/Users/ryand/OneDrive/Documents/Xilinx/ECE153A/Vitis/ECE153a_Lab1/ECE153A_Lab2/hw
TRACE::2024-10-23.17:48:38::SCWPlatform:: Platform Path C:/Users/ryand/OneDrive/Documents/Xilinx/ECE153A/Vitis/ECE153a_Lab1/ECE153A_Lab2/hw/system_wrapper.xsa
TRACE::2024-10-23.17:48:38::SCWPlatform:: Unique name xilinx:::0.0
TRACE::2024-10-23.17:48:38::SCWPlatform::Trying to set the existing hwdb with name system_wrapper_1
TRACE::2024-10-23.17:48:38::SCWPlatform::Opened existing hwdb system_wrapper_1
TRACE::2024-10-23.17:48:38::SCWPlatform::Found the Hw Db part of the input DSA
TRACE::2024-10-23.17:48:38::SCWMssOS::Checking the sw design at  C:/Users/ryand/OneDrive/Documents/Xilinx/ECE153A/Vitis/ECE153a_Lab1/ECE153A_Lab2/microblaze_0/standalone_domain/bsp/system.mss
TRACE::2024-10-23.17:48:38::SCWMssOS::DEBUG:  swdes dump  C:/Users/ryand/OneDrive/Documents/Xilinx/ECE153A/Vitis/ECE153a_Lab1/ECE153A_Lab2/microblaze_0/standalone_domain/bsp/system.mss|system_0||
C:/Users/ryand/OneDrive/Documents/Xilinx/ECE153A/Vitis/ECE153a_Lab1/ECE153A_Lab2/microblaze_0/standalone_microblaze_0/bsp/system.mss|system_1||
C:/Users/ryand/OneDrive/Documents/Xilinx/ECE153A/Vitis/ECE153a_Lab1/ECE153a_Lab1/microblaze_0/standalone_domain/bsp/system.mss|system||

TRACE::2024-10-23.17:48:38::SCWMssOS::Sw design exists and opened at  C:/Users/ryand/OneDrive/Documents/Xilinx/ECE153A/Vitis/ECE153a_Lab1/ECE153A_Lab2/microblaze_0/standalone_domain/bsp/system.mss
TRACE::2024-10-23.17:48:38::SCWPlatform::Trying to open the hw design at C:/Users/ryand/OneDrive/Documents/Xilinx/ECE153A/Vitis/ECE153a_Lab1/ECE153A_Lab2/hw/system_wrapper.xsa
TRACE::2024-10-23.17:48:38::SCWPlatform::DSA given C:/Users/ryand/OneDrive/Documents/Xilinx/ECE153A/Vitis/ECE153a_Lab1/ECE153A_Lab2/hw/system_wrapper.xsa
TRACE::2024-10-23.17:48:38::SCWPlatform::DSA absoulate path C:/Users/ryand/OneDrive/Documents/Xilinx/ECE153A/Vitis/ECE153a_Lab1/ECE153A_Lab2/hw/system_wrapper.xsa
TRACE::2024-10-23.17:48:38::SCWPlatform::DSA directory C:/Users/ryand/OneDrive/Documents/Xilinx/ECE153A/Vitis/ECE153a_Lab1/ECE153A_Lab2/hw
TRACE::2024-10-23.17:48:38::SCWPlatform:: Platform Path C:/Users/ryand/OneDrive/Documents/Xilinx/ECE153A/Vitis/ECE153a_Lab1/ECE153A_Lab2/hw/system_wrapper.xsa
TRACE::2024-10-23.17:48:38::SCWPlatform:: Unique name xilinx:::0.0
TRACE::2024-10-23.17:48:38::SCWPlatform::Trying to set the existing hwdb with name system_wrapper_1
TRACE::2024-10-23.17:48:38::SCWPlatform::Opened existing hwdb system_wrapper_1
TRACE::2024-10-23.17:48:38::SCWPlatform::Found the Hw Db part of the input DSA
TRACE::2024-10-23.17:48:38::SCWMssOS::Checking the sw design at  C:/Users/ryand/OneDrive/Documents/Xilinx/ECE153A/Vitis/ECE153a_Lab1/ECE153A_Lab2/microblaze_0/standalone_microblaze_0/bsp/system.mss
TRACE::2024-10-23.17:48:38::SCWMssOS::DEBUG:  swdes dump  C:/Users/ryand/OneDrive/Documents/Xilinx/ECE153A/Vitis/ECE153a_Lab1/ECE153A_Lab2/microblaze_0/standalone_domain/bsp/system.mss|system_0||
C:/Users/ryand/OneDrive/Documents/Xilinx/ECE153A/Vitis/ECE153a_Lab1/ECE153A_Lab2/microblaze_0/standalone_microblaze_0/bsp/system.mss|system_1||
C:/Users/ryand/OneDrive/Documents/Xilinx/ECE153A/Vitis/ECE153a_Lab1/ECE153a_Lab1/microblaze_0/standalone_domain/bsp/system.mss|system||

TRACE::2024-10-23.17:48:38::SCWMssOS::Sw design exists and opened at  C:/Users/ryand/OneDrive/Documents/Xilinx/ECE153A/Vitis/ECE153a_Lab1/ECE153A_Lab2/microblaze_0/standalone_microblaze_0/bsp/system.mss
TRACE::2024-10-23.17:48:38::SCWPlatform::Trying to open the hw design at C:/Users/ryand/OneDrive/Documents/Xilinx/ECE153A/Vitis/ECE153a_Lab1/ECE153A_Lab2/hw/system_wrapper.xsa
TRACE::2024-10-23.17:48:38::SCWPlatform::DSA given C:/Users/ryand/OneDrive/Documents/Xilinx/ECE153A/Vitis/ECE153a_Lab1/ECE153A_Lab2/hw/system_wrapper.xsa
TRACE::2024-10-23.17:48:38::SCWPlatform::DSA absoulate path C:/Users/ryand/OneDrive/Documents/Xilinx/ECE153A/Vitis/ECE153a_Lab1/ECE153A_Lab2/hw/system_wrapper.xsa
TRACE::2024-10-23.17:48:38::SCWPlatform::DSA directory C:/Users/ryand/OneDrive/Documents/Xilinx/ECE153A/Vitis/ECE153a_Lab1/ECE153A_Lab2/hw
TRACE::2024-10-23.17:48:38::SCWPlatform:: Platform Path C:/Users/ryand/OneDrive/Documents/Xilinx/ECE153A/Vitis/ECE153a_Lab1/ECE153A_Lab2/hw/system_wrapper.xsa
TRACE::2024-10-23.17:48:38::SCWPlatform:: Unique name xilinx:::0.0
TRACE::2024-10-23.17:48:38::SCWPlatform::Trying to set the existing hwdb with name system_wrapper_1
TRACE::2024-10-23.17:48:38::SCWPlatform::Opened existing hwdb system_wrapper_1
TRACE::2024-10-23.17:48:38::SCWPlatform::Found the Hw Db part of the input DSA
TRACE::2024-10-23.17:48:38::SCWMssOS::Checking the sw design at  C:/Users/ryand/OneDrive/Documents/Xilinx/ECE153A/Vitis/ECE153a_Lab1/ECE153A_Lab2/microblaze_0/standalone_microblaze_0/bsp/system.mss
TRACE::2024-10-23.17:48:38::SCWMssOS::DEBUG:  swdes dump  C:/Users/ryand/OneDrive/Documents/Xilinx/ECE153A/Vitis/ECE153a_Lab1/ECE153A_Lab2/microblaze_0/standalone_domain/bsp/system.mss|system_0||
C:/Users/ryand/OneDrive/Documents/Xilinx/ECE153A/Vitis/ECE153a_Lab1/ECE153A_Lab2/microblaze_0/standalone_microblaze_0/bsp/system.mss|system_1||
C:/Users/ryand/OneDrive/Documents/Xilinx/ECE153A/Vitis/ECE153a_Lab1/ECE153a_Lab1/microblaze_0/standalone_domain/bsp/system.mss|system||

TRACE::2024-10-23.17:48:38::SCWMssOS::Sw design exists and opened at  C:/Users/ryand/OneDrive/Documents/Xilinx/ECE153A/Vitis/ECE153a_Lab1/ECE153A_Lab2/microblaze_0/standalone_microblaze_0/bsp/system.mss
TRACE::2024-10-23.17:48:38::SCWPlatform::Trying to open the hw design at C:/Users/ryand/OneDrive/Documents/Xilinx/ECE153A/Vitis/ECE153a_Lab1/ECE153A_Lab2/hw/system_wrapper.xsa
TRACE::2024-10-23.17:48:38::SCWPlatform::DSA given C:/Users/ryand/OneDrive/Documents/Xilinx/ECE153A/Vitis/ECE153a_Lab1/ECE153A_Lab2/hw/system_wrapper.xsa
TRACE::2024-10-23.17:48:38::SCWPlatform::DSA absoulate path C:/Users/ryand/OneDrive/Documents/Xilinx/ECE153A/Vitis/ECE153a_Lab1/ECE153A_Lab2/hw/system_wrapper.xsa
TRACE::2024-10-23.17:48:38::SCWPlatform::DSA directory C:/Users/ryand/OneDrive/Documents/Xilinx/ECE153A/Vitis/ECE153a_Lab1/ECE153A_Lab2/hw
TRACE::2024-10-23.17:48:38::SCWPlatform:: Platform Path C:/Users/ryand/OneDrive/Documents/Xilinx/ECE153A/Vitis/ECE153a_Lab1/ECE153A_Lab2/hw/system_wrapper.xsa
TRACE::2024-10-23.17:48:38::SCWPlatform:: Unique name xilinx:::0.0
TRACE::2024-10-23.17:48:38::SCWPlatform::Trying to set the existing hwdb with name system_wrapper_1
TRACE::2024-10-23.17:48:38::SCWPlatform::Opened existing hwdb system_wrapper_1
TRACE::2024-10-23.17:48:38::SCWPlatform::Found the Hw Db part of the input DSA
TRACE::2024-10-23.17:48:38::SCWMssOS::Checking the sw design at  C:/Users/ryand/OneDrive/Documents/Xilinx/ECE153A/Vitis/ECE153a_Lab1/ECE153A_Lab2/microblaze_0/standalone_microblaze_0/bsp/system.mss
TRACE::2024-10-23.17:48:38::SCWMssOS::DEBUG:  swdes dump  C:/Users/ryand/OneDrive/Documents/Xilinx/ECE153A/Vitis/ECE153a_Lab1/ECE153A_Lab2/microblaze_0/standalone_domain/bsp/system.mss|system_0||
C:/Users/ryand/OneDrive/Documents/Xilinx/ECE153A/Vitis/ECE153a_Lab1/ECE153A_Lab2/microblaze_0/standalone_microblaze_0/bsp/system.mss|system_1||
C:/Users/ryand/OneDrive/Documents/Xilinx/ECE153A/Vitis/ECE153a_Lab1/ECE153a_Lab1/microblaze_0/standalone_domain/bsp/system.mss|system||

TRACE::2024-10-23.17:48:38::SCWMssOS::Sw design exists and opened at  C:/Users/ryand/OneDrive/Documents/Xilinx/ECE153A/Vitis/ECE153a_Lab1/ECE153A_Lab2/microblaze_0/standalone_microblaze_0/bsp/system.mss
TRACE::2024-10-23.17:48:38::SCWWriter::formatted JSON is {
	"platformName":	"ECE153A_Lab2",
	"sprVersion":	"2.0",
	"mode":	"gui",
	"dsaType":	"Fixed",
	"platformDesc":	"ECE153A_Lab2",
	"platHandOff":	"C:/Users/ryand/OneDrive/Documents/Xilinx/ECE153A/Vivado/ECE_153A_Lab2/system_wrapper.xsa",
	"platIntHandOff":	"<platformDir>/hw/system_wrapper.xsa",
	"deviceType":	"FPGA",
	"platIsPrebuiltAutogen":	"false",
	"platIsNoBootBsp":	"false",
	"hasFsblMakeHasChanges":	"false",
	"hasPmufwMakeHasChanges":	"false",
	"platPreBuiltFlag":	false,
	"platformSamplesDir":	"",
	"platActiveSys":	"ECE153A_Lab2",
	"systems":	[{
			"systemName":	"ECE153A_Lab2",
			"systemDesc":	"ECE153A_Lab2",
			"sysIsBootAutoGen":	"true",
			"systemDispName":	"ECE153A_Lab2",
			"sysActiveDom":	"standalone_microblaze_0",
			"sysDefaultDom":	"standalone_microblaze_0",
			"domains":	[{
					"domainName":	"standalone_domain",
					"domainDispName":	"standalone on microblaze_0",
					"domainDesc":	"standalone_domain",
					"processors":	"microblaze_0",
					"os":	"standalone",
					"sdxOs":	"standalone",
					"debugEnable":	"False",
					"domRuntimes":	["cpp"],
					"swRepo":	"",
					"mssOsVer":	"7.7",
					"mssFile":	"",
					"md5Digest":	"d1ce4974d99fcaad63c46033b36a65aa",
					"compatibleApp":	"",
					"domType":	"mssDomain",
					"arch":	"32-bit",
					"appSettings":	{
						"appCompilerFlags":	"",
						"appLinkerFlags":	""
					},
					"addedLibs":	[],
					"libOptions":	{
						"libsContainingOptions":	[]
					},
					"changedDrivers":	{
						"sevenSeg_0":	"generic:3.0",
						"changedCells":	["sevenSeg_0"]
					},
					"prebuiltLibs":	{
						"prebuiltIncPath":	[],
						"prebuiltLibPath":	[]
					},
					"isolation":	{
					}
				}, {
					"domainName":	"standalone_microblaze_0",
					"domainDispName":	"standalone_microblaze_0",
					"domainDesc":	"standalone_microblaze_0",
					"processors":	"microblaze_0",
					"os":	"standalone",
					"sdxOs":	"standalone",
					"debugEnable":	"False",
					"domRuntimes":	["cpp"],
					"swRepo":	"",
					"mssOsVer":	"7.7",
					"mssFile":	"",
					"md5Digest":	"a81c1ae732d4395aafba8ca2598dad86",
					"compatibleApp":	"hello_world",
					"domType":	"mssDomain",
					"arch":	"32-bit",
					"appSettings":	{
						"appCompilerFlags":	"",
						"appLinkerFlags":	""
					},
					"addedLibs":	[],
					"libOptions":	{
						"libsContainingOptions":	[]
					},
					"prebuiltLibs":	{
						"prebuiltIncPath":	[],
						"prebuiltLibPath":	[]
					},
					"isolation":	{
					}
				}]
		}]
}
TRACE::2024-10-23.17:48:38::SCWPlatform::Trying to open the hw design at C:/Users/ryand/OneDrive/Documents/Xilinx/ECE153A/Vitis/ECE153a_Lab1/ECE153A_Lab2/hw/system_wrapper.xsa
TRACE::2024-10-23.17:48:38::SCWPlatform::DSA given C:/Users/ryand/OneDrive/Documents/Xilinx/ECE153A/Vitis/ECE153a_Lab1/ECE153A_Lab2/hw/system_wrapper.xsa
TRACE::2024-10-23.17:48:38::SCWPlatform::DSA absoulate path C:/Users/ryand/OneDrive/Documents/Xilinx/ECE153A/Vitis/ECE153a_Lab1/ECE153A_Lab2/hw/system_wrapper.xsa
TRACE::2024-10-23.17:48:38::SCWPlatform::DSA directory C:/Users/ryand/OneDrive/Documents/Xilinx/ECE153A/Vitis/ECE153a_Lab1/ECE153A_Lab2/hw
TRACE::2024-10-23.17:48:38::SCWPlatform:: Platform Path C:/Users/ryand/OneDrive/Documents/Xilinx/ECE153A/Vitis/ECE153a_Lab1/ECE153A_Lab2/hw/system_wrapper.xsa
TRACE::2024-10-23.17:48:38::SCWPlatform:: Unique name xilinx:::0.0
TRACE::2024-10-23.17:48:38::SCWPlatform::Trying to set the existing hwdb with name system_wrapper_1
TRACE::2024-10-23.17:48:38::SCWPlatform::Opened existing hwdb system_wrapper_1
TRACE::2024-10-23.17:48:38::SCWPlatform::Found the Hw Db part of the input DSA
TRACE::2024-10-23.17:48:38::SCWMssOS::Checking the sw design at  C:/Users/ryand/OneDrive/Documents/Xilinx/ECE153A/Vitis/ECE153a_Lab1/ECE153A_Lab2/microblaze_0/standalone_domain/bsp/system.mss
TRACE::2024-10-23.17:48:38::SCWMssOS::DEBUG:  swdes dump  C:/Users/ryand/OneDrive/Documents/Xilinx/ECE153A/Vitis/ECE153a_Lab1/ECE153A_Lab2/microblaze_0/standalone_domain/bsp/system.mss|system_0||
C:/Users/ryand/OneDrive/Documents/Xilinx/ECE153A/Vitis/ECE153a_Lab1/ECE153A_Lab2/microblaze_0/standalone_microblaze_0/bsp/system.mss|system_1||
C:/Users/ryand/OneDrive/Documents/Xilinx/ECE153A/Vitis/ECE153a_Lab1/ECE153a_Lab1/microblaze_0/standalone_domain/bsp/system.mss|system||

TRACE::2024-10-23.17:48:38::SCWMssOS::Sw design exists and opened at  C:/Users/ryand/OneDrive/Documents/Xilinx/ECE153A/Vitis/ECE153a_Lab1/ECE153A_Lab2/microblaze_0/standalone_domain/bsp/system.mss
TRACE::2024-10-23.17:48:38::SCWPlatform::Trying to open the hw design at C:/Users/ryand/OneDrive/Documents/Xilinx/ECE153A/Vitis/ECE153a_Lab1/ECE153A_Lab2/hw/system_wrapper.xsa
TRACE::2024-10-23.17:48:38::SCWPlatform::DSA given C:/Users/ryand/OneDrive/Documents/Xilinx/ECE153A/Vitis/ECE153a_Lab1/ECE153A_Lab2/hw/system_wrapper.xsa
TRACE::2024-10-23.17:48:38::SCWPlatform::DSA absoulate path C:/Users/ryand/OneDrive/Documents/Xilinx/ECE153A/Vitis/ECE153a_Lab1/ECE153A_Lab2/hw/system_wrapper.xsa
TRACE::2024-10-23.17:48:38::SCWPlatform::DSA directory C:/Users/ryand/OneDrive/Documents/Xilinx/ECE153A/Vitis/ECE153a_Lab1/ECE153A_Lab2/hw
TRACE::2024-10-23.17:48:38::SCWPlatform:: Platform Path C:/Users/ryand/OneDrive/Documents/Xilinx/ECE153A/Vitis/ECE153a_Lab1/ECE153A_Lab2/hw/system_wrapper.xsa
TRACE::2024-10-23.17:48:38::SCWPlatform:: Unique name xilinx:::0.0
TRACE::2024-10-23.17:48:38::SCWPlatform::Trying to set the existing hwdb with name system_wrapper_1
TRACE::2024-10-23.17:48:38::SCWPlatform::Opened existing hwdb system_wrapper_1
TRACE::2024-10-23.17:48:38::SCWPlatform::Found the Hw Db part of the input DSA
TRACE::2024-10-23.17:48:38::SCWMssOS::Checking the sw design at  C:/Users/ryand/OneDrive/Documents/Xilinx/ECE153A/Vitis/ECE153a_Lab1/ECE153A_Lab2/microblaze_0/standalone_microblaze_0/bsp/system.mss
TRACE::2024-10-23.17:48:38::SCWMssOS::DEBUG:  swdes dump  C:/Users/ryand/OneDrive/Documents/Xilinx/ECE153A/Vitis/ECE153a_Lab1/ECE153A_Lab2/microblaze_0/standalone_domain/bsp/system.mss|system_0||
C:/Users/ryand/OneDrive/Documents/Xilinx/ECE153A/Vitis/ECE153a_Lab1/ECE153A_Lab2/microblaze_0/standalone_microblaze_0/bsp/system.mss|system_1||
C:/Users/ryand/OneDrive/Documents/Xilinx/ECE153A/Vitis/ECE153a_Lab1/ECE153a_Lab1/microblaze_0/standalone_domain/bsp/system.mss|system||

TRACE::2024-10-23.17:48:38::SCWMssOS::Sw design exists and opened at  C:/Users/ryand/OneDrive/Documents/Xilinx/ECE153A/Vitis/ECE153a_Lab1/ECE153A_Lab2/microblaze_0/standalone_microblaze_0/bsp/system.mss
TRACE::2024-10-23.17:48:38::SCWPlatform::Trying to open the hw design at C:/Users/ryand/OneDrive/Documents/Xilinx/ECE153A/Vitis/ECE153a_Lab1/ECE153A_Lab2/hw/system_wrapper.xsa
TRACE::2024-10-23.17:48:38::SCWPlatform::DSA given C:/Users/ryand/OneDrive/Documents/Xilinx/ECE153A/Vitis/ECE153a_Lab1/ECE153A_Lab2/hw/system_wrapper.xsa
TRACE::2024-10-23.17:48:38::SCWPlatform::DSA absoulate path C:/Users/ryand/OneDrive/Documents/Xilinx/ECE153A/Vitis/ECE153a_Lab1/ECE153A_Lab2/hw/system_wrapper.xsa
TRACE::2024-10-23.17:48:38::SCWPlatform::DSA directory C:/Users/ryand/OneDrive/Documents/Xilinx/ECE153A/Vitis/ECE153a_Lab1/ECE153A_Lab2/hw
TRACE::2024-10-23.17:48:38::SCWPlatform:: Platform Path C:/Users/ryand/OneDrive/Documents/Xilinx/ECE153A/Vitis/ECE153a_Lab1/ECE153A_Lab2/hw/system_wrapper.xsa
TRACE::2024-10-23.17:48:38::SCWPlatform:: Unique name xilinx:::0.0
TRACE::2024-10-23.17:48:38::SCWPlatform::Trying to set the existing hwdb with name system_wrapper_1
TRACE::2024-10-23.17:48:38::SCWPlatform::Opened existing hwdb system_wrapper_1
TRACE::2024-10-23.17:48:38::SCWPlatform::Found the Hw Db part of the input DSA
TRACE::2024-10-23.17:48:38::SCWMssOS::Checking the sw design at  C:/Users/ryand/OneDrive/Documents/Xilinx/ECE153A/Vitis/ECE153a_Lab1/ECE153A_Lab2/microblaze_0/standalone_microblaze_0/bsp/system.mss
TRACE::2024-10-23.17:48:38::SCWMssOS::DEBUG:  swdes dump  C:/Users/ryand/OneDrive/Documents/Xilinx/ECE153A/Vitis/ECE153a_Lab1/ECE153A_Lab2/microblaze_0/standalone_domain/bsp/system.mss|system_0||
C:/Users/ryand/OneDrive/Documents/Xilinx/ECE153A/Vitis/ECE153a_Lab1/ECE153A_Lab2/microblaze_0/standalone_microblaze_0/bsp/system.mss|system_1||
C:/Users/ryand/OneDrive/Documents/Xilinx/ECE153A/Vitis/ECE153a_Lab1/ECE153a_Lab1/microblaze_0/standalone_domain/bsp/system.mss|system||

TRACE::2024-10-23.17:48:38::SCWMssOS::Sw design exists and opened at  C:/Users/ryand/OneDrive/Documents/Xilinx/ECE153A/Vitis/ECE153a_Lab1/ECE153A_Lab2/microblaze_0/standalone_microblaze_0/bsp/system.mss
TRACE::2024-10-23.17:48:38::SCWMssOS::Saving the mss changes C:/Users/ryand/OneDrive/Documents/Xilinx/ECE153A/Vitis/ECE153a_Lab1/ECE153A_Lab2/microblaze_0/standalone_domain/bsp/system.mss
TRACE::2024-10-23.17:48:38::SCWMssOS::Found a swdesign opened with the mssfile.
TRACE::2024-10-23.17:48:38::SCWMssOS::Completed writemss as part of save.
TRACE::2024-10-23.17:48:38::SCWMssOS::Commit changes completed.
TRACE::2024-10-23.17:48:38::SCWMssOS::Saving the mss changes C:/Users/ryand/OneDrive/Documents/Xilinx/ECE153A/Vitis/ECE153a_Lab1/ECE153A_Lab2/microblaze_0/standalone_microblaze_0/bsp/system.mss
TRACE::2024-10-23.17:48:38::SCWMssOS::Found a swdesign opened with the mssfile.
TRACE::2024-10-23.17:48:38::SCWMssOS::Completed writemss as part of save.
TRACE::2024-10-23.17:48:38::SCWMssOS::Commit changes completed.
TRACE::2024-10-23.17:48:38::SCWPlatform::Trying to open the hw design at C:/Users/ryand/OneDrive/Documents/Xilinx/ECE153A/Vitis/ECE153a_Lab1/ECE153A_Lab2/hw/system_wrapper.xsa
TRACE::2024-10-23.17:48:38::SCWPlatform::DSA given C:/Users/ryand/OneDrive/Documents/Xilinx/ECE153A/Vitis/ECE153a_Lab1/ECE153A_Lab2/hw/system_wrapper.xsa
TRACE::2024-10-23.17:48:38::SCWPlatform::DSA absoulate path C:/Users/ryand/OneDrive/Documents/Xilinx/ECE153A/Vitis/ECE153a_Lab1/ECE153A_Lab2/hw/system_wrapper.xsa
TRACE::2024-10-23.17:48:38::SCWPlatform::DSA directory C:/Users/ryand/OneDrive/Documents/Xilinx/ECE153A/Vitis/ECE153a_Lab1/ECE153A_Lab2/hw
TRACE::2024-10-23.17:48:38::SCWPlatform:: Platform Path C:/Users/ryand/OneDrive/Documents/Xilinx/ECE153A/Vitis/ECE153a_Lab1/ECE153A_Lab2/hw/system_wrapper.xsa
TRACE::2024-10-23.17:48:38::SCWPlatform:: Unique name xilinx:::0.0
TRACE::2024-10-23.17:48:38::SCWPlatform::Trying to set the existing hwdb with name system_wrapper_1
TRACE::2024-10-23.17:48:38::SCWPlatform::Opened existing hwdb system_wrapper_1
TRACE::2024-10-23.17:48:38::SCWPlatform::Found the Hw Db part of the input DSA
TRACE::2024-10-23.17:48:38::SCWMssOS::Checking the sw design at  C:/Users/ryand/OneDrive/Documents/Xilinx/ECE153A/Vitis/ECE153a_Lab1/ECE153A_Lab2/microblaze_0/standalone_domain/bsp/system.mss
TRACE::2024-10-23.17:48:38::SCWMssOS::DEBUG:  swdes dump  C:/Users/ryand/OneDrive/Documents/Xilinx/ECE153A/Vitis/ECE153a_Lab1/ECE153A_Lab2/microblaze_0/standalone_domain/bsp/system.mss|system_0||
C:/Users/ryand/OneDrive/Documents/Xilinx/ECE153A/Vitis/ECE153a_Lab1/ECE153A_Lab2/microblaze_0/standalone_microblaze_0/bsp/system.mss|system_1||
C:/Users/ryand/OneDrive/Documents/Xilinx/ECE153A/Vitis/ECE153a_Lab1/ECE153a_Lab1/microblaze_0/standalone_domain/bsp/system.mss|system||

TRACE::2024-10-23.17:48:38::SCWMssOS::Sw design exists and opened at  C:/Users/ryand/OneDrive/Documents/Xilinx/ECE153A/Vitis/ECE153a_Lab1/ECE153A_Lab2/microblaze_0/standalone_domain/bsp/system.mss
TRACE::2024-10-23.17:48:38::SCWPlatform::Trying to open the hw design at C:/Users/ryand/OneDrive/Documents/Xilinx/ECE153A/Vitis/ECE153a_Lab1/ECE153A_Lab2/hw/system_wrapper.xsa
TRACE::2024-10-23.17:48:38::SCWPlatform::DSA given C:/Users/ryand/OneDrive/Documents/Xilinx/ECE153A/Vitis/ECE153a_Lab1/ECE153A_Lab2/hw/system_wrapper.xsa
TRACE::2024-10-23.17:48:38::SCWPlatform::DSA absoulate path C:/Users/ryand/OneDrive/Documents/Xilinx/ECE153A/Vitis/ECE153a_Lab1/ECE153A_Lab2/hw/system_wrapper.xsa
TRACE::2024-10-23.17:48:38::SCWPlatform::DSA directory C:/Users/ryand/OneDrive/Documents/Xilinx/ECE153A/Vitis/ECE153a_Lab1/ECE153A_Lab2/hw
TRACE::2024-10-23.17:48:38::SCWPlatform:: Platform Path C:/Users/ryand/OneDrive/Documents/Xilinx/ECE153A/Vitis/ECE153a_Lab1/ECE153A_Lab2/hw/system_wrapper.xsa
TRACE::2024-10-23.17:48:38::SCWPlatform:: Unique name xilinx:::0.0
TRACE::2024-10-23.17:48:38::SCWPlatform::Trying to set the existing hwdb with name system_wrapper_1
TRACE::2024-10-23.17:48:38::SCWPlatform::Opened existing hwdb system_wrapper_1
TRACE::2024-10-23.17:48:38::SCWPlatform::Found the Hw Db part of the input DSA
TRACE::2024-10-23.17:48:38::SCWMssOS::Checking the sw design at  C:/Users/ryand/OneDrive/Documents/Xilinx/ECE153A/Vitis/ECE153a_Lab1/ECE153A_Lab2/microblaze_0/standalone_microblaze_0/bsp/system.mss
TRACE::2024-10-23.17:48:38::SCWMssOS::DEBUG:  swdes dump  C:/Users/ryand/OneDrive/Documents/Xilinx/ECE153A/Vitis/ECE153a_Lab1/ECE153A_Lab2/microblaze_0/standalone_domain/bsp/system.mss|system_0||
C:/Users/ryand/OneDrive/Documents/Xilinx/ECE153A/Vitis/ECE153a_Lab1/ECE153A_Lab2/microblaze_0/standalone_microblaze_0/bsp/system.mss|system_1||
C:/Users/ryand/OneDrive/Documents/Xilinx/ECE153A/Vitis/ECE153a_Lab1/ECE153a_Lab1/microblaze_0/standalone_domain/bsp/system.mss|system||

TRACE::2024-10-23.17:48:38::SCWMssOS::Sw design exists and opened at  C:/Users/ryand/OneDrive/Documents/Xilinx/ECE153A/Vitis/ECE153a_Lab1/ECE153A_Lab2/microblaze_0/standalone_microblaze_0/bsp/system.mss
TRACE::2024-10-23.17:48:38::SCWPlatform::Trying to open the hw design at C:/Users/ryand/OneDrive/Documents/Xilinx/ECE153A/Vitis/ECE153a_Lab1/ECE153A_Lab2/hw/system_wrapper.xsa
TRACE::2024-10-23.17:48:38::SCWPlatform::DSA given C:/Users/ryand/OneDrive/Documents/Xilinx/ECE153A/Vitis/ECE153a_Lab1/ECE153A_Lab2/hw/system_wrapper.xsa
TRACE::2024-10-23.17:48:38::SCWPlatform::DSA absoulate path C:/Users/ryand/OneDrive/Documents/Xilinx/ECE153A/Vitis/ECE153a_Lab1/ECE153A_Lab2/hw/system_wrapper.xsa
TRACE::2024-10-23.17:48:38::SCWPlatform::DSA directory C:/Users/ryand/OneDrive/Documents/Xilinx/ECE153A/Vitis/ECE153a_Lab1/ECE153A_Lab2/hw
TRACE::2024-10-23.17:48:38::SCWPlatform:: Platform Path C:/Users/ryand/OneDrive/Documents/Xilinx/ECE153A/Vitis/ECE153a_Lab1/ECE153A_Lab2/hw/system_wrapper.xsa
TRACE::2024-10-23.17:48:38::SCWPlatform:: Unique name xilinx:::0.0
TRACE::2024-10-23.17:48:38::SCWPlatform::Trying to set the existing hwdb with name system_wrapper_1
TRACE::2024-10-23.17:48:38::SCWPlatform::Opened existing hwdb system_wrapper_1
TRACE::2024-10-23.17:48:38::SCWPlatform::Found the Hw Db part of the input DSA
TRACE::2024-10-23.17:48:38::SCWMssOS::Checking the sw design at  C:/Users/ryand/OneDrive/Documents/Xilinx/ECE153A/Vitis/ECE153a_Lab1/ECE153A_Lab2/microblaze_0/standalone_microblaze_0/bsp/system.mss
TRACE::2024-10-23.17:48:38::SCWMssOS::DEBUG:  swdes dump  C:/Users/ryand/OneDrive/Documents/Xilinx/ECE153A/Vitis/ECE153a_Lab1/ECE153A_Lab2/microblaze_0/standalone_domain/bsp/system.mss|system_0||
C:/Users/ryand/OneDrive/Documents/Xilinx/ECE153A/Vitis/ECE153a_Lab1/ECE153A_Lab2/microblaze_0/standalone_microblaze_0/bsp/system.mss|system_1||
C:/Users/ryand/OneDrive/Documents/Xilinx/ECE153A/Vitis/ECE153a_Lab1/ECE153a_Lab1/microblaze_0/standalone_domain/bsp/system.mss|system||

TRACE::2024-10-23.17:48:38::SCWMssOS::Sw design exists and opened at  C:/Users/ryand/OneDrive/Documents/Xilinx/ECE153A/Vitis/ECE153a_Lab1/ECE153A_Lab2/microblaze_0/standalone_microblaze_0/bsp/system.mss
TRACE::2024-10-23.17:48:38::SCWPlatform::Trying to open the hw design at C:/Users/ryand/OneDrive/Documents/Xilinx/ECE153A/Vitis/ECE153a_Lab1/ECE153A_Lab2/hw/system_wrapper.xsa
TRACE::2024-10-23.17:48:38::SCWPlatform::DSA given C:/Users/ryand/OneDrive/Documents/Xilinx/ECE153A/Vitis/ECE153a_Lab1/ECE153A_Lab2/hw/system_wrapper.xsa
TRACE::2024-10-23.17:48:38::SCWPlatform::DSA absoulate path C:/Users/ryand/OneDrive/Documents/Xilinx/ECE153A/Vitis/ECE153a_Lab1/ECE153A_Lab2/hw/system_wrapper.xsa
TRACE::2024-10-23.17:48:38::SCWPlatform::DSA directory C:/Users/ryand/OneDrive/Documents/Xilinx/ECE153A/Vitis/ECE153a_Lab1/ECE153A_Lab2/hw
TRACE::2024-10-23.17:48:38::SCWPlatform:: Platform Path C:/Users/ryand/OneDrive/Documents/Xilinx/ECE153A/Vitis/ECE153a_Lab1/ECE153A_Lab2/hw/system_wrapper.xsa
TRACE::2024-10-23.17:48:38::SCWPlatform:: Unique name xilinx:::0.0
TRACE::2024-10-23.17:48:38::SCWPlatform::Trying to set the existing hwdb with name system_wrapper_1
TRACE::2024-10-23.17:48:38::SCWPlatform::Opened existing hwdb system_wrapper_1
TRACE::2024-10-23.17:48:38::SCWPlatform::Found the Hw Db part of the input DSA
TRACE::2024-10-23.17:48:38::SCWMssOS::Checking the sw design at  C:/Users/ryand/OneDrive/Documents/Xilinx/ECE153A/Vitis/ECE153a_Lab1/ECE153A_Lab2/microblaze_0/standalone_microblaze_0/bsp/system.mss
TRACE::2024-10-23.17:48:38::SCWMssOS::DEBUG:  swdes dump  C:/Users/ryand/OneDrive/Documents/Xilinx/ECE153A/Vitis/ECE153a_Lab1/ECE153A_Lab2/microblaze_0/standalone_domain/bsp/system.mss|system_0||
C:/Users/ryand/OneDrive/Documents/Xilinx/ECE153A/Vitis/ECE153a_Lab1/ECE153A_Lab2/microblaze_0/standalone_microblaze_0/bsp/system.mss|system_1||
C:/Users/ryand/OneDrive/Documents/Xilinx/ECE153A/Vitis/ECE153a_Lab1/ECE153a_Lab1/microblaze_0/standalone_domain/bsp/system.mss|system||

TRACE::2024-10-23.17:48:38::SCWMssOS::Sw design exists and opened at  C:/Users/ryand/OneDrive/Documents/Xilinx/ECE153A/Vitis/ECE153a_Lab1/ECE153A_Lab2/microblaze_0/standalone_microblaze_0/bsp/system.mss
TRACE::2024-10-23.17:48:38::SCWWriter::formatted JSON is {
	"platformName":	"ECE153A_Lab2",
	"sprVersion":	"2.0",
	"mode":	"gui",
	"dsaType":	"Fixed",
	"platformDesc":	"ECE153A_Lab2",
	"platHandOff":	"C:/Users/ryand/OneDrive/Documents/Xilinx/ECE153A/Vivado/ECE_153A_Lab2/system_wrapper.xsa",
	"platIntHandOff":	"<platformDir>/hw/system_wrapper.xsa",
	"deviceType":	"FPGA",
	"platIsPrebuiltAutogen":	"false",
	"platIsNoBootBsp":	"false",
	"hasFsblMakeHasChanges":	"false",
	"hasPmufwMakeHasChanges":	"false",
	"platPreBuiltFlag":	false,
	"platformSamplesDir":	"",
	"platActiveSys":	"ECE153A_Lab2",
	"systems":	[{
			"systemName":	"ECE153A_Lab2",
			"systemDesc":	"ECE153A_Lab2",
			"sysIsBootAutoGen":	"true",
			"systemDispName":	"ECE153A_Lab2",
			"sysActiveDom":	"standalone_microblaze_0",
			"sysDefaultDom":	"standalone_microblaze_0",
			"domains":	[{
					"domainName":	"standalone_domain",
					"domainDispName":	"standalone on microblaze_0",
					"domainDesc":	"standalone_domain",
					"processors":	"microblaze_0",
					"os":	"standalone",
					"sdxOs":	"standalone",
					"debugEnable":	"False",
					"domRuntimes":	["cpp"],
					"swRepo":	"",
					"mssOsVer":	"7.7",
					"mssFile":	"",
					"md5Digest":	"d1ce4974d99fcaad63c46033b36a65aa",
					"compatibleApp":	"",
					"domType":	"mssDomain",
					"arch":	"32-bit",
					"appSettings":	{
						"appCompilerFlags":	"",
						"appLinkerFlags":	""
					},
					"addedLibs":	[],
					"libOptions":	{
						"libsContainingOptions":	[]
					},
					"changedDrivers":	{
						"sevenSeg_0":	"generic:3.0",
						"changedCells":	["sevenSeg_0"]
					},
					"prebuiltLibs":	{
						"prebuiltIncPath":	[],
						"prebuiltLibPath":	[]
					},
					"isolation":	{
					}
				}, {
					"domainName":	"standalone_microblaze_0",
					"domainDispName":	"standalone_microblaze_0",
					"domainDesc":	"standalone_microblaze_0",
					"processors":	"microblaze_0",
					"os":	"standalone",
					"sdxOs":	"standalone",
					"debugEnable":	"False",
					"domRuntimes":	["cpp"],
					"swRepo":	"",
					"mssOsVer":	"7.7",
					"mssFile":	"",
					"md5Digest":	"a81c1ae732d4395aafba8ca2598dad86",
					"compatibleApp":	"hello_world",
					"domType":	"mssDomain",
					"arch":	"32-bit",
					"appSettings":	{
						"appCompilerFlags":	"",
						"appLinkerFlags":	""
					},
					"addedLibs":	[],
					"libOptions":	{
						"libsContainingOptions":	[]
					},
					"prebuiltLibs":	{
						"prebuiltIncPath":	[],
						"prebuiltLibPath":	[]
					},
					"isolation":	{
					}
				}]
		}]
}
LOG::2024-10-23.17:48:38::SCWPlatform::Started generating the artifacts platform ECE153A_Lab2
TRACE::2024-10-23.17:48:38::SCWPlatform::Sanity checking of platform is completed
LOG::2024-10-23.17:48:38::SCWPlatform::Started generating the artifacts for system configuration ECE153A_Lab2
LOG::2024-10-23.17:48:38::SCWSystem::Started Processing the domain standalone_domain
TRACE::2024-10-23.17:48:38::SCWDomain::Generating domain artifcats
TRACE::2024-10-23.17:48:38::SCWMssOS::Generating standalone artifcats
TRACE::2024-10-23.17:48:38::SCWMssOS:: Copying the user libraries. 
TRACE::2024-10-23.17:48:38::SCWPlatform::Trying to open the hw design at C:/Users/ryand/OneDrive/Documents/Xilinx/ECE153A/Vitis/ECE153a_Lab1/ECE153A_Lab2/hw/system_wrapper.xsa
TRACE::2024-10-23.17:48:38::SCWPlatform::DSA given C:/Users/ryand/OneDrive/Documents/Xilinx/ECE153A/Vitis/ECE153a_Lab1/ECE153A_Lab2/hw/system_wrapper.xsa
TRACE::2024-10-23.17:48:38::SCWPlatform::DSA absoulate path C:/Users/ryand/OneDrive/Documents/Xilinx/ECE153A/Vitis/ECE153a_Lab1/ECE153A_Lab2/hw/system_wrapper.xsa
TRACE::2024-10-23.17:48:38::SCWPlatform::DSA directory C:/Users/ryand/OneDrive/Documents/Xilinx/ECE153A/Vitis/ECE153a_Lab1/ECE153A_Lab2/hw
TRACE::2024-10-23.17:48:38::SCWPlatform:: Platform Path C:/Users/ryand/OneDrive/Documents/Xilinx/ECE153A/Vitis/ECE153a_Lab1/ECE153A_Lab2/hw/system_wrapper.xsa
TRACE::2024-10-23.17:48:38::SCWPlatform:: Unique name xilinx:::0.0
TRACE::2024-10-23.17:48:38::SCWPlatform::Trying to set the existing hwdb with name system_wrapper_1
TRACE::2024-10-23.17:48:38::SCWPlatform::Opened existing hwdb system_wrapper_1
TRACE::2024-10-23.17:48:38::SCWPlatform::Found the Hw Db part of the input DSA
TRACE::2024-10-23.17:48:38::SCWMssOS::Checking the sw design at  C:/Users/ryand/OneDrive/Documents/Xilinx/ECE153A/Vitis/ECE153a_Lab1/ECE153A_Lab2/microblaze_0/standalone_domain/bsp/system.mss
TRACE::2024-10-23.17:48:38::SCWMssOS::DEBUG:  swdes dump  C:/Users/ryand/OneDrive/Documents/Xilinx/ECE153A/Vitis/ECE153a_Lab1/ECE153A_Lab2/microblaze_0/standalone_domain/bsp/system.mss|system_0||
C:/Users/ryand/OneDrive/Documents/Xilinx/ECE153A/Vitis/ECE153a_Lab1/ECE153A_Lab2/microblaze_0/standalone_microblaze_0/bsp/system.mss|system_1||
C:/Users/ryand/OneDrive/Documents/Xilinx/ECE153A/Vitis/ECE153a_Lab1/ECE153a_Lab1/microblaze_0/standalone_domain/bsp/system.mss|system||

TRACE::2024-10-23.17:48:38::SCWMssOS::Sw design exists and opened at  C:/Users/ryand/OneDrive/Documents/Xilinx/ECE153A/Vitis/ECE153a_Lab1/ECE153A_Lab2/microblaze_0/standalone_domain/bsp/system.mss
TRACE::2024-10-23.17:48:38::SCWMssOS::Completed writing the mss file at C:/Users/ryand/OneDrive/Documents/Xilinx/ECE153A/Vitis/ECE153a_Lab1/ECE153A_Lab2/microblaze_0/standalone_domain/bsp
TRACE::2024-10-23.17:48:38::SCWMssOS::Mss edits present, copying mssfile into export location C:/Users/ryand/OneDrive/Documents/Xilinx/ECE153A/Vitis/ECE153a_Lab1/ECE153A_Lab2/microblaze_0/standalone_domain/bsp/system.mss
TRACE::2024-10-23.17:48:38::SCWMssOS::bsp generated is upto date with the mss file. Skipping bsp generation.
TRACE::2024-10-23.17:48:38::SCWMssOS::BSP is already built. skipping the bsp build ... 
TRACE::2024-10-23.17:48:38::SCWDomain::Building the domain as part of full build :  standalone_domain
TRACE::2024-10-23.17:48:38::SCWMssOS::skipping the bsp build ... 
TRACE::2024-10-23.17:48:38::SCWMssOS::Copying to export directory.
TRACE::2024-10-23.17:48:38::SCWMssOS:: Checking if to create the Supporting Applications
TRACE::2024-10-23.17:48:38::SCWMssOS:: No Linux domain exists, trying to generate FSBL 
LOG::2024-10-23.17:48:38::SCWSystem::Completed Processing the domain standalone_domain
LOG::2024-10-23.17:48:38::SCWSystem::Started Processing the domain standalone_microblaze_0
TRACE::2024-10-23.17:48:38::SCWDomain::Generating domain artifcats
TRACE::2024-10-23.17:48:38::SCWMssOS::Generating standalone artifcats
TRACE::2024-10-23.17:48:38::SCWMssOS:: Copying the user libraries. 
TRACE::2024-10-23.17:48:38::SCWPlatform::Trying to open the hw design at C:/Users/ryand/OneDrive/Documents/Xilinx/ECE153A/Vitis/ECE153a_Lab1/ECE153A_Lab2/hw/system_wrapper.xsa
TRACE::2024-10-23.17:48:38::SCWPlatform::DSA given C:/Users/ryand/OneDrive/Documents/Xilinx/ECE153A/Vitis/ECE153a_Lab1/ECE153A_Lab2/hw/system_wrapper.xsa
TRACE::2024-10-23.17:48:38::SCWPlatform::DSA absoulate path C:/Users/ryand/OneDrive/Documents/Xilinx/ECE153A/Vitis/ECE153a_Lab1/ECE153A_Lab2/hw/system_wrapper.xsa
TRACE::2024-10-23.17:48:38::SCWPlatform::DSA directory C:/Users/ryand/OneDrive/Documents/Xilinx/ECE153A/Vitis/ECE153a_Lab1/ECE153A_Lab2/hw
TRACE::2024-10-23.17:48:38::SCWPlatform:: Platform Path C:/Users/ryand/OneDrive/Documents/Xilinx/ECE153A/Vitis/ECE153a_Lab1/ECE153A_Lab2/hw/system_wrapper.xsa
TRACE::2024-10-23.17:48:38::SCWPlatform:: Unique name xilinx:::0.0
TRACE::2024-10-23.17:48:38::SCWPlatform::Trying to set the existing hwdb with name system_wrapper_1
TRACE::2024-10-23.17:48:38::SCWPlatform::Opened existing hwdb system_wrapper_1
TRACE::2024-10-23.17:48:38::SCWPlatform::Found the Hw Db part of the input DSA
TRACE::2024-10-23.17:48:38::SCWMssOS::Checking the sw design at  C:/Users/ryand/OneDrive/Documents/Xilinx/ECE153A/Vitis/ECE153a_Lab1/ECE153A_Lab2/microblaze_0/standalone_microblaze_0/bsp/system.mss
TRACE::2024-10-23.17:48:38::SCWMssOS::DEBUG:  swdes dump  C:/Users/ryand/OneDrive/Documents/Xilinx/ECE153A/Vitis/ECE153a_Lab1/ECE153A_Lab2/microblaze_0/standalone_domain/bsp/system.mss|system_0||
C:/Users/ryand/OneDrive/Documents/Xilinx/ECE153A/Vitis/ECE153a_Lab1/ECE153A_Lab2/microblaze_0/standalone_microblaze_0/bsp/system.mss|system_1||
C:/Users/ryand/OneDrive/Documents/Xilinx/ECE153A/Vitis/ECE153a_Lab1/ECE153a_Lab1/microblaze_0/standalone_domain/bsp/system.mss|system||

TRACE::2024-10-23.17:48:38::SCWMssOS::Sw design exists and opened at  C:/Users/ryand/OneDrive/Documents/Xilinx/ECE153A/Vitis/ECE153a_Lab1/ECE153A_Lab2/microblaze_0/standalone_microblaze_0/bsp/system.mss
TRACE::2024-10-23.17:48:38::SCWMssOS::Completed writing the mss file at C:/Users/ryand/OneDrive/Documents/Xilinx/ECE153A/Vitis/ECE153a_Lab1/ECE153A_Lab2/microblaze_0/standalone_microblaze_0/bsp
TRACE::2024-10-23.17:48:38::SCWMssOS::Mss edits present, copying mssfile into export location C:/Users/ryand/OneDrive/Documents/Xilinx/ECE153A/Vitis/ECE153a_Lab1/ECE153A_Lab2/microblaze_0/standalone_microblaze_0/bsp/system.mss
TRACE::2024-10-23.17:48:38::SCWMssOS::bsp generated is upto date with the mss file. Skipping bsp generation.
TRACE::2024-10-23.17:48:38::SCWMssOS::BSP is already built. skipping the bsp build ... 
TRACE::2024-10-23.17:48:38::SCWDomain::Building the domain as part of full build :  standalone_microblaze_0
TRACE::2024-10-23.17:48:38::SCWMssOS::skipping the bsp build ... 
TRACE::2024-10-23.17:48:38::SCWMssOS::Copying to export directory.
TRACE::2024-10-23.17:48:38::SCWMssOS:: Checking if to create the Supporting Applications
TRACE::2024-10-23.17:48:38::SCWMssOS:: No Linux domain exists, trying to generate FSBL 
LOG::2024-10-23.17:48:38::SCWSystem::Completed Processing the domain standalone_microblaze_0
LOG::2024-10-23.17:48:38::SCWSystem::Completed Processing the sysconfig ECE153A_Lab2
LOG::2024-10-23.17:48:38::SCWPlatform::Completed generating the artifacts for system configuration ECE153A_Lab2
TRACE::2024-10-23.17:48:38::SCWPlatform::Started preparing the platform 
TRACE::2024-10-23.17:48:38::SCWSystem::Writing the bif file for system config ECE153A_Lab2
TRACE::2024-10-23.17:48:38::SCWSystem::dir created 
TRACE::2024-10-23.17:48:38::SCWSystem::Writing the bif 
TRACE::2024-10-23.17:48:38::SCWPlatform::Started writing the spfm file 
TRACE::2024-10-23.17:48:38::SCWPlatform::Started writing the xpfm file 
TRACE::2024-10-23.17:48:38::SCWPlatform::Completed generating the platform
TRACE::2024-10-23.17:48:38::SCWMssOS::Saving the mss changes C:/Users/ryand/OneDrive/Documents/Xilinx/ECE153A/Vitis/ECE153a_Lab1/ECE153A_Lab2/microblaze_0/standalone_domain/bsp/system.mss
TRACE::2024-10-23.17:48:38::SCWMssOS::Found a swdesign opened with the mssfile.
TRACE::2024-10-23.17:48:38::SCWMssOS::Completed writemss as part of save.
TRACE::2024-10-23.17:48:38::SCWMssOS::Commit changes completed.
TRACE::2024-10-23.17:48:38::SCWMssOS::Saving the mss changes C:/Users/ryand/OneDrive/Documents/Xilinx/ECE153A/Vitis/ECE153a_Lab1/ECE153A_Lab2/microblaze_0/standalone_microblaze_0/bsp/system.mss
TRACE::2024-10-23.17:48:38::SCWMssOS::Found a swdesign opened with the mssfile.
TRACE::2024-10-23.17:48:38::SCWMssOS::Completed writemss as part of save.
TRACE::2024-10-23.17:48:38::SCWMssOS::Commit changes completed.
TRACE::2024-10-23.17:48:38::SCWPlatform::Trying to open the hw design at C:/Users/ryand/OneDrive/Documents/Xilinx/ECE153A/Vitis/ECE153a_Lab1/ECE153A_Lab2/hw/system_wrapper.xsa
TRACE::2024-10-23.17:48:38::SCWPlatform::DSA given C:/Users/ryand/OneDrive/Documents/Xilinx/ECE153A/Vitis/ECE153a_Lab1/ECE153A_Lab2/hw/system_wrapper.xsa
TRACE::2024-10-23.17:48:39::SCWPlatform::DSA absoulate path C:/Users/ryand/OneDrive/Documents/Xilinx/ECE153A/Vitis/ECE153a_Lab1/ECE153A_Lab2/hw/system_wrapper.xsa
TRACE::2024-10-23.17:48:39::SCWPlatform::DSA directory C:/Users/ryand/OneDrive/Documents/Xilinx/ECE153A/Vitis/ECE153a_Lab1/ECE153A_Lab2/hw
TRACE::2024-10-23.17:48:39::SCWPlatform:: Platform Path C:/Users/ryand/OneDrive/Documents/Xilinx/ECE153A/Vitis/ECE153a_Lab1/ECE153A_Lab2/hw/system_wrapper.xsa
TRACE::2024-10-23.17:48:39::SCWPlatform:: Unique name xilinx:::0.0
TRACE::2024-10-23.17:48:39::SCWPlatform::Trying to set the existing hwdb with name system_wrapper_1
TRACE::2024-10-23.17:48:39::SCWPlatform::Opened existing hwdb system_wrapper_1
TRACE::2024-10-23.17:48:39::SCWPlatform::Found the Hw Db part of the input DSA
TRACE::2024-10-23.17:48:39::SCWMssOS::Checking the sw design at  C:/Users/ryand/OneDrive/Documents/Xilinx/ECE153A/Vitis/ECE153a_Lab1/ECE153A_Lab2/microblaze_0/standalone_domain/bsp/system.mss
TRACE::2024-10-23.17:48:39::SCWMssOS::DEBUG:  swdes dump  C:/Users/ryand/OneDrive/Documents/Xilinx/ECE153A/Vitis/ECE153a_Lab1/ECE153A_Lab2/microblaze_0/standalone_domain/bsp/system.mss|system_0||
C:/Users/ryand/OneDrive/Documents/Xilinx/ECE153A/Vitis/ECE153a_Lab1/ECE153A_Lab2/microblaze_0/standalone_microblaze_0/bsp/system.mss|system_1||
C:/Users/ryand/OneDrive/Documents/Xilinx/ECE153A/Vitis/ECE153a_Lab1/ECE153a_Lab1/microblaze_0/standalone_domain/bsp/system.mss|system||

TRACE::2024-10-23.17:48:39::SCWMssOS::Sw design exists and opened at  C:/Users/ryand/OneDrive/Documents/Xilinx/ECE153A/Vitis/ECE153a_Lab1/ECE153A_Lab2/microblaze_0/standalone_domain/bsp/system.mss
TRACE::2024-10-23.17:48:39::SCWPlatform::Trying to open the hw design at C:/Users/ryand/OneDrive/Documents/Xilinx/ECE153A/Vitis/ECE153a_Lab1/ECE153A_Lab2/hw/system_wrapper.xsa
TRACE::2024-10-23.17:48:39::SCWPlatform::DSA given C:/Users/ryand/OneDrive/Documents/Xilinx/ECE153A/Vitis/ECE153a_Lab1/ECE153A_Lab2/hw/system_wrapper.xsa
TRACE::2024-10-23.17:48:39::SCWPlatform::DSA absoulate path C:/Users/ryand/OneDrive/Documents/Xilinx/ECE153A/Vitis/ECE153a_Lab1/ECE153A_Lab2/hw/system_wrapper.xsa
TRACE::2024-10-23.17:48:39::SCWPlatform::DSA directory C:/Users/ryand/OneDrive/Documents/Xilinx/ECE153A/Vitis/ECE153a_Lab1/ECE153A_Lab2/hw
TRACE::2024-10-23.17:48:39::SCWPlatform:: Platform Path C:/Users/ryand/OneDrive/Documents/Xilinx/ECE153A/Vitis/ECE153a_Lab1/ECE153A_Lab2/hw/system_wrapper.xsa
TRACE::2024-10-23.17:48:39::SCWPlatform:: Unique name xilinx:::0.0
TRACE::2024-10-23.17:48:39::SCWPlatform::Trying to set the existing hwdb with name system_wrapper_1
TRACE::2024-10-23.17:48:39::SCWPlatform::Opened existing hwdb system_wrapper_1
TRACE::2024-10-23.17:48:39::SCWPlatform::Found the Hw Db part of the input DSA
TRACE::2024-10-23.17:48:39::SCWMssOS::Checking the sw design at  C:/Users/ryand/OneDrive/Documents/Xilinx/ECE153A/Vitis/ECE153a_Lab1/ECE153A_Lab2/microblaze_0/standalone_microblaze_0/bsp/system.mss
TRACE::2024-10-23.17:48:39::SCWMssOS::DEBUG:  swdes dump  C:/Users/ryand/OneDrive/Documents/Xilinx/ECE153A/Vitis/ECE153a_Lab1/ECE153A_Lab2/microblaze_0/standalone_domain/bsp/system.mss|system_0||
C:/Users/ryand/OneDrive/Documents/Xilinx/ECE153A/Vitis/ECE153a_Lab1/ECE153A_Lab2/microblaze_0/standalone_microblaze_0/bsp/system.mss|system_1||
C:/Users/ryand/OneDrive/Documents/Xilinx/ECE153A/Vitis/ECE153a_Lab1/ECE153a_Lab1/microblaze_0/standalone_domain/bsp/system.mss|system||

TRACE::2024-10-23.17:48:39::SCWMssOS::Sw design exists and opened at  C:/Users/ryand/OneDrive/Documents/Xilinx/ECE153A/Vitis/ECE153a_Lab1/ECE153A_Lab2/microblaze_0/standalone_microblaze_0/bsp/system.mss
TRACE::2024-10-23.17:48:39::SCWPlatform::Trying to open the hw design at C:/Users/ryand/OneDrive/Documents/Xilinx/ECE153A/Vitis/ECE153a_Lab1/ECE153A_Lab2/hw/system_wrapper.xsa
TRACE::2024-10-23.17:48:39::SCWPlatform::DSA given C:/Users/ryand/OneDrive/Documents/Xilinx/ECE153A/Vitis/ECE153a_Lab1/ECE153A_Lab2/hw/system_wrapper.xsa
TRACE::2024-10-23.17:48:39::SCWPlatform::DSA absoulate path C:/Users/ryand/OneDrive/Documents/Xilinx/ECE153A/Vitis/ECE153a_Lab1/ECE153A_Lab2/hw/system_wrapper.xsa
TRACE::2024-10-23.17:48:39::SCWPlatform::DSA directory C:/Users/ryand/OneDrive/Documents/Xilinx/ECE153A/Vitis/ECE153a_Lab1/ECE153A_Lab2/hw
TRACE::2024-10-23.17:48:39::SCWPlatform:: Platform Path C:/Users/ryand/OneDrive/Documents/Xilinx/ECE153A/Vitis/ECE153a_Lab1/ECE153A_Lab2/hw/system_wrapper.xsa
TRACE::2024-10-23.17:48:39::SCWPlatform:: Unique name xilinx:::0.0
TRACE::2024-10-23.17:48:39::SCWPlatform::Trying to set the existing hwdb with name system_wrapper_1
TRACE::2024-10-23.17:48:39::SCWPlatform::Opened existing hwdb system_wrapper_1
TRACE::2024-10-23.17:48:39::SCWPlatform::Found the Hw Db part of the input DSA
TRACE::2024-10-23.17:48:39::SCWMssOS::Checking the sw design at  C:/Users/ryand/OneDrive/Documents/Xilinx/ECE153A/Vitis/ECE153a_Lab1/ECE153A_Lab2/microblaze_0/standalone_microblaze_0/bsp/system.mss
TRACE::2024-10-23.17:48:39::SCWMssOS::DEBUG:  swdes dump  C:/Users/ryand/OneDrive/Documents/Xilinx/ECE153A/Vitis/ECE153a_Lab1/ECE153A_Lab2/microblaze_0/standalone_domain/bsp/system.mss|system_0||
C:/Users/ryand/OneDrive/Documents/Xilinx/ECE153A/Vitis/ECE153a_Lab1/ECE153A_Lab2/microblaze_0/standalone_microblaze_0/bsp/system.mss|system_1||
C:/Users/ryand/OneDrive/Documents/Xilinx/ECE153A/Vitis/ECE153a_Lab1/ECE153a_Lab1/microblaze_0/standalone_domain/bsp/system.mss|system||

TRACE::2024-10-23.17:48:39::SCWMssOS::Sw design exists and opened at  C:/Users/ryand/OneDrive/Documents/Xilinx/ECE153A/Vitis/ECE153a_Lab1/ECE153A_Lab2/microblaze_0/standalone_microblaze_0/bsp/system.mss
TRACE::2024-10-23.17:48:39::SCWPlatform::Trying to open the hw design at C:/Users/ryand/OneDrive/Documents/Xilinx/ECE153A/Vitis/ECE153a_Lab1/ECE153A_Lab2/hw/system_wrapper.xsa
TRACE::2024-10-23.17:48:39::SCWPlatform::DSA given C:/Users/ryand/OneDrive/Documents/Xilinx/ECE153A/Vitis/ECE153a_Lab1/ECE153A_Lab2/hw/system_wrapper.xsa
TRACE::2024-10-23.17:48:39::SCWPlatform::DSA absoulate path C:/Users/ryand/OneDrive/Documents/Xilinx/ECE153A/Vitis/ECE153a_Lab1/ECE153A_Lab2/hw/system_wrapper.xsa
TRACE::2024-10-23.17:48:39::SCWPlatform::DSA directory C:/Users/ryand/OneDrive/Documents/Xilinx/ECE153A/Vitis/ECE153a_Lab1/ECE153A_Lab2/hw
TRACE::2024-10-23.17:48:39::SCWPlatform:: Platform Path C:/Users/ryand/OneDrive/Documents/Xilinx/ECE153A/Vitis/ECE153a_Lab1/ECE153A_Lab2/hw/system_wrapper.xsa
TRACE::2024-10-23.17:48:39::SCWPlatform:: Unique name xilinx:::0.0
TRACE::2024-10-23.17:48:39::SCWPlatform::Trying to set the existing hwdb with name system_wrapper_1
TRACE::2024-10-23.17:48:39::SCWPlatform::Opened existing hwdb system_wrapper_1
TRACE::2024-10-23.17:48:39::SCWPlatform::Found the Hw Db part of the input DSA
TRACE::2024-10-23.17:48:39::SCWMssOS::Checking the sw design at  C:/Users/ryand/OneDrive/Documents/Xilinx/ECE153A/Vitis/ECE153a_Lab1/ECE153A_Lab2/microblaze_0/standalone_microblaze_0/bsp/system.mss
TRACE::2024-10-23.17:48:39::SCWMssOS::DEBUG:  swdes dump  C:/Users/ryand/OneDrive/Documents/Xilinx/ECE153A/Vitis/ECE153a_Lab1/ECE153A_Lab2/microblaze_0/standalone_domain/bsp/system.mss|system_0||
C:/Users/ryand/OneDrive/Documents/Xilinx/ECE153A/Vitis/ECE153a_Lab1/ECE153A_Lab2/microblaze_0/standalone_microblaze_0/bsp/system.mss|system_1||
C:/Users/ryand/OneDrive/Documents/Xilinx/ECE153A/Vitis/ECE153a_Lab1/ECE153a_Lab1/microblaze_0/standalone_domain/bsp/system.mss|system||

TRACE::2024-10-23.17:48:39::SCWMssOS::Sw design exists and opened at  C:/Users/ryand/OneDrive/Documents/Xilinx/ECE153A/Vitis/ECE153a_Lab1/ECE153A_Lab2/microblaze_0/standalone_microblaze_0/bsp/system.mss
TRACE::2024-10-23.17:48:39::SCWWriter::formatted JSON is {
	"platformName":	"ECE153A_Lab2",
	"sprVersion":	"2.0",
	"mode":	"gui",
	"dsaType":	"Fixed",
	"platformDesc":	"ECE153A_Lab2",
	"platHandOff":	"C:/Users/ryand/OneDrive/Documents/Xilinx/ECE153A/Vivado/ECE_153A_Lab2/system_wrapper.xsa",
	"platIntHandOff":	"<platformDir>/hw/system_wrapper.xsa",
	"deviceType":	"FPGA",
	"platIsPrebuiltAutogen":	"false",
	"platIsNoBootBsp":	"false",
	"hasFsblMakeHasChanges":	"false",
	"hasPmufwMakeHasChanges":	"false",
	"platPreBuiltFlag":	false,
	"platformSamplesDir":	"",
	"platActiveSys":	"ECE153A_Lab2",
	"systems":	[{
			"systemName":	"ECE153A_Lab2",
			"systemDesc":	"ECE153A_Lab2",
			"sysIsBootAutoGen":	"true",
			"systemDispName":	"ECE153A_Lab2",
			"sysActiveDom":	"standalone_microblaze_0",
			"sysDefaultDom":	"standalone_microblaze_0",
			"domains":	[{
					"domainName":	"standalone_domain",
					"domainDispName":	"standalone on microblaze_0",
					"domainDesc":	"standalone_domain",
					"processors":	"microblaze_0",
					"os":	"standalone",
					"sdxOs":	"standalone",
					"debugEnable":	"False",
					"domRuntimes":	["cpp"],
					"swRepo":	"",
					"mssOsVer":	"7.7",
					"mssFile":	"",
					"md5Digest":	"d1ce4974d99fcaad63c46033b36a65aa",
					"compatibleApp":	"",
					"domType":	"mssDomain",
					"arch":	"32-bit",
					"appSettings":	{
						"appCompilerFlags":	"",
						"appLinkerFlags":	""
					},
					"addedLibs":	[],
					"libOptions":	{
						"libsContainingOptions":	[]
					},
					"changedDrivers":	{
						"sevenSeg_0":	"generic:3.0",
						"changedCells":	["sevenSeg_0"]
					},
					"prebuiltLibs":	{
						"prebuiltIncPath":	[],
						"prebuiltLibPath":	[]
					},
					"isolation":	{
					}
				}, {
					"domainName":	"standalone_microblaze_0",
					"domainDispName":	"standalone_microblaze_0",
					"domainDesc":	"standalone_microblaze_0",
					"processors":	"microblaze_0",
					"os":	"standalone",
					"sdxOs":	"standalone",
					"debugEnable":	"False",
					"domRuntimes":	["cpp"],
					"swRepo":	"",
					"mssOsVer":	"7.7",
					"mssFile":	"",
					"md5Digest":	"a81c1ae732d4395aafba8ca2598dad86",
					"compatibleApp":	"hello_world",
					"domType":	"mssDomain",
					"arch":	"32-bit",
					"appSettings":	{
						"appCompilerFlags":	"",
						"appLinkerFlags":	""
					},
					"addedLibs":	[],
					"libOptions":	{
						"libsContainingOptions":	[]
					},
					"prebuiltLibs":	{
						"prebuiltIncPath":	[],
						"prebuiltLibPath":	[]
					},
					"isolation":	{
					}
				}]
		}]
}
KEYINFO::2024-10-23.17:48:39::SCWPlatform::updated the xpfm file.
LOG::2024-10-23.17:49:23::SCWPlatform::Started generating the artifacts platform ECE153A_Lab2
TRACE::2024-10-23.17:49:23::SCWPlatform::Sanity checking of platform is completed
LOG::2024-10-23.17:49:23::SCWPlatform::Started generating the artifacts for system configuration ECE153A_Lab2
LOG::2024-10-23.17:49:23::SCWSystem::Checking the domain standalone_domain
LOG::2024-10-23.17:49:23::SCWSystem::Not a boot domain 
LOG::2024-10-23.17:49:23::SCWSystem::Checking the domain standalone_microblaze_0
LOG::2024-10-23.17:49:23::SCWSystem::Not a boot domain 
LOG::2024-10-23.17:49:23::SCWSystem::Started Processing the domain standalone_domain
TRACE::2024-10-23.17:49:23::SCWDomain::Generating domain artifcats
TRACE::2024-10-23.17:49:23::SCWMssOS::Generating standalone artifcats
TRACE::2024-10-23.17:49:23::SCWMssOS:: Copying the user libraries. 
TRACE::2024-10-23.17:49:23::SCWPlatform::Trying to open the hw design at C:/Users/ryand/OneDrive/Documents/Xilinx/ECE153A/Vitis/ECE153a_Lab1/ECE153A_Lab2/hw/system_wrapper.xsa
TRACE::2024-10-23.17:49:23::SCWPlatform::DSA given C:/Users/ryand/OneDrive/Documents/Xilinx/ECE153A/Vitis/ECE153a_Lab1/ECE153A_Lab2/hw/system_wrapper.xsa
TRACE::2024-10-23.17:49:23::SCWPlatform::DSA absoulate path C:/Users/ryand/OneDrive/Documents/Xilinx/ECE153A/Vitis/ECE153a_Lab1/ECE153A_Lab2/hw/system_wrapper.xsa
TRACE::2024-10-23.17:49:23::SCWPlatform::DSA directory C:/Users/ryand/OneDrive/Documents/Xilinx/ECE153A/Vitis/ECE153a_Lab1/ECE153A_Lab2/hw
TRACE::2024-10-23.17:49:23::SCWPlatform:: Platform Path C:/Users/ryand/OneDrive/Documents/Xilinx/ECE153A/Vitis/ECE153a_Lab1/ECE153A_Lab2/hw/system_wrapper.xsa
TRACE::2024-10-23.17:49:23::SCWPlatform:: Unique name xilinx:::0.0
TRACE::2024-10-23.17:49:23::SCWPlatform::Trying to set the existing hwdb with name system_wrapper_1
TRACE::2024-10-23.17:49:23::SCWPlatform::Opened existing hwdb system_wrapper_1
TRACE::2024-10-23.17:49:23::SCWPlatform::Found the Hw Db part of the input DSA
TRACE::2024-10-23.17:49:23::SCWMssOS::Checking the sw design at  C:/Users/ryand/OneDrive/Documents/Xilinx/ECE153A/Vitis/ECE153a_Lab1/ECE153A_Lab2/microblaze_0/standalone_domain/bsp/system.mss
TRACE::2024-10-23.17:49:23::SCWMssOS::DEBUG:  swdes dump  C:/Users/ryand/OneDrive/Documents/Xilinx/ECE153A/Vitis/ECE153a_Lab1/ECE153A_Lab2/microblaze_0/standalone_domain/bsp/system.mss|system_0||
C:/Users/ryand/OneDrive/Documents/Xilinx/ECE153A/Vitis/ECE153a_Lab1/ECE153A_Lab2/microblaze_0/standalone_microblaze_0/bsp/system.mss|system_1||
C:/Users/ryand/OneDrive/Documents/Xilinx/ECE153A/Vitis/ECE153a_Lab1/ECE153a_Lab1/microblaze_0/standalone_domain/bsp/system.mss|system||

TRACE::2024-10-23.17:49:23::SCWMssOS::Sw design exists and opened at  C:/Users/ryand/OneDrive/Documents/Xilinx/ECE153A/Vitis/ECE153a_Lab1/ECE153A_Lab2/microblaze_0/standalone_domain/bsp/system.mss
TRACE::2024-10-23.17:49:23::SCWMssOS::Completed writing the mss file at C:/Users/ryand/OneDrive/Documents/Xilinx/ECE153A/Vitis/ECE153a_Lab1/ECE153A_Lab2/microblaze_0/standalone_domain/bsp
TRACE::2024-10-23.17:49:23::SCWMssOS::Mss edits present, copying mssfile into export location C:/Users/ryand/OneDrive/Documents/Xilinx/ECE153A/Vitis/ECE153a_Lab1/ECE153A_Lab2/microblaze_0/standalone_domain/bsp/system.mss
TRACE::2024-10-23.17:49:23::SCWMssOS::bsp generated is upto date with the mss file. Skipping bsp generation.
TRACE::2024-10-23.17:49:23::SCWMssOS::BSP is already built. skipping the bsp build ... 
TRACE::2024-10-23.17:49:23::SCWDomain::Building the domain as part of full build :  standalone_domain
TRACE::2024-10-23.17:49:23::SCWMssOS::doing bsp build ... 
TRACE::2024-10-23.17:49:23::SCWMssOS::System Command Ran  C: & cd  C:/Users/ryand/OneDrive/Documents/Xilinx/ECE153A/Vitis/ECE153a_Lab1/ECE153A_Lab2/microblaze_0/standalone_domain/bsp & make 
TRACE::2024-10-23.17:49:24::SCWMssOS::make --no-print-directory seq_libs

TRACE::2024-10-23.17:49:24::SCWMssOS::'Finished building libraries sequentially.'

TRACE::2024-10-23.17:49:24::SCWMssOS::make -j 14 --no-print-directory par_libs

TRACE::2024-10-23.17:49:24::SCWMssOS::"Running Make include in microblaze_0/libsrc/bram_v4_7/src"

TRACE::2024-10-23.17:49:24::SCWMssOS::make -C microblaze_0/libsrc/bram_v4_7/src -s include  "SHELL=CMD" "COMPILER=mb-gcc" "ASSEMBLER=mb-as" "ARCHIVER=mb-ar" "COMPILE
TRACE::2024-10-23.17:49:24::SCWMssOS::R_FLAGS=  -O2 -c -mcpu=v11.0 -mlittle-endian -mno-xl-soft-mul -mxl-barrel-shift" "EXTRA_COMPILER_FLAGS=-g -ffunction-sections -
TRACE::2024-10-23.17:49:24::SCWMssOS::fdata-sections -Wall -Wextra -fno-tree-loop-distribute-patterns"

TRACE::2024-10-23.17:49:25::SCWMssOS::"Running Make include in microblaze_0/libsrc/cpu_v2_15/src"

TRACE::2024-10-23.17:49:25::SCWMssOS::make -C microblaze_0/libsrc/cpu_v2_15/src -s include  "SHELL=CMD" "COMPILER=mb-gcc" "ASSEMBLER=mb-as" "ARCHIVER=mb-ar" "COMPILE
TRACE::2024-10-23.17:49:25::SCWMssOS::R_FLAGS=  -O2 -c -mcpu=v11.0 -mlittle-endian -mno-xl-soft-mul -mxl-barrel-shift" "EXTRA_COMPILER_FLAGS=-g -ffunction-sections -
TRACE::2024-10-23.17:49:25::SCWMssOS::fdata-sections -Wall -Wextra -fno-tree-loop-distribute-patterns"

TRACE::2024-10-23.17:49:25::SCWMssOS::"Running Make include in microblaze_0/libsrc/gpio_v4_9/src"

TRACE::2024-10-23.17:49:25::SCWMssOS::make -C microblaze_0/libsrc/gpio_v4_9/src -s include  "SHELL=CMD" "COMPILER=mb-gcc" "ASSEMBLER=mb-as" "ARCHIVER=mb-ar" "COMPILE
TRACE::2024-10-23.17:49:25::SCWMssOS::R_FLAGS=  -O2 -c -mcpu=v11.0 -mlittle-endian -mno-xl-soft-mul -mxl-barrel-shift" "EXTRA_COMPILER_FLAGS=-g -ffunction-sections -
TRACE::2024-10-23.17:49:25::SCWMssOS::fdata-sections -Wall -Wextra -fno-tree-loop-distribute-patterns"

TRACE::2024-10-23.17:49:25::SCWMssOS::"Running Make include in microblaze_0/libsrc/intc_v3_14/src"

TRACE::2024-10-23.17:49:25::SCWMssOS::make -C microblaze_0/libsrc/intc_v3_14/src -s include  "SHELL=CMD" "COMPILER=mb-gcc" "ASSEMBLER=mb-as" "ARCHIVER=mb-ar" "COMPIL
TRACE::2024-10-23.17:49:25::SCWMssOS::ER_FLAGS=  -O2 -c -mcpu=v11.0 -mlittle-endian -mno-xl-soft-mul -mxl-barrel-shift" "EXTRA_COMPILER_FLAGS=-g -ffunction-sections 
TRACE::2024-10-23.17:49:25::SCWMssOS::-fdata-sections -Wall -Wextra -fno-tree-loop-distribute-patterns"

TRACE::2024-10-23.17:49:25::SCWMssOS::"Running Make include in microblaze_0/libsrc/standalone_v7_7/src"

TRACE::2024-10-23.17:49:25::SCWMssOS::make -C microblaze_0/libsrc/standalone_v7_7/src -s include  "SHELL=CMD" "COMPILER=mb-gcc" "ASSEMBLER=mb-as" "ARCHIVER=mb-ar" "C
TRACE::2024-10-23.17:49:25::SCWMssOS::OMPILER_FLAGS=  -O2 -c -mcpu=v11.0 -mlittle-endian -mno-xl-soft-mul -mxl-barrel-shift" "EXTRA_COMPILER_FLAGS=-g -ffunction-sect
TRACE::2024-10-23.17:49:25::SCWMssOS::ions -fdata-sections -Wall -Wextra -fno-tree-loop-distribute-patterns"

TRACE::2024-10-23.17:49:25::SCWMssOS::"Running Make include in microblaze_0/libsrc/tmrctr_v4_9/src"

TRACE::2024-10-23.17:49:25::SCWMssOS::make -C microblaze_0/libsrc/tmrctr_v4_9/src -s include  "SHELL=CMD" "COMPILER=mb-gcc" "ASSEMBLER=mb-as" "ARCHIVER=mb-ar" "COMPI
TRACE::2024-10-23.17:49:25::SCWMssOS::LER_FLAGS=  -O2 -c -mcpu=v11.0 -mlittle-endian -mno-xl-soft-mul -mxl-barrel-shift" "EXTRA_COMPILER_FLAGS=-g -ffunction-sections
TRACE::2024-10-23.17:49:25::SCWMssOS:: -fdata-sections -Wall -Wextra -fno-tree-loop-distribute-patterns"

TRACE::2024-10-23.17:49:25::SCWMssOS::"Running Make include in microblaze_0/libsrc/uartlite_v3_7/src"

TRACE::2024-10-23.17:49:25::SCWMssOS::make -C microblaze_0/libsrc/uartlite_v3_7/src -s include  "SHELL=CMD" "COMPILER=mb-gcc" "ASSEMBLER=mb-as" "ARCHIVER=mb-ar" "COM
TRACE::2024-10-23.17:49:25::SCWMssOS::PILER_FLAGS=  -O2 -c -mcpu=v11.0 -mlittle-endian -mno-xl-soft-mul -mxl-barrel-shift" "EXTRA_COMPILER_FLAGS=-g -ffunction-sectio
TRACE::2024-10-23.17:49:25::SCWMssOS::ns -fdata-sections -Wall -Wextra -fno-tree-loop-distribute-patterns"

TRACE::2024-10-23.17:49:27::SCWMssOS::"Running Make libs in microblaze_0/libsrc/bram_v4_7/src"

TRACE::2024-10-23.17:49:27::SCWMssOS::make -C microblaze_0/libsrc/bram_v4_7/src -s libs  "SHELL=CMD" "COMPILER=mb-gcc" "ASSEMBLER=mb-as" "ARCHIVER=mb-ar" "COMPILER_F
TRACE::2024-10-23.17:49:27::SCWMssOS::LAGS=  -O2 -c -mcpu=v11.0 -mlittle-endian -mno-xl-soft-mul -mxl-barrel-shift" "EXTRA_COMPILER_FLAGS=-g -ffunction-sections -fda
TRACE::2024-10-23.17:49:27::SCWMssOS::ta-sections -Wall -Wextra -fno-tree-loop-distribute-patterns"

TRACE::2024-10-23.17:49:27::SCWMssOS::"Running Make libs in microblaze_0/libsrc/cpu_v2_15/src"

TRACE::2024-10-23.17:49:27::SCWMssOS::make -C microblaze_0/libsrc/cpu_v2_15/src -s libs  "SHELL=CMD" "COMPILER=mb-gcc" "ASSEMBLER=mb-as" "ARCHIVER=mb-ar" "COMPILER_F
TRACE::2024-10-23.17:49:27::SCWMssOS::LAGS=  -O2 -c -mcpu=v11.0 -mlittle-endian -mno-xl-soft-mul -mxl-barrel-shift" "EXTRA_COMPILER_FLAGS=-g -ffunction-sections -fda
TRACE::2024-10-23.17:49:27::SCWMssOS::ta-sections -Wall -Wextra -fno-tree-loop-distribute-patterns"

TRACE::2024-10-23.17:49:27::SCWMssOS::"Running Make libs in microblaze_0/libsrc/gpio_v4_9/src"

TRACE::2024-10-23.17:49:28::SCWMssOS::make -C microblaze_0/libsrc/gpio_v4_9/src -s libs  "SHELL=CMD" "COMPILER=mb-gcc" "ASSEMBLER=mb-as" "ARCHIVER=mb-ar" "COMPILER_F
TRACE::2024-10-23.17:49:28::SCWMssOS::LAGS=  -O2 -c -mcpu=v11.0 -mlittle-endian -mno-xl-soft-mul -mxl-barrel-shift" "EXTRA_COMPILER_FLAGS=-g -ffunction-sections -fda
TRACE::2024-10-23.17:49:28::SCWMssOS::ta-sections -Wall -Wextra -fno-tree-loop-distribute-patterns"

TRACE::2024-10-23.17:49:28::SCWMssOS::"Running Make libs in microblaze_0/libsrc/intc_v3_14/src"

TRACE::2024-10-23.17:49:28::SCWMssOS::"Running Make libs in microblaze_0/libsrc/standalone_v7_7/src"

TRACE::2024-10-23.17:49:28::SCWMssOS::make -C microblaze_0/libsrc/intc_v3_14/src -s libs  "SHELL=CMD" "COMPILER=mb-gcc" "ASSEMBLER=mb-as" "ARCHIVER=mb-ar" "COMPILER_
TRACE::2024-10-23.17:49:28::SCWMssOS::FLAGS=  -O2 -c -mcpu=v11.0 -mlittle-endian -mno-xl-soft-mul -mxl-barrel-shift" "EXTRA_COMPILER_FLAGS=-g -ffunction-sections -fd
TRACE::2024-10-23.17:49:28::SCWMssOS::ata-sections -Wall -Wextra -fno-tree-loop-distribute-patterns"

TRACE::2024-10-23.17:49:28::SCWMssOS::"Running Make libs in microblaze_0/libsrc/tmrctr_v4_9/src"

TRACE::2024-10-23.17:49:28::SCWMssOS::make -C microblaze_0/libsrc/standalone_v7_7/src -s libs  "SHELL=CMD" "COMPILER=mb-gcc" "ASSEMBLER=mb-as" "ARCHIVER=mb-ar" "COMP
TRACE::2024-10-23.17:49:28::SCWMssOS::ILER_FLAGS=  -O2 -c -mcpu=v11.0 -mlittle-endian -mno-xl-soft-mul -mxl-barrel-shift" "EXTRA_COMPILER_FLAGS=-g -ffunction-section
TRACE::2024-10-23.17:49:28::SCWMssOS::s -fdata-sections -Wall -Wextra -fno-tree-loop-distribute-patterns"

TRACE::2024-10-23.17:49:28::SCWMssOS::make -C microblaze_0/libsrc/tmrctr_v4_9/src -s libs  "SHELL=CMD" "COMPILER=mb-gcc" "ASSEMBLER=mb-as" "ARCHIVER=mb-ar" "COMPILER
TRACE::2024-10-23.17:49:28::SCWMssOS::_FLAGS=  -O2 -c -mcpu=v11.0 -mlittle-endian -mno-xl-soft-mul -mxl-barrel-shift" "EXTRA_COMPILER_FLAGS=-g -ffunction-sections -f
TRACE::2024-10-23.17:49:28::SCWMssOS::data-sections -Wall -Wextra -fno-tree-loop-distribute-patterns"

TRACE::2024-10-23.17:49:30::SCWMssOS::"Running Make libs in microblaze_0/libsrc/uartlite_v3_7/src"

TRACE::2024-10-23.17:49:30::SCWMssOS::make -C microblaze_0/libsrc/uartlite_v3_7/src -s libs  "SHELL=CMD" "COMPILER=mb-gcc" "ASSEMBLER=mb-as" "ARCHIVER=mb-ar" "COMPIL
TRACE::2024-10-23.17:49:30::SCWMssOS::ER_FLAGS=  -O2 -c -mcpu=v11.0 -mlittle-endian -mno-xl-soft-mul -mxl-barrel-shift" "EXTRA_COMPILER_FLAGS=-g -ffunction-sections 
TRACE::2024-10-23.17:49:30::SCWMssOS::-fdata-sections -Wall -Wextra -fno-tree-loop-distribute-patterns"

TRACE::2024-10-23.17:49:37::SCWMssOS::"DEBUG NON_LTO_OBJECTS is ../../../lib/microblaze_interrupt_handler.o"

TRACE::2024-10-23.17:49:38::SCWMssOS::'Finished building libraries parallelly.'

TRACE::2024-10-23.17:49:38::SCWMssOS::make --no-print-directory archive

TRACE::2024-10-23.17:49:38::SCWMssOS::mb-ar -r  microblaze_0/lib/libxil.a microblaze_0/lib/xplatform_info.o microblaze_0/lib/xuartlite.o microblaze_0/lib/microblaze_
TRACE::2024-10-23.17:49:38::SCWMssOS::disable_exceptions.o microblaze_0/lib/print.o microblaze_0/lib/xtmrctr_options.o microblaze_0/lib/_exit.o microblaze_0/lib/xil_
TRACE::2024-10-23.17:49:38::SCWMssOS::testio.o microblaze_0/lib/microblaze_disable_dcache.o microblaze_0/lib/microblaze_flush_dcache_range.o microblaze_0/lib/xuartli
TRACE::2024-10-23.17:49:38::SCWMssOS::te_sinit.o microblaze_0/lib/microblaze_flush_cache_ext.o microblaze_0/lib/xbram_sinit.o microblaze_0/lib/xil_misc_psreset_api.o
TRACE::2024-10-23.17:49:38::SCWMssOS:: microblaze_0/lib/xinterrupt_wrap.o microblaze_0/lib/xil_cache.o microblaze_0/lib/xil_util.o microblaze_0/lib/inbyte.o microbla
TRACE::2024-10-23.17:49:38::SCWMssOS::ze_0/lib/xuartlite_stats.o microblaze_0/lib/microblaze_exception_handler.o microblaze_0/lib/xbram_g.o microblaze_0/lib/microbla
TRACE::2024-10-23.17:49:38::SCWMssOS::ze_scrub.o microblaze_0/lib/microblaze_invalidate_dcache.o microblaze_0/lib/microblaze_disable_interrupts.o microblaze_0/lib/xb
TRACE::2024-10-23.17:49:38::SCWMssOS::ram_selftest.o microblaze_0/lib/microblaze_interrupt_handler.o microblaze_0/lib/microblaze_disable_icache.o microblaze_0/lib/xg
TRACE::2024-10-23.17:49:38::SCWMssOS::pio_g.o microblaze_0/lib/xil_mem.o microblaze_0/lib/microblaze_flush_cache_ext_range.o microblaze_0/lib/xtmrctr_intr.o microbla
TRACE::2024-10-23.17:49:38::SCWMssOS::ze_0/lib/xbram_intr.o microblaze_0/lib/xil_sleepcommon.o microblaze_0/lib/xil_printf.o microblaze_0/lib/xintc_g.o microblaze_0/
TRACE::2024-10-23.17:49:38::SCWMssOS::lib/xuartlite_g.o microblaze_0/lib/xtmrctr_l.o microblaze_0/lib/xintc_selftest.o microblaze_0/lib/xintc_l.o microblaze_0/lib/ou
TRACE::2024-10-23.17:49:38::SCWMssOS::tbyte.o microblaze_0/lib/xgpio_intr.o microblaze_0/lib/microblaze_invalidate_dcache_range.o microblaze_0/lib/microblaze_invalid
TRACE::2024-10-23.17:49:38::SCWMssOS::ate_cache_ext.o microblaze_0/lib/microblaze_sleep.o microblaze_0/lib/hw_exception_handler.o microblaze_0/lib/xtmrctr.o microbla
TRACE::2024-10-23.17:49:38::SCWMssOS::ze_0/lib/xuartlite_selftest.o microblaze_0/lib/xgpio_sinit.o microblaze_0/lib/microblaze_update_dcache.o microblaze_0/lib/xil_t
TRACE::2024-10-23.17:49:38::SCWMssOS::estcache.o microblaze_0/lib/microblaze_selftest.o microblaze_0/lib/microblaze_interrupts_g.o microblaze_0/lib/microblaze_enable
TRACE::2024-10-23.17:49:38::SCWMssOS::_exceptions.o microblaze_0/lib/xio.o microblaze_0/lib/xtmrctr_g.o microblaze_0/lib/microblaze_enable_dcache.o microblaze_0/lib/
TRACE::2024-10-23.17:49:38::SCWMssOS::xbram.o microblaze_0/lib/microblaze_invalidate_icache_range.o microblaze_0/lib/xtmrctr_selftest.o microblaze_0/lib/microblaze_i
TRACE::2024-10-23.17:49:38::SCWMssOS::nit_dcache_range.o microblaze_0/lib/microblaze_invalidate_icache.o microblaze_0/lib/errno.o microblaze_0/lib/xuartlite_l.o micr
TRACE::2024-10-23.17:49:38::SCWMssOS::oblaze_0/lib/xintc_options.o microblaze_0/lib/microblaze_invalidate_cache_ext_range.o microblaze_0/lib/xintc_intr.o microblaze_
TRACE::2024-10-23.17:49:38::SCWMssOS::0/lib/xil_exception.o microblaze_0/lib/pvr.o microblaze_0/lib/xgpio.o microblaze_0/lib/xil_testmem.o microblaze_0/lib/microblaz
TRACE::2024-10-23.17:49:38::SCWMssOS::e_update_icache.o microblaze_0/lib/xuartlite_intr.o microblaze_0/lib/microblaze_flush_dcache.o microblaze_0/lib/xil_clocking.o 
TRACE::2024-10-23.17:49:38::SCWMssOS::microblaze_0/lib/xil_assert.o microblaze_0/lib/microblaze_enable_interrupts.o microblaze_0/lib/xgpio_extra.o microblaze_0/lib/m
TRACE::2024-10-23.17:49:38::SCWMssOS::icroblaze_enable_icache.o microblaze_0/lib/xintc.o microblaze_0/lib/xtmrctr_stats.o microblaze_0/lib/microblaze_init_icache_ran
TRACE::2024-10-23.17:49:38::SCWMssOS::ge.o microblaze_0/lib/xtmrctr_sinit.o microblaze_0/lib/fcntl.o microblaze_0/lib/xgpio_selftest.o

TRACE::2024-10-23.17:49:39::SCWMssOS::'Finished building libraries'

TRACE::2024-10-23.17:49:40::SCWMssOS::Copying to export directory.
TRACE::2024-10-23.17:49:40::SCWMssOS:: Checking if to create the Supporting Applications
TRACE::2024-10-23.17:49:40::SCWMssOS:: No Linux domain exists, trying to generate FSBL 
LOG::2024-10-23.17:49:40::SCWSystem::Completed Processing the domain standalone_domain
LOG::2024-10-23.17:49:40::SCWSystem::Started Processing the domain standalone_microblaze_0
TRACE::2024-10-23.17:49:40::SCWDomain::Generating domain artifcats
TRACE::2024-10-23.17:49:40::SCWMssOS::Generating standalone artifcats
TRACE::2024-10-23.17:49:40::SCWMssOS:: Copying the user libraries. 
TRACE::2024-10-23.17:49:40::SCWPlatform::Trying to open the hw design at C:/Users/ryand/OneDrive/Documents/Xilinx/ECE153A/Vitis/ECE153a_Lab1/ECE153A_Lab2/hw/system_wrapper.xsa
TRACE::2024-10-23.17:49:40::SCWPlatform::DSA given C:/Users/ryand/OneDrive/Documents/Xilinx/ECE153A/Vitis/ECE153a_Lab1/ECE153A_Lab2/hw/system_wrapper.xsa
TRACE::2024-10-23.17:49:40::SCWPlatform::DSA absoulate path C:/Users/ryand/OneDrive/Documents/Xilinx/ECE153A/Vitis/ECE153a_Lab1/ECE153A_Lab2/hw/system_wrapper.xsa
TRACE::2024-10-23.17:49:40::SCWPlatform::DSA directory C:/Users/ryand/OneDrive/Documents/Xilinx/ECE153A/Vitis/ECE153a_Lab1/ECE153A_Lab2/hw
TRACE::2024-10-23.17:49:40::SCWPlatform:: Platform Path C:/Users/ryand/OneDrive/Documents/Xilinx/ECE153A/Vitis/ECE153a_Lab1/ECE153A_Lab2/hw/system_wrapper.xsa
TRACE::2024-10-23.17:49:40::SCWPlatform:: Unique name xilinx:::0.0
TRACE::2024-10-23.17:49:40::SCWPlatform::Trying to set the existing hwdb with name system_wrapper_1
TRACE::2024-10-23.17:49:40::SCWPlatform::Opened existing hwdb system_wrapper_1
TRACE::2024-10-23.17:49:40::SCWPlatform::Found the Hw Db part of the input DSA
TRACE::2024-10-23.17:49:40::SCWMssOS::Checking the sw design at  C:/Users/ryand/OneDrive/Documents/Xilinx/ECE153A/Vitis/ECE153a_Lab1/ECE153A_Lab2/microblaze_0/standalone_microblaze_0/bsp/system.mss
TRACE::2024-10-23.17:49:40::SCWMssOS::DEBUG:  swdes dump  C:/Users/ryand/OneDrive/Documents/Xilinx/ECE153A/Vitis/ECE153a_Lab1/ECE153A_Lab2/microblaze_0/standalone_domain/bsp/system.mss|system_0||
C:/Users/ryand/OneDrive/Documents/Xilinx/ECE153A/Vitis/ECE153a_Lab1/ECE153A_Lab2/microblaze_0/standalone_microblaze_0/bsp/system.mss|system_1||
C:/Users/ryand/OneDrive/Documents/Xilinx/ECE153A/Vitis/ECE153a_Lab1/ECE153a_Lab1/microblaze_0/standalone_domain/bsp/system.mss|system||

TRACE::2024-10-23.17:49:40::SCWMssOS::Sw design exists and opened at  C:/Users/ryand/OneDrive/Documents/Xilinx/ECE153A/Vitis/ECE153a_Lab1/ECE153A_Lab2/microblaze_0/standalone_microblaze_0/bsp/system.mss
TRACE::2024-10-23.17:49:40::SCWMssOS::Completed writing the mss file at C:/Users/ryand/OneDrive/Documents/Xilinx/ECE153A/Vitis/ECE153a_Lab1/ECE153A_Lab2/microblaze_0/standalone_microblaze_0/bsp
TRACE::2024-10-23.17:49:40::SCWMssOS::Mss edits present, copying mssfile into export location C:/Users/ryand/OneDrive/Documents/Xilinx/ECE153A/Vitis/ECE153a_Lab1/ECE153A_Lab2/microblaze_0/standalone_microblaze_0/bsp/system.mss
TRACE::2024-10-23.17:49:40::SCWMssOS::bsp generated is upto date with the mss file. Skipping bsp generation.
TRACE::2024-10-23.17:49:40::SCWMssOS::BSP is already built. skipping the bsp build ... 
TRACE::2024-10-23.17:49:40::SCWDomain::Building the domain as part of full build :  standalone_microblaze_0
TRACE::2024-10-23.17:49:40::SCWMssOS::doing bsp build ... 
TRACE::2024-10-23.17:49:40::SCWMssOS::System Command Ran  C: & cd  C:/Users/ryand/OneDrive/Documents/Xilinx/ECE153A/Vitis/ECE153a_Lab1/ECE153A_Lab2/microblaze_0/standalone_microblaze_0/bsp & make 
TRACE::2024-10-23.17:49:40::SCWMssOS::make --no-print-directory seq_libs

TRACE::2024-10-23.17:49:40::SCWMssOS::"Running Make include in microblaze_0/libsrc/bram_v4_7/src"

TRACE::2024-10-23.17:49:40::SCWMssOS::make -C microblaze_0/libsrc/bram_v4_7/src -s include  "SHELL=CMD" "COMPILER=mb-gcc" "ASSEMBLER=mb-as" "ARCHIVER=mb-ar" "COMPILE
TRACE::2024-10-23.17:49:40::SCWMssOS::R_FLAGS=  -O2 -c -mcpu=v11.0 -mlittle-endian -mno-xl-soft-mul -mxl-barrel-shift" "EXTRA_COMPILER_FLAGS=-g -ffunction-sections -
TRACE::2024-10-23.17:49:40::SCWMssOS::fdata-sections -Wall -Wextra -fno-tree-loop-distribute-patterns"

TRACE::2024-10-23.17:49:41::SCWMssOS::"Running Make include in microblaze_0/libsrc/cpu_v2_15/src"

TRACE::2024-10-23.17:49:41::SCWMssOS::make -C microblaze_0/libsrc/cpu_v2_15/src -s include  "SHELL=CMD" "COMPILER=mb-gcc" "ASSEMBLER=mb-as" "ARCHIVER=mb-ar" "COMPILE
TRACE::2024-10-23.17:49:41::SCWMssOS::R_FLAGS=  -O2 -c -mcpu=v11.0 -mlittle-endian -mno-xl-soft-mul -mxl-barrel-shift" "EXTRA_COMPILER_FLAGS=-g -ffunction-sections -
TRACE::2024-10-23.17:49:41::SCWMssOS::fdata-sections -Wall -Wextra -fno-tree-loop-distribute-patterns"

TRACE::2024-10-23.17:49:41::SCWMssOS::"Running Make include in microblaze_0/libsrc/gpio_v4_9/src"

TRACE::2024-10-23.17:49:41::SCWMssOS::make -C microblaze_0/libsrc/gpio_v4_9/src -s include  "SHELL=CMD" "COMPILER=mb-gcc" "ASSEMBLER=mb-as" "ARCHIVER=mb-ar" "COMPILE
TRACE::2024-10-23.17:49:41::SCWMssOS::R_FLAGS=  -O2 -c -mcpu=v11.0 -mlittle-endian -mno-xl-soft-mul -mxl-barrel-shift" "EXTRA_COMPILER_FLAGS=-g -ffunction-sections -
TRACE::2024-10-23.17:49:41::SCWMssOS::fdata-sections -Wall -Wextra -fno-tree-loop-distribute-patterns"

TRACE::2024-10-23.17:49:41::SCWMssOS::"Running Make include in microblaze_0/libsrc/intc_v3_14/src"

TRACE::2024-10-23.17:49:41::SCWMssOS::make -C microblaze_0/libsrc/intc_v3_14/src -s include  "SHELL=CMD" "COMPILER=mb-gcc" "ASSEMBLER=mb-as" "ARCHIVER=mb-ar" "COMPIL
TRACE::2024-10-23.17:49:41::SCWMssOS::ER_FLAGS=  -O2 -c -mcpu=v11.0 -mlittle-endian -mno-xl-soft-mul -mxl-barrel-shift" "EXTRA_COMPILER_FLAGS=-g -ffunction-sections 
TRACE::2024-10-23.17:49:41::SCWMssOS::-fdata-sections -Wall -Wextra -fno-tree-loop-distribute-patterns"

TRACE::2024-10-23.17:49:41::SCWMssOS::"Running Make include in microblaze_0/libsrc/sevenSeg_v1_0/src"

TRACE::2024-10-23.17:49:42::SCWMssOS::make -C microblaze_0/libsrc/sevenSeg_v1_0/src -s include  "SHELL=CMD" "COMPILER=mb-gcc" "ASSEMBLER=mb-as" "ARCHIVER=mb-ar" "COM
TRACE::2024-10-23.17:49:42::SCWMssOS::PILER_FLAGS=  -O2 -c -mcpu=v11.0 -mlittle-endian -mno-xl-soft-mul -mxl-barrel-shift" "EXTRA_COMPILER_FLAGS=-g -ffunction-sectio
TRACE::2024-10-23.17:49:42::SCWMssOS::ns -fdata-sections -Wall -Wextra -fno-tree-loop-distribute-patterns"

TRACE::2024-10-23.17:49:42::SCWMssOS::"Running Make include in microblaze_0/libsrc/standalone_v7_7/src"

TRACE::2024-10-23.17:49:42::SCWMssOS::make -C microblaze_0/libsrc/standalone_v7_7/src -s include  "SHELL=CMD" "COMPILER=mb-gcc" "ASSEMBLER=mb-as" "ARCHIVER=mb-ar" "C
TRACE::2024-10-23.17:49:42::SCWMssOS::OMPILER_FLAGS=  -O2 -c -mcpu=v11.0 -mlittle-endian -mno-xl-soft-mul -mxl-barrel-shift" "EXTRA_COMPILER_FLAGS=-g -ffunction-sect
TRACE::2024-10-23.17:49:42::SCWMssOS::ions -fdata-sections -Wall -Wextra -fno-tree-loop-distribute-patterns"

TRACE::2024-10-23.17:49:44::SCWMssOS::"Running Make include in microblaze_0/libsrc/tmrctr_v4_9/src"

TRACE::2024-10-23.17:49:44::SCWMssOS::make -C microblaze_0/libsrc/tmrctr_v4_9/src -s include  "SHELL=CMD" "COMPILER=mb-gcc" "ASSEMBLER=mb-as" "ARCHIVER=mb-ar" "COMPI
TRACE::2024-10-23.17:49:44::SCWMssOS::LER_FLAGS=  -O2 -c -mcpu=v11.0 -mlittle-endian -mno-xl-soft-mul -mxl-barrel-shift" "EXTRA_COMPILER_FLAGS=-g -ffunction-sections
TRACE::2024-10-23.17:49:44::SCWMssOS:: -fdata-sections -Wall -Wextra -fno-tree-loop-distribute-patterns"

TRACE::2024-10-23.17:49:44::SCWMssOS::"Running Make include in microblaze_0/libsrc/uartlite_v3_7/src"

TRACE::2024-10-23.17:49:44::SCWMssOS::make -C microblaze_0/libsrc/uartlite_v3_7/src -s include  "SHELL=CMD" "COMPILER=mb-gcc" "ASSEMBLER=mb-as" "ARCHIVER=mb-ar" "COM
TRACE::2024-10-23.17:49:44::SCWMssOS::PILER_FLAGS=  -O2 -c -mcpu=v11.0 -mlittle-endian -mno-xl-soft-mul -mxl-barrel-shift" "EXTRA_COMPILER_FLAGS=-g -ffunction-sectio
TRACE::2024-10-23.17:49:44::SCWMssOS::ns -fdata-sections -Wall -Wextra -fno-tree-loop-distribute-patterns"

TRACE::2024-10-23.17:49:44::SCWMssOS::"Running Make libs in microblaze_0/libsrc/sevenSeg_v1_0/src"

TRACE::2024-10-23.17:49:44::SCWMssOS::make -C microblaze_0/libsrc/sevenSeg_v1_0/src -s libs  "SHELL=CMD" "COMPILER=mb-gcc" "ASSEMBLER=mb-as" "ARCHIVER=mb-ar" "COMPIL
TRACE::2024-10-23.17:49:44::SCWMssOS::ER_FLAGS=  -O2 -c -mcpu=v11.0 -mlittle-endian -mno-xl-soft-mul -mxl-barrel-shift" "EXTRA_COMPILER_FLAGS=-g -ffunction-sections 
TRACE::2024-10-23.17:49:44::SCWMssOS::-fdata-sections -Wall -Wextra -fno-tree-loop-distribute-patterns"

TRACE::2024-10-23.17:49:44::SCWMssOS::"Compiling sevenSeg..."

ERROR::2024-10-23.17:49:45::SCWMssOS::Failed to build  the bsp sources for domain - standalone_microblaze_0
ERROR::2024-10-23.17:49:45::SCWSystem::Error in Processing the domain standalone_microblaze_0
LOG::2024-10-23.17:50:17::SCWPlatform::Started generating the artifacts platform ECE153A_Lab2
TRACE::2024-10-23.17:50:17::SCWPlatform::Sanity checking of platform is completed
LOG::2024-10-23.17:50:18::SCWPlatform::Started generating the artifacts for system configuration ECE153A_Lab2
LOG::2024-10-23.17:50:18::SCWSystem::Checking the domain standalone_domain
LOG::2024-10-23.17:50:18::SCWSystem::Not a boot domain 
LOG::2024-10-23.17:50:18::SCWSystem::Checking the domain standalone_microblaze_0
LOG::2024-10-23.17:50:18::SCWSystem::Not a boot domain 
LOG::2024-10-23.17:50:18::SCWSystem::Started Processing the domain standalone_domain
TRACE::2024-10-23.17:50:18::SCWDomain::Generating domain artifcats
TRACE::2024-10-23.17:50:18::SCWMssOS::Generating standalone artifcats
TRACE::2024-10-23.17:50:18::SCWMssOS:: Copying the user libraries. 
TRACE::2024-10-23.17:50:18::SCWPlatform::Trying to open the hw design at C:/Users/ryand/OneDrive/Documents/Xilinx/ECE153A/Vitis/ECE153a_Lab1/ECE153A_Lab2/hw/system_wrapper.xsa
TRACE::2024-10-23.17:50:18::SCWPlatform::DSA given C:/Users/ryand/OneDrive/Documents/Xilinx/ECE153A/Vitis/ECE153a_Lab1/ECE153A_Lab2/hw/system_wrapper.xsa
TRACE::2024-10-23.17:50:18::SCWPlatform::DSA absoulate path C:/Users/ryand/OneDrive/Documents/Xilinx/ECE153A/Vitis/ECE153a_Lab1/ECE153A_Lab2/hw/system_wrapper.xsa
TRACE::2024-10-23.17:50:18::SCWPlatform::DSA directory C:/Users/ryand/OneDrive/Documents/Xilinx/ECE153A/Vitis/ECE153a_Lab1/ECE153A_Lab2/hw
TRACE::2024-10-23.17:50:18::SCWPlatform:: Platform Path C:/Users/ryand/OneDrive/Documents/Xilinx/ECE153A/Vitis/ECE153a_Lab1/ECE153A_Lab2/hw/system_wrapper.xsa
TRACE::2024-10-23.17:50:18::SCWPlatform:: Unique name xilinx:::0.0
TRACE::2024-10-23.17:50:18::SCWPlatform::Trying to set the existing hwdb with name system_wrapper_1
TRACE::2024-10-23.17:50:18::SCWPlatform::Opened existing hwdb system_wrapper_1
TRACE::2024-10-23.17:50:18::SCWPlatform::Found the Hw Db part of the input DSA
TRACE::2024-10-23.17:50:18::SCWMssOS::Checking the sw design at  C:/Users/ryand/OneDrive/Documents/Xilinx/ECE153A/Vitis/ECE153a_Lab1/ECE153A_Lab2/microblaze_0/standalone_domain/bsp/system.mss
TRACE::2024-10-23.17:50:18::SCWMssOS::DEBUG:  swdes dump  C:/Users/ryand/OneDrive/Documents/Xilinx/ECE153A/Vitis/ECE153a_Lab1/ECE153A_Lab2/microblaze_0/standalone_domain/bsp/system.mss|system_0||
C:/Users/ryand/OneDrive/Documents/Xilinx/ECE153A/Vitis/ECE153a_Lab1/ECE153A_Lab2/microblaze_0/standalone_microblaze_0/bsp/system.mss|system_1||
C:/Users/ryand/OneDrive/Documents/Xilinx/ECE153A/Vitis/ECE153a_Lab1/ECE153a_Lab1/microblaze_0/standalone_domain/bsp/system.mss|system||

TRACE::2024-10-23.17:50:18::SCWMssOS::Sw design exists and opened at  C:/Users/ryand/OneDrive/Documents/Xilinx/ECE153A/Vitis/ECE153a_Lab1/ECE153A_Lab2/microblaze_0/standalone_domain/bsp/system.mss
TRACE::2024-10-23.17:50:18::SCWMssOS::Completed writing the mss file at C:/Users/ryand/OneDrive/Documents/Xilinx/ECE153A/Vitis/ECE153a_Lab1/ECE153A_Lab2/microblaze_0/standalone_domain/bsp
TRACE::2024-10-23.17:50:18::SCWMssOS::Mss edits present, copying mssfile into export location C:/Users/ryand/OneDrive/Documents/Xilinx/ECE153A/Vitis/ECE153a_Lab1/ECE153A_Lab2/microblaze_0/standalone_domain/bsp/system.mss
TRACE::2024-10-23.17:50:18::SCWMssOS::bsp generated is upto date with the mss file. Skipping bsp generation.
TRACE::2024-10-23.17:50:18::SCWMssOS::BSP is already built. skipping the bsp build ... 
TRACE::2024-10-23.17:50:18::SCWDomain::Building the domain as part of full build :  standalone_domain
TRACE::2024-10-23.17:50:18::SCWMssOS::doing bsp build ... 
TRACE::2024-10-23.17:50:18::SCWMssOS::System Command Ran  C: & cd  C:/Users/ryand/OneDrive/Documents/Xilinx/ECE153A/Vitis/ECE153a_Lab1/ECE153A_Lab2/microblaze_0/standalone_domain/bsp & make 
TRACE::2024-10-23.17:50:18::SCWMssOS::make --no-print-directory seq_libs

TRACE::2024-10-23.17:50:18::SCWMssOS::'Finished building libraries sequentially.'

TRACE::2024-10-23.17:50:18::SCWMssOS::make -j 14 --no-print-directory par_libs

TRACE::2024-10-23.17:50:18::SCWMssOS::"Running Make include in microblaze_0/libsrc/bram_v4_7/src"

TRACE::2024-10-23.17:50:18::SCWMssOS::make -C microblaze_0/libsrc/bram_v4_7/src -s include  "SHELL=CMD" "COMPILER=mb-gcc" "ASSEMBLER=mb-as" "ARCHIVER=mb-ar" "COMPILE
TRACE::2024-10-23.17:50:18::SCWMssOS::R_FLAGS=  -O2 -c -mcpu=v11.0 -mlittle-endian -mno-xl-soft-mul -mxl-barrel-shift" "EXTRA_COMPILER_FLAGS=-g -ffunction-sections -
TRACE::2024-10-23.17:50:18::SCWMssOS::fdata-sections -Wall -Wextra -fno-tree-loop-distribute-patterns"

TRACE::2024-10-23.17:50:18::SCWMssOS::"Running Make include in microblaze_0/libsrc/cpu_v2_15/src"

TRACE::2024-10-23.17:50:18::SCWMssOS::make -C microblaze_0/libsrc/cpu_v2_15/src -s include  "SHELL=CMD" "COMPILER=mb-gcc" "ASSEMBLER=mb-as" "ARCHIVER=mb-ar" "COMPILE
TRACE::2024-10-23.17:50:18::SCWMssOS::R_FLAGS=  -O2 -c -mcpu=v11.0 -mlittle-endian -mno-xl-soft-mul -mxl-barrel-shift" "EXTRA_COMPILER_FLAGS=-g -ffunction-sections -
TRACE::2024-10-23.17:50:18::SCWMssOS::fdata-sections -Wall -Wextra -fno-tree-loop-distribute-patterns"

TRACE::2024-10-23.17:50:18::SCWMssOS::"Running Make include in microblaze_0/libsrc/gpio_v4_9/src"

TRACE::2024-10-23.17:50:18::SCWMssOS::make -C microblaze_0/libsrc/gpio_v4_9/src -s include  "SHELL=CMD" "COMPILER=mb-gcc" "ASSEMBLER=mb-as" "ARCHIVER=mb-ar" "COMPILE
TRACE::2024-10-23.17:50:18::SCWMssOS::R_FLAGS=  -O2 -c -mcpu=v11.0 -mlittle-endian -mno-xl-soft-mul -mxl-barrel-shift" "EXTRA_COMPILER_FLAGS=-g -ffunction-sections -
TRACE::2024-10-23.17:50:18::SCWMssOS::fdata-sections -Wall -Wextra -fno-tree-loop-distribute-patterns"

TRACE::2024-10-23.17:50:18::SCWMssOS::"Running Make include in microblaze_0/libsrc/intc_v3_14/src"

TRACE::2024-10-23.17:50:18::SCWMssOS::make -C microblaze_0/libsrc/intc_v3_14/src -s include  "SHELL=CMD" "COMPILER=mb-gcc" "ASSEMBLER=mb-as" "ARCHIVER=mb-ar" "COMPIL
TRACE::2024-10-23.17:50:18::SCWMssOS::ER_FLAGS=  -O2 -c -mcpu=v11.0 -mlittle-endian -mno-xl-soft-mul -mxl-barrel-shift" "EXTRA_COMPILER_FLAGS=-g -ffunction-sections 
TRACE::2024-10-23.17:50:18::SCWMssOS::-fdata-sections -Wall -Wextra -fno-tree-loop-distribute-patterns"

TRACE::2024-10-23.17:50:18::SCWMssOS::"Running Make include in microblaze_0/libsrc/standalone_v7_7/src"

TRACE::2024-10-23.17:50:18::SCWMssOS::make -C microblaze_0/libsrc/standalone_v7_7/src -s include  "SHELL=CMD" "COMPILER=mb-gcc" "ASSEMBLER=mb-as" "ARCHIVER=mb-ar" "C
TRACE::2024-10-23.17:50:18::SCWMssOS::OMPILER_FLAGS=  -O2 -c -mcpu=v11.0 -mlittle-endian -mno-xl-soft-mul -mxl-barrel-shift" "EXTRA_COMPILER_FLAGS=-g -ffunction-sect
TRACE::2024-10-23.17:50:18::SCWMssOS::ions -fdata-sections -Wall -Wextra -fno-tree-loop-distribute-patterns"

TRACE::2024-10-23.17:50:19::SCWMssOS::"Running Make include in microblaze_0/libsrc/tmrctr_v4_9/src"

TRACE::2024-10-23.17:50:19::SCWMssOS::make -C microblaze_0/libsrc/tmrctr_v4_9/src -s include  "SHELL=CMD" "COMPILER=mb-gcc" "ASSEMBLER=mb-as" "ARCHIVER=mb-ar" "COMPI
TRACE::2024-10-23.17:50:19::SCWMssOS::LER_FLAGS=  -O2 -c -mcpu=v11.0 -mlittle-endian -mno-xl-soft-mul -mxl-barrel-shift" "EXTRA_COMPILER_FLAGS=-g -ffunction-sections
TRACE::2024-10-23.17:50:19::SCWMssOS:: -fdata-sections -Wall -Wextra -fno-tree-loop-distribute-patterns"

TRACE::2024-10-23.17:50:19::SCWMssOS::"Running Make include in microblaze_0/libsrc/uartlite_v3_7/src"

TRACE::2024-10-23.17:50:19::SCWMssOS::make -C microblaze_0/libsrc/uartlite_v3_7/src -s include  "SHELL=CMD" "COMPILER=mb-gcc" "ASSEMBLER=mb-as" "ARCHIVER=mb-ar" "COM
TRACE::2024-10-23.17:50:19::SCWMssOS::PILER_FLAGS=  -O2 -c -mcpu=v11.0 -mlittle-endian -mno-xl-soft-mul -mxl-barrel-shift" "EXTRA_COMPILER_FLAGS=-g -ffunction-sectio
TRACE::2024-10-23.17:50:19::SCWMssOS::ns -fdata-sections -Wall -Wextra -fno-tree-loop-distribute-patterns"

TRACE::2024-10-23.17:50:20::SCWMssOS::"Running Make libs in microblaze_0/libsrc/bram_v4_7/src"

TRACE::2024-10-23.17:50:20::SCWMssOS::make -C microblaze_0/libsrc/bram_v4_7/src -s libs  "SHELL=CMD" "COMPILER=mb-gcc" "ASSEMBLER=mb-as" "ARCHIVER=mb-ar" "COMPILER_F
TRACE::2024-10-23.17:50:20::SCWMssOS::LAGS=  -O2 -c -mcpu=v11.0 -mlittle-endian -mno-xl-soft-mul -mxl-barrel-shift" "EXTRA_COMPILER_FLAGS=-g -ffunction-sections -fda
TRACE::2024-10-23.17:50:20::SCWMssOS::ta-sections -Wall -Wextra -fno-tree-loop-distribute-patterns"

TRACE::2024-10-23.17:50:20::SCWMssOS::"Running Make libs in microblaze_0/libsrc/cpu_v2_15/src"

TRACE::2024-10-23.17:50:20::SCWMssOS::make -C microblaze_0/libsrc/cpu_v2_15/src -s libs  "SHELL=CMD" "COMPILER=mb-gcc" "ASSEMBLER=mb-as" "ARCHIVER=mb-ar" "COMPILER_F
TRACE::2024-10-23.17:50:20::SCWMssOS::LAGS=  -O2 -c -mcpu=v11.0 -mlittle-endian -mno-xl-soft-mul -mxl-barrel-shift" "EXTRA_COMPILER_FLAGS=-g -ffunction-sections -fda
TRACE::2024-10-23.17:50:20::SCWMssOS::ta-sections -Wall -Wextra -fno-tree-loop-distribute-patterns"

TRACE::2024-10-23.17:50:20::SCWMssOS::"Running Make libs in microblaze_0/libsrc/gpio_v4_9/src"

TRACE::2024-10-23.17:50:20::SCWMssOS::make -C microblaze_0/libsrc/gpio_v4_9/src -s libs  "SHELL=CMD" "COMPILER=mb-gcc" "ASSEMBLER=mb-as" "ARCHIVER=mb-ar" "COMPILER_F
TRACE::2024-10-23.17:50:20::SCWMssOS::LAGS=  -O2 -c -mcpu=v11.0 -mlittle-endian -mno-xl-soft-mul -mxl-barrel-shift" "EXTRA_COMPILER_FLAGS=-g -ffunction-sections -fda
TRACE::2024-10-23.17:50:20::SCWMssOS::ta-sections -Wall -Wextra -fno-tree-loop-distribute-patterns"

TRACE::2024-10-23.17:50:20::SCWMssOS::"Running Make libs in microblaze_0/libsrc/intc_v3_14/src"

TRACE::2024-10-23.17:50:20::SCWMssOS::make -C microblaze_0/libsrc/intc_v3_14/src -s libs  "SHELL=CMD" "COMPILER=mb-gcc" "ASSEMBLER=mb-as" "ARCHIVER=mb-ar" "COMPILER_
TRACE::2024-10-23.17:50:20::SCWMssOS::FLAGS=  -O2 -c -mcpu=v11.0 -mlittle-endian -mno-xl-soft-mul -mxl-barrel-shift" "EXTRA_COMPILER_FLAGS=-g -ffunction-sections -fd
TRACE::2024-10-23.17:50:20::SCWMssOS::ata-sections -Wall -Wextra -fno-tree-loop-distribute-patterns"

TRACE::2024-10-23.17:50:20::SCWMssOS::"Running Make libs in microblaze_0/libsrc/standalone_v7_7/src"

TRACE::2024-10-23.17:50:20::SCWMssOS::make -C microblaze_0/libsrc/standalone_v7_7/src -s libs  "SHELL=CMD" "COMPILER=mb-gcc" "ASSEMBLER=mb-as" "ARCHIVER=mb-ar" "COMP
TRACE::2024-10-23.17:50:20::SCWMssOS::ILER_FLAGS=  -O2 -c -mcpu=v11.0 -mlittle-endian -mno-xl-soft-mul -mxl-barrel-shift" "EXTRA_COMPILER_FLAGS=-g -ffunction-section
TRACE::2024-10-23.17:50:20::SCWMssOS::s -fdata-sections -Wall -Wextra -fno-tree-loop-distribute-patterns"

TRACE::2024-10-23.17:50:20::SCWMssOS::"Running Make libs in microblaze_0/libsrc/tmrctr_v4_9/src"

TRACE::2024-10-23.17:50:20::SCWMssOS::make -C microblaze_0/libsrc/tmrctr_v4_9/src -s libs  "SHELL=CMD" "COMPILER=mb-gcc" "ASSEMBLER=mb-as" "ARCHIVER=mb-ar" "COMPILER
TRACE::2024-10-23.17:50:20::SCWMssOS::_FLAGS=  -O2 -c -mcpu=v11.0 -mlittle-endian -mno-xl-soft-mul -mxl-barrel-shift" "EXTRA_COMPILER_FLAGS=-g -ffunction-sections -f
TRACE::2024-10-23.17:50:20::SCWMssOS::data-sections -Wall -Wextra -fno-tree-loop-distribute-patterns"

TRACE::2024-10-23.17:50:20::SCWMssOS::"Running Make libs in microblaze_0/libsrc/uartlite_v3_7/src"

TRACE::2024-10-23.17:50:20::SCWMssOS::make -C microblaze_0/libsrc/uartlite_v3_7/src -s libs  "SHELL=CMD" "COMPILER=mb-gcc" "ASSEMBLER=mb-as" "ARCHIVER=mb-ar" "COMPIL
TRACE::2024-10-23.17:50:20::SCWMssOS::ER_FLAGS=  -O2 -c -mcpu=v11.0 -mlittle-endian -mno-xl-soft-mul -mxl-barrel-shift" "EXTRA_COMPILER_FLAGS=-g -ffunction-sections 
TRACE::2024-10-23.17:50:20::SCWMssOS::-fdata-sections -Wall -Wextra -fno-tree-loop-distribute-patterns"

TRACE::2024-10-23.17:50:21::SCWMssOS::'Finished building libraries parallelly.'

TRACE::2024-10-23.17:50:21::SCWMssOS::make --no-print-directory archive

TRACE::2024-10-23.17:50:21::SCWMssOS::mb-ar -r  microblaze_0/lib/libxil.a microblaze_0/lib/xplatform_info.o microblaze_0/lib/xuartlite.o microblaze_0/lib/microblaze_
TRACE::2024-10-23.17:50:21::SCWMssOS::disable_exceptions.o microblaze_0/lib/print.o microblaze_0/lib/xtmrctr_options.o microblaze_0/lib/_exit.o microblaze_0/lib/xil_
TRACE::2024-10-23.17:50:21::SCWMssOS::testio.o microblaze_0/lib/microblaze_disable_dcache.o microblaze_0/lib/microblaze_flush_dcache_range.o microblaze_0/lib/xuartli
TRACE::2024-10-23.17:50:21::SCWMssOS::te_sinit.o microblaze_0/lib/microblaze_flush_cache_ext.o microblaze_0/lib/xbram_sinit.o microblaze_0/lib/xil_misc_psreset_api.o
TRACE::2024-10-23.17:50:21::SCWMssOS:: microblaze_0/lib/xinterrupt_wrap.o microblaze_0/lib/xil_cache.o microblaze_0/lib/xil_util.o microblaze_0/lib/inbyte.o microbla
TRACE::2024-10-23.17:50:21::SCWMssOS::ze_0/lib/xintc_intr.o microblaze_0/lib/xuartlite_stats.o microblaze_0/lib/microblaze_exception_handler.o microblaze_0/lib/xbram
TRACE::2024-10-23.17:50:21::SCWMssOS::_g.o microblaze_0/lib/microblaze_scrub.o microblaze_0/lib/microblaze_invalidate_dcache.o microblaze_0/lib/microblaze_disable_in
TRACE::2024-10-23.17:50:21::SCWMssOS::terrupts.o microblaze_0/lib/xbram_selftest.o microblaze_0/lib/microblaze_interrupt_handler.o microblaze_0/lib/microblaze_disabl
TRACE::2024-10-23.17:50:21::SCWMssOS::e_icache.o microblaze_0/lib/xgpio_g.o microblaze_0/lib/xil_mem.o microblaze_0/lib/microblaze_flush_cache_ext_range.o microblaze
TRACE::2024-10-23.17:50:21::SCWMssOS::_0/lib/xtmrctr_intr.o microblaze_0/lib/xbram_intr.o microblaze_0/lib/xil_sleepcommon.o microblaze_0/lib/xil_printf.o microblaze
TRACE::2024-10-23.17:50:21::SCWMssOS::_0/lib/xintc_g.o microblaze_0/lib/xuartlite_g.o microblaze_0/lib/xtmrctr_l.o microblaze_0/lib/xintc_selftest.o microblaze_0/lib
TRACE::2024-10-23.17:50:21::SCWMssOS::/xintc_l.o microblaze_0/lib/outbyte.o microblaze_0/lib/microblaze_enable_exceptions.o microblaze_0/lib/xgpio_intr.o microblaze_
TRACE::2024-10-23.17:50:21::SCWMssOS::0/lib/microblaze_invalidate_dcache_range.o microblaze_0/lib/microblaze_invalidate_cache_ext.o microblaze_0/lib/microblaze_sleep
TRACE::2024-10-23.17:50:21::SCWMssOS::.o microblaze_0/lib/hw_exception_handler.o microblaze_0/lib/xtmrctr.o microblaze_0/lib/xuartlite_selftest.o microblaze_0/lib/xg
TRACE::2024-10-23.17:50:21::SCWMssOS::pio_sinit.o microblaze_0/lib/microblaze_update_dcache.o microblaze_0/lib/xil_testcache.o microblaze_0/lib/microblaze_selftest.o
TRACE::2024-10-23.17:50:21::SCWMssOS:: microblaze_0/lib/microblaze_interrupts_g.o microblaze_0/lib/xio.o microblaze_0/lib/xtmrctr_g.o microblaze_0/lib/microblaze_ena
TRACE::2024-10-23.17:50:21::SCWMssOS::ble_dcache.o microblaze_0/lib/xbram.o microblaze_0/lib/microblaze_invalidate_icache_range.o microblaze_0/lib/xtmrctr_selftest.o
TRACE::2024-10-23.17:50:21::SCWMssOS:: microblaze_0/lib/microblaze_init_dcache_range.o microblaze_0/lib/microblaze_invalidate_icache.o microblaze_0/lib/errno.o micro
TRACE::2024-10-23.17:50:21::SCWMssOS::blaze_0/lib/xuartlite_l.o microblaze_0/lib/xintc_options.o microblaze_0/lib/microblaze_invalidate_cache_ext_range.o microblaze_
TRACE::2024-10-23.17:50:21::SCWMssOS::0/lib/xil_exception.o microblaze_0/lib/pvr.o microblaze_0/lib/xgpio.o microblaze_0/lib/xil_testmem.o microblaze_0/lib/microblaz
TRACE::2024-10-23.17:50:21::SCWMssOS::e_update_icache.o microblaze_0/lib/xuartlite_intr.o microblaze_0/lib/microblaze_flush_dcache.o microblaze_0/lib/xil_clocking.o 
TRACE::2024-10-23.17:50:21::SCWMssOS::microblaze_0/lib/xil_assert.o microblaze_0/lib/microblaze_enable_interrupts.o microblaze_0/lib/xgpio_extra.o microblaze_0/lib/m
TRACE::2024-10-23.17:50:21::SCWMssOS::icroblaze_enable_icache.o microblaze_0/lib/xintc.o microblaze_0/lib/xtmrctr_stats.o microblaze_0/lib/microblaze_init_icache_ran
TRACE::2024-10-23.17:50:21::SCWMssOS::ge.o microblaze_0/lib/xtmrctr_sinit.o microblaze_0/lib/fcntl.o microblaze_0/lib/xgpio_selftest.o

TRACE::2024-10-23.17:50:21::SCWMssOS::'Finished building libraries'

TRACE::2024-10-23.17:50:22::SCWMssOS::Copying to export directory.
TRACE::2024-10-23.17:50:22::SCWMssOS:: Checking if to create the Supporting Applications
TRACE::2024-10-23.17:50:22::SCWMssOS:: No Linux domain exists, trying to generate FSBL 
LOG::2024-10-23.17:50:22::SCWSystem::Completed Processing the domain standalone_domain
LOG::2024-10-23.17:50:22::SCWSystem::Started Processing the domain standalone_microblaze_0
TRACE::2024-10-23.17:50:22::SCWDomain::Generating domain artifcats
TRACE::2024-10-23.17:50:22::SCWMssOS::Generating standalone artifcats
TRACE::2024-10-23.17:50:22::SCWMssOS:: Copying the user libraries. 
TRACE::2024-10-23.17:50:22::SCWPlatform::Trying to open the hw design at C:/Users/ryand/OneDrive/Documents/Xilinx/ECE153A/Vitis/ECE153a_Lab1/ECE153A_Lab2/hw/system_wrapper.xsa
TRACE::2024-10-23.17:50:22::SCWPlatform::DSA given C:/Users/ryand/OneDrive/Documents/Xilinx/ECE153A/Vitis/ECE153a_Lab1/ECE153A_Lab2/hw/system_wrapper.xsa
TRACE::2024-10-23.17:50:22::SCWPlatform::DSA absoulate path C:/Users/ryand/OneDrive/Documents/Xilinx/ECE153A/Vitis/ECE153a_Lab1/ECE153A_Lab2/hw/system_wrapper.xsa
TRACE::2024-10-23.17:50:22::SCWPlatform::DSA directory C:/Users/ryand/OneDrive/Documents/Xilinx/ECE153A/Vitis/ECE153a_Lab1/ECE153A_Lab2/hw
TRACE::2024-10-23.17:50:22::SCWPlatform:: Platform Path C:/Users/ryand/OneDrive/Documents/Xilinx/ECE153A/Vitis/ECE153a_Lab1/ECE153A_Lab2/hw/system_wrapper.xsa
TRACE::2024-10-23.17:50:22::SCWPlatform:: Unique name xilinx:::0.0
TRACE::2024-10-23.17:50:22::SCWPlatform::Trying to set the existing hwdb with name system_wrapper_1
TRACE::2024-10-23.17:50:22::SCWPlatform::Opened existing hwdb system_wrapper_1
TRACE::2024-10-23.17:50:22::SCWPlatform::Found the Hw Db part of the input DSA
TRACE::2024-10-23.17:50:22::SCWMssOS::Checking the sw design at  C:/Users/ryand/OneDrive/Documents/Xilinx/ECE153A/Vitis/ECE153a_Lab1/ECE153A_Lab2/microblaze_0/standalone_microblaze_0/bsp/system.mss
TRACE::2024-10-23.17:50:22::SCWMssOS::DEBUG:  swdes dump  C:/Users/ryand/OneDrive/Documents/Xilinx/ECE153A/Vitis/ECE153a_Lab1/ECE153A_Lab2/microblaze_0/standalone_domain/bsp/system.mss|system_0||
C:/Users/ryand/OneDrive/Documents/Xilinx/ECE153A/Vitis/ECE153a_Lab1/ECE153A_Lab2/microblaze_0/standalone_microblaze_0/bsp/system.mss|system_1||
C:/Users/ryand/OneDrive/Documents/Xilinx/ECE153A/Vitis/ECE153a_Lab1/ECE153a_Lab1/microblaze_0/standalone_domain/bsp/system.mss|system||

TRACE::2024-10-23.17:50:22::SCWMssOS::Sw design exists and opened at  C:/Users/ryand/OneDrive/Documents/Xilinx/ECE153A/Vitis/ECE153a_Lab1/ECE153A_Lab2/microblaze_0/standalone_microblaze_0/bsp/system.mss
TRACE::2024-10-23.17:50:22::SCWMssOS::Completed writing the mss file at C:/Users/ryand/OneDrive/Documents/Xilinx/ECE153A/Vitis/ECE153a_Lab1/ECE153A_Lab2/microblaze_0/standalone_microblaze_0/bsp
TRACE::2024-10-23.17:50:22::SCWMssOS::Mss edits present, copying mssfile into export location C:/Users/ryand/OneDrive/Documents/Xilinx/ECE153A/Vitis/ECE153a_Lab1/ECE153A_Lab2/microblaze_0/standalone_microblaze_0/bsp/system.mss
TRACE::2024-10-23.17:50:22::SCWMssOS::bsp generated is upto date with the mss file. Skipping bsp generation.
TRACE::2024-10-23.17:50:22::SCWMssOS::BSP is already built. skipping the bsp build ... 
TRACE::2024-10-23.17:50:22::SCWDomain::Building the domain as part of full build :  standalone_microblaze_0
TRACE::2024-10-23.17:50:22::SCWMssOS::doing bsp build ... 
TRACE::2024-10-23.17:50:22::SCWMssOS::System Command Ran  C: & cd  C:/Users/ryand/OneDrive/Documents/Xilinx/ECE153A/Vitis/ECE153a_Lab1/ECE153A_Lab2/microblaze_0/standalone_microblaze_0/bsp & make 
TRACE::2024-10-23.17:50:22::SCWMssOS::make --no-print-directory seq_libs

TRACE::2024-10-23.17:50:22::SCWMssOS::"Running Make include in microblaze_0/libsrc/bram_v4_7/src"

TRACE::2024-10-23.17:50:22::SCWMssOS::make -C microblaze_0/libsrc/bram_v4_7/src -s include  "SHELL=CMD" "COMPILER=mb-gcc" "ASSEMBLER=mb-as" "ARCHIVER=mb-ar" "COMPILE
TRACE::2024-10-23.17:50:22::SCWMssOS::R_FLAGS=  -O2 -c -mcpu=v11.0 -mlittle-endian -mno-xl-soft-mul -mxl-barrel-shift" "EXTRA_COMPILER_FLAGS=-g -ffunction-sections -
TRACE::2024-10-23.17:50:22::SCWMssOS::fdata-sections -Wall -Wextra -fno-tree-loop-distribute-patterns"

TRACE::2024-10-23.17:50:23::SCWMssOS::"Running Make include in microblaze_0/libsrc/cpu_v2_15/src"

TRACE::2024-10-23.17:50:23::SCWMssOS::make -C microblaze_0/libsrc/cpu_v2_15/src -s include  "SHELL=CMD" "COMPILER=mb-gcc" "ASSEMBLER=mb-as" "ARCHIVER=mb-ar" "COMPILE
TRACE::2024-10-23.17:50:23::SCWMssOS::R_FLAGS=  -O2 -c -mcpu=v11.0 -mlittle-endian -mno-xl-soft-mul -mxl-barrel-shift" "EXTRA_COMPILER_FLAGS=-g -ffunction-sections -
TRACE::2024-10-23.17:50:23::SCWMssOS::fdata-sections -Wall -Wextra -fno-tree-loop-distribute-patterns"

TRACE::2024-10-23.17:50:23::SCWMssOS::"Running Make include in microblaze_0/libsrc/gpio_v4_9/src"

TRACE::2024-10-23.17:50:23::SCWMssOS::make -C microblaze_0/libsrc/gpio_v4_9/src -s include  "SHELL=CMD" "COMPILER=mb-gcc" "ASSEMBLER=mb-as" "ARCHIVER=mb-ar" "COMPILE
TRACE::2024-10-23.17:50:23::SCWMssOS::R_FLAGS=  -O2 -c -mcpu=v11.0 -mlittle-endian -mno-xl-soft-mul -mxl-barrel-shift" "EXTRA_COMPILER_FLAGS=-g -ffunction-sections -
TRACE::2024-10-23.17:50:23::SCWMssOS::fdata-sections -Wall -Wextra -fno-tree-loop-distribute-patterns"

TRACE::2024-10-23.17:50:23::SCWMssOS::"Running Make include in microblaze_0/libsrc/intc_v3_14/src"

TRACE::2024-10-23.17:50:23::SCWMssOS::make -C microblaze_0/libsrc/intc_v3_14/src -s include  "SHELL=CMD" "COMPILER=mb-gcc" "ASSEMBLER=mb-as" "ARCHIVER=mb-ar" "COMPIL
TRACE::2024-10-23.17:50:23::SCWMssOS::ER_FLAGS=  -O2 -c -mcpu=v11.0 -mlittle-endian -mno-xl-soft-mul -mxl-barrel-shift" "EXTRA_COMPILER_FLAGS=-g -ffunction-sections 
TRACE::2024-10-23.17:50:23::SCWMssOS::-fdata-sections -Wall -Wextra -fno-tree-loop-distribute-patterns"

TRACE::2024-10-23.17:50:23::SCWMssOS::"Running Make include in microblaze_0/libsrc/sevenSeg_v1_0/src"

TRACE::2024-10-23.17:50:23::SCWMssOS::make -C microblaze_0/libsrc/sevenSeg_v1_0/src -s include  "SHELL=CMD" "COMPILER=mb-gcc" "ASSEMBLER=mb-as" "ARCHIVER=mb-ar" "COM
TRACE::2024-10-23.17:50:23::SCWMssOS::PILER_FLAGS=  -O2 -c -mcpu=v11.0 -mlittle-endian -mno-xl-soft-mul -mxl-barrel-shift" "EXTRA_COMPILER_FLAGS=-g -ffunction-sectio
TRACE::2024-10-23.17:50:23::SCWMssOS::ns -fdata-sections -Wall -Wextra -fno-tree-loop-distribute-patterns"

TRACE::2024-10-23.17:50:23::SCWMssOS::"Running Make include in microblaze_0/libsrc/standalone_v7_7/src"

TRACE::2024-10-23.17:50:23::SCWMssOS::make -C microblaze_0/libsrc/standalone_v7_7/src -s include  "SHELL=CMD" "COMPILER=mb-gcc" "ASSEMBLER=mb-as" "ARCHIVER=mb-ar" "C
TRACE::2024-10-23.17:50:23::SCWMssOS::OMPILER_FLAGS=  -O2 -c -mcpu=v11.0 -mlittle-endian -mno-xl-soft-mul -mxl-barrel-shift" "EXTRA_COMPILER_FLAGS=-g -ffunction-sect
TRACE::2024-10-23.17:50:23::SCWMssOS::ions -fdata-sections -Wall -Wextra -fno-tree-loop-distribute-patterns"

TRACE::2024-10-23.17:50:24::SCWMssOS::"Running Make include in microblaze_0/libsrc/tmrctr_v4_9/src"

TRACE::2024-10-23.17:50:24::SCWMssOS::make -C microblaze_0/libsrc/tmrctr_v4_9/src -s include  "SHELL=CMD" "COMPILER=mb-gcc" "ASSEMBLER=mb-as" "ARCHIVER=mb-ar" "COMPI
TRACE::2024-10-23.17:50:24::SCWMssOS::LER_FLAGS=  -O2 -c -mcpu=v11.0 -mlittle-endian -mno-xl-soft-mul -mxl-barrel-shift" "EXTRA_COMPILER_FLAGS=-g -ffunction-sections
TRACE::2024-10-23.17:50:24::SCWMssOS:: -fdata-sections -Wall -Wextra -fno-tree-loop-distribute-patterns"

TRACE::2024-10-23.17:50:24::SCWMssOS::"Running Make include in microblaze_0/libsrc/uartlite_v3_7/src"

TRACE::2024-10-23.17:50:24::SCWMssOS::make -C microblaze_0/libsrc/uartlite_v3_7/src -s include  "SHELL=CMD" "COMPILER=mb-gcc" "ASSEMBLER=mb-as" "ARCHIVER=mb-ar" "COM
TRACE::2024-10-23.17:50:24::SCWMssOS::PILER_FLAGS=  -O2 -c -mcpu=v11.0 -mlittle-endian -mno-xl-soft-mul -mxl-barrel-shift" "EXTRA_COMPILER_FLAGS=-g -ffunction-sectio
TRACE::2024-10-23.17:50:24::SCWMssOS::ns -fdata-sections -Wall -Wextra -fno-tree-loop-distribute-patterns"

TRACE::2024-10-23.17:50:24::SCWMssOS::"Running Make libs in microblaze_0/libsrc/sevenSeg_v1_0/src"

TRACE::2024-10-23.17:50:24::SCWMssOS::make -C microblaze_0/libsrc/sevenSeg_v1_0/src -s libs  "SHELL=CMD" "COMPILER=mb-gcc" "ASSEMBLER=mb-as" "ARCHIVER=mb-ar" "COMPIL
TRACE::2024-10-23.17:50:24::SCWMssOS::ER_FLAGS=  -O2 -c -mcpu=v11.0 -mlittle-endian -mno-xl-soft-mul -mxl-barrel-shift" "EXTRA_COMPILER_FLAGS=-g -ffunction-sections 
TRACE::2024-10-23.17:50:24::SCWMssOS::-fdata-sections -Wall -Wextra -fno-tree-loop-distribute-patterns"

TRACE::2024-10-23.17:50:24::SCWMssOS::"Compiling sevenSeg..."

ERROR::2024-10-23.17:50:24::SCWMssOS::Failed to build  the bsp sources for domain - standalone_microblaze_0
ERROR::2024-10-23.17:50:24::SCWSystem::Error in Processing the domain standalone_microblaze_0
LOG::2024-10-23.17:55:21::SCWPlatform::Started generating the artifacts platform ECE153A_Lab2
TRACE::2024-10-23.17:55:21::SCWPlatform::Sanity checking of platform is completed
LOG::2024-10-23.17:55:21::SCWPlatform::Started generating the artifacts for system configuration ECE153A_Lab2
LOG::2024-10-23.17:55:21::SCWSystem::Checking the domain standalone_domain
LOG::2024-10-23.17:55:21::SCWSystem::Not a boot domain 
LOG::2024-10-23.17:55:21::SCWSystem::Checking the domain standalone_microblaze_0
LOG::2024-10-23.17:55:21::SCWSystem::Not a boot domain 
LOG::2024-10-23.17:55:21::SCWSystem::Started Processing the domain standalone_domain
TRACE::2024-10-23.17:55:21::SCWDomain::Generating domain artifcats
TRACE::2024-10-23.17:55:21::SCWMssOS::Generating standalone artifcats
TRACE::2024-10-23.17:55:21::SCWMssOS:: Copying the user libraries. 
TRACE::2024-10-23.17:55:21::SCWPlatform::Trying to open the hw design at C:/Users/ryand/OneDrive/Documents/Xilinx/ECE153A/Vitis/ECE153a_Lab1/ECE153A_Lab2/hw/system_wrapper.xsa
TRACE::2024-10-23.17:55:21::SCWPlatform::DSA given C:/Users/ryand/OneDrive/Documents/Xilinx/ECE153A/Vitis/ECE153a_Lab1/ECE153A_Lab2/hw/system_wrapper.xsa
TRACE::2024-10-23.17:55:21::SCWPlatform::DSA absoulate path C:/Users/ryand/OneDrive/Documents/Xilinx/ECE153A/Vitis/ECE153a_Lab1/ECE153A_Lab2/hw/system_wrapper.xsa
TRACE::2024-10-23.17:55:21::SCWPlatform::DSA directory C:/Users/ryand/OneDrive/Documents/Xilinx/ECE153A/Vitis/ECE153a_Lab1/ECE153A_Lab2/hw
TRACE::2024-10-23.17:55:21::SCWPlatform:: Platform Path C:/Users/ryand/OneDrive/Documents/Xilinx/ECE153A/Vitis/ECE153a_Lab1/ECE153A_Lab2/hw/system_wrapper.xsa
TRACE::2024-10-23.17:55:21::SCWPlatform:: Unique name xilinx:::0.0
TRACE::2024-10-23.17:55:21::SCWPlatform::Trying to set the existing hwdb with name system_wrapper_1
TRACE::2024-10-23.17:55:21::SCWPlatform::Opened existing hwdb system_wrapper_1
TRACE::2024-10-23.17:55:21::SCWPlatform::Found the Hw Db part of the input DSA
TRACE::2024-10-23.17:55:21::SCWMssOS::Checking the sw design at  C:/Users/ryand/OneDrive/Documents/Xilinx/ECE153A/Vitis/ECE153a_Lab1/ECE153A_Lab2/microblaze_0/standalone_domain/bsp/system.mss
TRACE::2024-10-23.17:55:21::SCWMssOS::DEBUG:  swdes dump  C:/Users/ryand/OneDrive/Documents/Xilinx/ECE153A/Vitis/ECE153a_Lab1/ECE153A_Lab2/microblaze_0/standalone_domain/bsp/system.mss|system_0||
C:/Users/ryand/OneDrive/Documents/Xilinx/ECE153A/Vitis/ECE153a_Lab1/ECE153A_Lab2/microblaze_0/standalone_microblaze_0/bsp/system.mss|system_1||
C:/Users/ryand/OneDrive/Documents/Xilinx/ECE153A/Vitis/ECE153a_Lab1/ECE153a_Lab1/microblaze_0/standalone_domain/bsp/system.mss|system||

TRACE::2024-10-23.17:55:21::SCWMssOS::Sw design exists and opened at  C:/Users/ryand/OneDrive/Documents/Xilinx/ECE153A/Vitis/ECE153a_Lab1/ECE153A_Lab2/microblaze_0/standalone_domain/bsp/system.mss
TRACE::2024-10-23.17:55:21::SCWMssOS::Completed writing the mss file at C:/Users/ryand/OneDrive/Documents/Xilinx/ECE153A/Vitis/ECE153a_Lab1/ECE153A_Lab2/microblaze_0/standalone_domain/bsp
TRACE::2024-10-23.17:55:21::SCWMssOS::Mss edits present, copying mssfile into export location C:/Users/ryand/OneDrive/Documents/Xilinx/ECE153A/Vitis/ECE153a_Lab1/ECE153A_Lab2/microblaze_0/standalone_domain/bsp/system.mss
TRACE::2024-10-23.17:55:21::SCWMssOS::bsp generated is upto date with the mss file. Skipping bsp generation.
TRACE::2024-10-23.17:55:21::SCWMssOS::BSP is already built. skipping the bsp build ... 
TRACE::2024-10-23.17:55:21::SCWDomain::Building the domain as part of full build :  standalone_domain
TRACE::2024-10-23.17:55:21::SCWMssOS::doing bsp build ... 
TRACE::2024-10-23.17:55:21::SCWMssOS::System Command Ran  C: & cd  C:/Users/ryand/OneDrive/Documents/Xilinx/ECE153A/Vitis/ECE153a_Lab1/ECE153A_Lab2/microblaze_0/standalone_domain/bsp & make 
TRACE::2024-10-23.17:55:21::SCWMssOS::make --no-print-directory seq_libs

TRACE::2024-10-23.17:55:21::SCWMssOS::'Finished building libraries sequentially.'

TRACE::2024-10-23.17:55:21::SCWMssOS::make -j 14 --no-print-directory par_libs

TRACE::2024-10-23.17:55:22::SCWMssOS::"Running Make include in microblaze_0/libsrc/bram_v4_7/src"

TRACE::2024-10-23.17:55:22::SCWMssOS::make -C microblaze_0/libsrc/bram_v4_7/src -s include  "SHELL=CMD" "COMPILER=mb-gcc" "ASSEMBLER=mb-as" "ARCHIVER=mb-ar" "COMPILE
TRACE::2024-10-23.17:55:22::SCWMssOS::R_FLAGS=  -O2 -c -mcpu=v11.0 -mlittle-endian -mno-xl-soft-mul -mxl-barrel-shift" "EXTRA_COMPILER_FLAGS=-g -ffunction-sections -
TRACE::2024-10-23.17:55:22::SCWMssOS::fdata-sections -Wall -Wextra -fno-tree-loop-distribute-patterns"

TRACE::2024-10-23.17:55:22::SCWMssOS::"Running Make include in microblaze_0/libsrc/cpu_v2_15/src"

TRACE::2024-10-23.17:55:22::SCWMssOS::make -C microblaze_0/libsrc/cpu_v2_15/src -s include  "SHELL=CMD" "COMPILER=mb-gcc" "ASSEMBLER=mb-as" "ARCHIVER=mb-ar" "COMPILE
TRACE::2024-10-23.17:55:22::SCWMssOS::R_FLAGS=  -O2 -c -mcpu=v11.0 -mlittle-endian -mno-xl-soft-mul -mxl-barrel-shift" "EXTRA_COMPILER_FLAGS=-g -ffunction-sections -
TRACE::2024-10-23.17:55:22::SCWMssOS::fdata-sections -Wall -Wextra -fno-tree-loop-distribute-patterns"

TRACE::2024-10-23.17:55:22::SCWMssOS::"Running Make include in microblaze_0/libsrc/gpio_v4_9/src"

TRACE::2024-10-23.17:55:22::SCWMssOS::make -C microblaze_0/libsrc/gpio_v4_9/src -s include  "SHELL=CMD" "COMPILER=mb-gcc" "ASSEMBLER=mb-as" "ARCHIVER=mb-ar" "COMPILE
TRACE::2024-10-23.17:55:22::SCWMssOS::R_FLAGS=  -O2 -c -mcpu=v11.0 -mlittle-endian -mno-xl-soft-mul -mxl-barrel-shift" "EXTRA_COMPILER_FLAGS=-g -ffunction-sections -
TRACE::2024-10-23.17:55:22::SCWMssOS::fdata-sections -Wall -Wextra -fno-tree-loop-distribute-patterns"

TRACE::2024-10-23.17:55:22::SCWMssOS::"Running Make include in microblaze_0/libsrc/intc_v3_14/src"

TRACE::2024-10-23.17:55:22::SCWMssOS::make -C microblaze_0/libsrc/intc_v3_14/src -s include  "SHELL=CMD" "COMPILER=mb-gcc" "ASSEMBLER=mb-as" "ARCHIVER=mb-ar" "COMPIL
TRACE::2024-10-23.17:55:22::SCWMssOS::ER_FLAGS=  -O2 -c -mcpu=v11.0 -mlittle-endian -mno-xl-soft-mul -mxl-barrel-shift" "EXTRA_COMPILER_FLAGS=-g -ffunction-sections 
TRACE::2024-10-23.17:55:22::SCWMssOS::-fdata-sections -Wall -Wextra -fno-tree-loop-distribute-patterns"

TRACE::2024-10-23.17:55:22::SCWMssOS::"Running Make include in microblaze_0/libsrc/standalone_v7_7/src"

TRACE::2024-10-23.17:55:22::SCWMssOS::make -C microblaze_0/libsrc/standalone_v7_7/src -s include  "SHELL=CMD" "COMPILER=mb-gcc" "ASSEMBLER=mb-as" "ARCHIVER=mb-ar" "C
TRACE::2024-10-23.17:55:22::SCWMssOS::OMPILER_FLAGS=  -O2 -c -mcpu=v11.0 -mlittle-endian -mno-xl-soft-mul -mxl-barrel-shift" "EXTRA_COMPILER_FLAGS=-g -ffunction-sect
TRACE::2024-10-23.17:55:22::SCWMssOS::ions -fdata-sections -Wall -Wextra -fno-tree-loop-distribute-patterns"

TRACE::2024-10-23.17:55:22::SCWMssOS::"Running Make include in microblaze_0/libsrc/tmrctr_v4_9/src"

TRACE::2024-10-23.17:55:22::SCWMssOS::make -C microblaze_0/libsrc/tmrctr_v4_9/src -s include  "SHELL=CMD" "COMPILER=mb-gcc" "ASSEMBLER=mb-as" "ARCHIVER=mb-ar" "COMPI
TRACE::2024-10-23.17:55:22::SCWMssOS::LER_FLAGS=  -O2 -c -mcpu=v11.0 -mlittle-endian -mno-xl-soft-mul -mxl-barrel-shift" "EXTRA_COMPILER_FLAGS=-g -ffunction-sections
TRACE::2024-10-23.17:55:22::SCWMssOS:: -fdata-sections -Wall -Wextra -fno-tree-loop-distribute-patterns"

TRACE::2024-10-23.17:55:22::SCWMssOS::"Running Make include in microblaze_0/libsrc/uartlite_v3_7/src"

TRACE::2024-10-23.17:55:22::SCWMssOS::make -C microblaze_0/libsrc/uartlite_v3_7/src -s include  "SHELL=CMD" "COMPILER=mb-gcc" "ASSEMBLER=mb-as" "ARCHIVER=mb-ar" "COM
TRACE::2024-10-23.17:55:22::SCWMssOS::PILER_FLAGS=  -O2 -c -mcpu=v11.0 -mlittle-endian -mno-xl-soft-mul -mxl-barrel-shift" "EXTRA_COMPILER_FLAGS=-g -ffunction-sectio
TRACE::2024-10-23.17:55:22::SCWMssOS::ns -fdata-sections -Wall -Wextra -fno-tree-loop-distribute-patterns"

TRACE::2024-10-23.17:55:23::SCWMssOS::"Running Make libs in microblaze_0/libsrc/bram_v4_7/src"

TRACE::2024-10-23.17:55:23::SCWMssOS::make -C microblaze_0/libsrc/bram_v4_7/src -s libs  "SHELL=CMD" "COMPILER=mb-gcc" "ASSEMBLER=mb-as" "ARCHIVER=mb-ar" "COMPILER_F
TRACE::2024-10-23.17:55:23::SCWMssOS::LAGS=  -O2 -c -mcpu=v11.0 -mlittle-endian -mno-xl-soft-mul -mxl-barrel-shift" "EXTRA_COMPILER_FLAGS=-g -ffunction-sections -fda
TRACE::2024-10-23.17:55:23::SCWMssOS::ta-sections -Wall -Wextra -fno-tree-loop-distribute-patterns"

TRACE::2024-10-23.17:55:23::SCWMssOS::"Running Make libs in microblaze_0/libsrc/cpu_v2_15/src"

TRACE::2024-10-23.17:55:23::SCWMssOS::"Running Make libs in microblaze_0/libsrc/gpio_v4_9/src"

TRACE::2024-10-23.17:55:23::SCWMssOS::make -C microblaze_0/libsrc/cpu_v2_15/src -s libs  "SHELL=CMD" "COMPILER=mb-gcc" "ASSEMBLER=mb-as" "ARCHIVER=mb-ar" "COMPILER_F
TRACE::2024-10-23.17:55:23::SCWMssOS::LAGS=  -O2 -c -mcpu=v11.0 -mlittle-endian -mno-xl-soft-mul -mxl-barrel-shift" "EXTRA_COMPILER_FLAGS=-g -ffunction-sections -fda
TRACE::2024-10-23.17:55:23::SCWMssOS::ta-sections -Wall -Wextra -fno-tree-loop-distribute-patterns"

TRACE::2024-10-23.17:55:23::SCWMssOS::make -C microblaze_0/libsrc/gpio_v4_9/src -s libs  "SHELL=CMD" "COMPILER=mb-gcc" "ASSEMBLER=mb-as" "ARCHIVER=mb-ar" "COMPILER_F
TRACE::2024-10-23.17:55:23::SCWMssOS::LAGS=  -O2 -c -mcpu=v11.0 -mlittle-endian -mno-xl-soft-mul -mxl-barrel-shift" "EXTRA_COMPILER_FLAGS=-g -ffunction-sections -fda
TRACE::2024-10-23.17:55:23::SCWMssOS::ta-sections -Wall -Wextra -fno-tree-loop-distribute-patterns"

TRACE::2024-10-23.17:55:23::SCWMssOS::"Running Make libs in microblaze_0/libsrc/intc_v3_14/src"

TRACE::2024-10-23.17:55:23::SCWMssOS::make -C microblaze_0/libsrc/intc_v3_14/src -s libs  "SHELL=CMD" "COMPILER=mb-gcc" "ASSEMBLER=mb-as" "ARCHIVER=mb-ar" "COMPILER_
TRACE::2024-10-23.17:55:23::SCWMssOS::FLAGS=  -O2 -c -mcpu=v11.0 -mlittle-endian -mno-xl-soft-mul -mxl-barrel-shift" "EXTRA_COMPILER_FLAGS=-g -ffunction-sections -fd
TRACE::2024-10-23.17:55:23::SCWMssOS::ata-sections -Wall -Wextra -fno-tree-loop-distribute-patterns"

TRACE::2024-10-23.17:55:23::SCWMssOS::"Running Make libs in microblaze_0/libsrc/standalone_v7_7/src"

TRACE::2024-10-23.17:55:23::SCWMssOS::make -C microblaze_0/libsrc/standalone_v7_7/src -s libs  "SHELL=CMD" "COMPILER=mb-gcc" "ASSEMBLER=mb-as" "ARCHIVER=mb-ar" "COMP
TRACE::2024-10-23.17:55:23::SCWMssOS::ILER_FLAGS=  -O2 -c -mcpu=v11.0 -mlittle-endian -mno-xl-soft-mul -mxl-barrel-shift" "EXTRA_COMPILER_FLAGS=-g -ffunction-section
TRACE::2024-10-23.17:55:23::SCWMssOS::s -fdata-sections -Wall -Wextra -fno-tree-loop-distribute-patterns"

TRACE::2024-10-23.17:55:23::SCWMssOS::"Running Make libs in microblaze_0/libsrc/tmrctr_v4_9/src"

TRACE::2024-10-23.17:55:23::SCWMssOS::make -C microblaze_0/libsrc/tmrctr_v4_9/src -s libs  "SHELL=CMD" "COMPILER=mb-gcc" "ASSEMBLER=mb-as" "ARCHIVER=mb-ar" "COMPILER
TRACE::2024-10-23.17:55:23::SCWMssOS::_FLAGS=  -O2 -c -mcpu=v11.0 -mlittle-endian -mno-xl-soft-mul -mxl-barrel-shift" "EXTRA_COMPILER_FLAGS=-g -ffunction-sections -f
TRACE::2024-10-23.17:55:23::SCWMssOS::data-sections -Wall -Wextra -fno-tree-loop-distribute-patterns"

TRACE::2024-10-23.17:55:24::SCWMssOS::"Running Make libs in microblaze_0/libsrc/uartlite_v3_7/src"

TRACE::2024-10-23.17:55:24::SCWMssOS::make -C microblaze_0/libsrc/uartlite_v3_7/src -s libs  "SHELL=CMD" "COMPILER=mb-gcc" "ASSEMBLER=mb-as" "ARCHIVER=mb-ar" "COMPIL
TRACE::2024-10-23.17:55:24::SCWMssOS::ER_FLAGS=  -O2 -c -mcpu=v11.0 -mlittle-endian -mno-xl-soft-mul -mxl-barrel-shift" "EXTRA_COMPILER_FLAGS=-g -ffunction-sections 
TRACE::2024-10-23.17:55:24::SCWMssOS::-fdata-sections -Wall -Wextra -fno-tree-loop-distribute-patterns"

TRACE::2024-10-23.17:55:24::SCWMssOS::'Finished building libraries parallelly.'

TRACE::2024-10-23.17:55:24::SCWMssOS::make --no-print-directory archive

TRACE::2024-10-23.17:55:24::SCWMssOS::mb-ar -r  microblaze_0/lib/libxil.a microblaze_0/lib/xplatform_info.o microblaze_0/lib/xuartlite.o microblaze_0/lib/microblaze_
TRACE::2024-10-23.17:55:24::SCWMssOS::disable_exceptions.o microblaze_0/lib/print.o microblaze_0/lib/xtmrctr_options.o microblaze_0/lib/_exit.o microblaze_0/lib/xil_
TRACE::2024-10-23.17:55:24::SCWMssOS::testio.o microblaze_0/lib/microblaze_disable_dcache.o microblaze_0/lib/microblaze_flush_dcache_range.o microblaze_0/lib/xuartli
TRACE::2024-10-23.17:55:24::SCWMssOS::te_sinit.o microblaze_0/lib/microblaze_flush_cache_ext.o microblaze_0/lib/xbram_sinit.o microblaze_0/lib/xil_misc_psreset_api.o
TRACE::2024-10-23.17:55:24::SCWMssOS:: microblaze_0/lib/xinterrupt_wrap.o microblaze_0/lib/xil_cache.o microblaze_0/lib/xil_util.o microblaze_0/lib/inbyte.o microbla
TRACE::2024-10-23.17:55:24::SCWMssOS::ze_0/lib/xintc_intr.o microblaze_0/lib/xuartlite_stats.o microblaze_0/lib/microblaze_exception_handler.o microblaze_0/lib/xbram
TRACE::2024-10-23.17:55:24::SCWMssOS::_g.o microblaze_0/lib/microblaze_scrub.o microblaze_0/lib/microblaze_invalidate_dcache.o microblaze_0/lib/microblaze_disable_in
TRACE::2024-10-23.17:55:24::SCWMssOS::terrupts.o microblaze_0/lib/xbram_selftest.o microblaze_0/lib/microblaze_interrupt_handler.o microblaze_0/lib/microblaze_disabl
TRACE::2024-10-23.17:55:24::SCWMssOS::e_icache.o microblaze_0/lib/xgpio_g.o microblaze_0/lib/xil_mem.o microblaze_0/lib/microblaze_flush_cache_ext_range.o microblaze
TRACE::2024-10-23.17:55:24::SCWMssOS::_0/lib/xtmrctr_intr.o microblaze_0/lib/xbram_intr.o microblaze_0/lib/xil_sleepcommon.o microblaze_0/lib/xil_printf.o microblaze
TRACE::2024-10-23.17:55:24::SCWMssOS::_0/lib/xintc_g.o microblaze_0/lib/xuartlite_g.o microblaze_0/lib/xtmrctr_l.o microblaze_0/lib/xintc_selftest.o microblaze_0/lib
TRACE::2024-10-23.17:55:24::SCWMssOS::/xintc_l.o microblaze_0/lib/outbyte.o microblaze_0/lib/microblaze_enable_exceptions.o microblaze_0/lib/xgpio_intr.o microblaze_
TRACE::2024-10-23.17:55:24::SCWMssOS::0/lib/microblaze_invalidate_dcache_range.o microblaze_0/lib/microblaze_invalidate_cache_ext.o microblaze_0/lib/microblaze_sleep
TRACE::2024-10-23.17:55:24::SCWMssOS::.o microblaze_0/lib/hw_exception_handler.o microblaze_0/lib/xtmrctr.o microblaze_0/lib/xuartlite_selftest.o microblaze_0/lib/xg
TRACE::2024-10-23.17:55:24::SCWMssOS::pio_sinit.o microblaze_0/lib/microblaze_update_dcache.o microblaze_0/lib/xil_testcache.o microblaze_0/lib/microblaze_selftest.o
TRACE::2024-10-23.17:55:24::SCWMssOS:: microblaze_0/lib/microblaze_interrupts_g.o microblaze_0/lib/xio.o microblaze_0/lib/xtmrctr_g.o microblaze_0/lib/microblaze_ena
TRACE::2024-10-23.17:55:24::SCWMssOS::ble_dcache.o microblaze_0/lib/xbram.o microblaze_0/lib/microblaze_invalidate_icache_range.o microblaze_0/lib/xtmrctr_selftest.o
TRACE::2024-10-23.17:55:24::SCWMssOS:: microblaze_0/lib/microblaze_init_dcache_range.o microblaze_0/lib/microblaze_invalidate_icache.o microblaze_0/lib/errno.o micro
TRACE::2024-10-23.17:55:24::SCWMssOS::blaze_0/lib/xuartlite_l.o microblaze_0/lib/xintc_options.o microblaze_0/lib/microblaze_invalidate_cache_ext_range.o microblaze_
TRACE::2024-10-23.17:55:24::SCWMssOS::0/lib/xil_exception.o microblaze_0/lib/pvr.o microblaze_0/lib/xgpio.o microblaze_0/lib/xil_testmem.o microblaze_0/lib/microblaz
TRACE::2024-10-23.17:55:24::SCWMssOS::e_update_icache.o microblaze_0/lib/xuartlite_intr.o microblaze_0/lib/microblaze_flush_dcache.o microblaze_0/lib/xil_clocking.o 
TRACE::2024-10-23.17:55:24::SCWMssOS::microblaze_0/lib/xil_assert.o microblaze_0/lib/microblaze_enable_interrupts.o microblaze_0/lib/xgpio_extra.o microblaze_0/lib/m
TRACE::2024-10-23.17:55:24::SCWMssOS::icroblaze_enable_icache.o microblaze_0/lib/xintc.o microblaze_0/lib/xtmrctr_stats.o microblaze_0/lib/microblaze_init_icache_ran
TRACE::2024-10-23.17:55:24::SCWMssOS::ge.o microblaze_0/lib/xtmrctr_sinit.o microblaze_0/lib/fcntl.o microblaze_0/lib/xgpio_selftest.o

TRACE::2024-10-23.17:55:25::SCWMssOS::'Finished building libraries'

TRACE::2024-10-23.17:55:25::SCWMssOS::Copying to export directory.
TRACE::2024-10-23.17:55:26::SCWMssOS:: Checking if to create the Supporting Applications
TRACE::2024-10-23.17:55:26::SCWMssOS:: No Linux domain exists, trying to generate FSBL 
LOG::2024-10-23.17:55:26::SCWSystem::Completed Processing the domain standalone_domain
LOG::2024-10-23.17:55:26::SCWSystem::Started Processing the domain standalone_microblaze_0
TRACE::2024-10-23.17:55:26::SCWDomain::Generating domain artifcats
TRACE::2024-10-23.17:55:26::SCWMssOS::Generating standalone artifcats
TRACE::2024-10-23.17:55:26::SCWMssOS:: Copying the user libraries. 
TRACE::2024-10-23.17:55:26::SCWPlatform::Trying to open the hw design at C:/Users/ryand/OneDrive/Documents/Xilinx/ECE153A/Vitis/ECE153a_Lab1/ECE153A_Lab2/hw/system_wrapper.xsa
TRACE::2024-10-23.17:55:26::SCWPlatform::DSA given C:/Users/ryand/OneDrive/Documents/Xilinx/ECE153A/Vitis/ECE153a_Lab1/ECE153A_Lab2/hw/system_wrapper.xsa
TRACE::2024-10-23.17:55:26::SCWPlatform::DSA absoulate path C:/Users/ryand/OneDrive/Documents/Xilinx/ECE153A/Vitis/ECE153a_Lab1/ECE153A_Lab2/hw/system_wrapper.xsa
TRACE::2024-10-23.17:55:26::SCWPlatform::DSA directory C:/Users/ryand/OneDrive/Documents/Xilinx/ECE153A/Vitis/ECE153a_Lab1/ECE153A_Lab2/hw
TRACE::2024-10-23.17:55:26::SCWPlatform:: Platform Path C:/Users/ryand/OneDrive/Documents/Xilinx/ECE153A/Vitis/ECE153a_Lab1/ECE153A_Lab2/hw/system_wrapper.xsa
TRACE::2024-10-23.17:55:26::SCWPlatform:: Unique name xilinx:::0.0
TRACE::2024-10-23.17:55:26::SCWPlatform::Trying to set the existing hwdb with name system_wrapper_1
TRACE::2024-10-23.17:55:26::SCWPlatform::Opened existing hwdb system_wrapper_1
TRACE::2024-10-23.17:55:26::SCWPlatform::Found the Hw Db part of the input DSA
TRACE::2024-10-23.17:55:26::SCWMssOS::Checking the sw design at  C:/Users/ryand/OneDrive/Documents/Xilinx/ECE153A/Vitis/ECE153a_Lab1/ECE153A_Lab2/microblaze_0/standalone_microblaze_0/bsp/system.mss
TRACE::2024-10-23.17:55:26::SCWMssOS::DEBUG:  swdes dump  C:/Users/ryand/OneDrive/Documents/Xilinx/ECE153A/Vitis/ECE153a_Lab1/ECE153A_Lab2/microblaze_0/standalone_domain/bsp/system.mss|system_0||
C:/Users/ryand/OneDrive/Documents/Xilinx/ECE153A/Vitis/ECE153a_Lab1/ECE153A_Lab2/microblaze_0/standalone_microblaze_0/bsp/system.mss|system_1||
C:/Users/ryand/OneDrive/Documents/Xilinx/ECE153A/Vitis/ECE153a_Lab1/ECE153a_Lab1/microblaze_0/standalone_domain/bsp/system.mss|system||

TRACE::2024-10-23.17:55:26::SCWMssOS::Sw design exists and opened at  C:/Users/ryand/OneDrive/Documents/Xilinx/ECE153A/Vitis/ECE153a_Lab1/ECE153A_Lab2/microblaze_0/standalone_microblaze_0/bsp/system.mss
TRACE::2024-10-23.17:55:26::SCWMssOS::Completed writing the mss file at C:/Users/ryand/OneDrive/Documents/Xilinx/ECE153A/Vitis/ECE153a_Lab1/ECE153A_Lab2/microblaze_0/standalone_microblaze_0/bsp
TRACE::2024-10-23.17:55:26::SCWMssOS::Mss edits present, copying mssfile into export location C:/Users/ryand/OneDrive/Documents/Xilinx/ECE153A/Vitis/ECE153a_Lab1/ECE153A_Lab2/microblaze_0/standalone_microblaze_0/bsp/system.mss
TRACE::2024-10-23.17:55:26::SCWMssOS::bsp generated is upto date with the mss file. Skipping bsp generation.
TRACE::2024-10-23.17:55:26::SCWMssOS::BSP is already built. skipping the bsp build ... 
TRACE::2024-10-23.17:55:26::SCWDomain::Building the domain as part of full build :  standalone_microblaze_0
TRACE::2024-10-23.17:55:26::SCWMssOS::doing bsp build ... 
TRACE::2024-10-23.17:55:26::SCWMssOS::System Command Ran  C: & cd  C:/Users/ryand/OneDrive/Documents/Xilinx/ECE153A/Vitis/ECE153a_Lab1/ECE153A_Lab2/microblaze_0/standalone_microblaze_0/bsp & make 
TRACE::2024-10-23.17:55:26::SCWMssOS::make --no-print-directory seq_libs

TRACE::2024-10-23.17:55:26::SCWMssOS::"Running Make include in microblaze_0/libsrc/bram_v4_7/src"

TRACE::2024-10-23.17:55:26::SCWMssOS::make -C microblaze_0/libsrc/bram_v4_7/src -s include  "SHELL=CMD" "COMPILER=mb-gcc" "ASSEMBLER=mb-as" "ARCHIVER=mb-ar" "COMPILE
TRACE::2024-10-23.17:55:26::SCWMssOS::R_FLAGS=  -O2 -c -mcpu=v11.0 -mlittle-endian -mno-xl-soft-mul -mxl-barrel-shift" "EXTRA_COMPILER_FLAGS=-g -ffunction-sections -
TRACE::2024-10-23.17:55:26::SCWMssOS::fdata-sections -Wall -Wextra -fno-tree-loop-distribute-patterns"

TRACE::2024-10-23.17:55:26::SCWMssOS::"Running Make include in microblaze_0/libsrc/cpu_v2_15/src"

TRACE::2024-10-23.17:55:26::SCWMssOS::make -C microblaze_0/libsrc/cpu_v2_15/src -s include  "SHELL=CMD" "COMPILER=mb-gcc" "ASSEMBLER=mb-as" "ARCHIVER=mb-ar" "COMPILE
TRACE::2024-10-23.17:55:26::SCWMssOS::R_FLAGS=  -O2 -c -mcpu=v11.0 -mlittle-endian -mno-xl-soft-mul -mxl-barrel-shift" "EXTRA_COMPILER_FLAGS=-g -ffunction-sections -
TRACE::2024-10-23.17:55:26::SCWMssOS::fdata-sections -Wall -Wextra -fno-tree-loop-distribute-patterns"

TRACE::2024-10-23.17:55:26::SCWMssOS::"Running Make include in microblaze_0/libsrc/gpio_v4_9/src"

TRACE::2024-10-23.17:55:26::SCWMssOS::make -C microblaze_0/libsrc/gpio_v4_9/src -s include  "SHELL=CMD" "COMPILER=mb-gcc" "ASSEMBLER=mb-as" "ARCHIVER=mb-ar" "COMPILE
TRACE::2024-10-23.17:55:26::SCWMssOS::R_FLAGS=  -O2 -c -mcpu=v11.0 -mlittle-endian -mno-xl-soft-mul -mxl-barrel-shift" "EXTRA_COMPILER_FLAGS=-g -ffunction-sections -
TRACE::2024-10-23.17:55:26::SCWMssOS::fdata-sections -Wall -Wextra -fno-tree-loop-distribute-patterns"

TRACE::2024-10-23.17:55:27::SCWMssOS::"Running Make include in microblaze_0/libsrc/intc_v3_14/src"

TRACE::2024-10-23.17:55:27::SCWMssOS::make -C microblaze_0/libsrc/intc_v3_14/src -s include  "SHELL=CMD" "COMPILER=mb-gcc" "ASSEMBLER=mb-as" "ARCHIVER=mb-ar" "COMPIL
TRACE::2024-10-23.17:55:27::SCWMssOS::ER_FLAGS=  -O2 -c -mcpu=v11.0 -mlittle-endian -mno-xl-soft-mul -mxl-barrel-shift" "EXTRA_COMPILER_FLAGS=-g -ffunction-sections 
TRACE::2024-10-23.17:55:27::SCWMssOS::-fdata-sections -Wall -Wextra -fno-tree-loop-distribute-patterns"

TRACE::2024-10-23.17:55:27::SCWMssOS::"Running Make include in microblaze_0/libsrc/sevenSeg_v1_0/src"

TRACE::2024-10-23.17:55:27::SCWMssOS::make -C microblaze_0/libsrc/sevenSeg_v1_0/src -s include  "SHELL=CMD" "COMPILER=mb-gcc" "ASSEMBLER=mb-as" "ARCHIVER=mb-ar" "COM
TRACE::2024-10-23.17:55:27::SCWMssOS::PILER_FLAGS=  -O2 -c -mcpu=v11.0 -mlittle-endian -mno-xl-soft-mul -mxl-barrel-shift" "EXTRA_COMPILER_FLAGS=-g -ffunction-sectio
TRACE::2024-10-23.17:55:27::SCWMssOS::ns -fdata-sections -Wall -Wextra -fno-tree-loop-distribute-patterns"

TRACE::2024-10-23.17:55:27::SCWMssOS::"Running Make include in microblaze_0/libsrc/standalone_v7_7/src"

TRACE::2024-10-23.17:55:27::SCWMssOS::make -C microblaze_0/libsrc/standalone_v7_7/src -s include  "SHELL=CMD" "COMPILER=mb-gcc" "ASSEMBLER=mb-as" "ARCHIVER=mb-ar" "C
TRACE::2024-10-23.17:55:27::SCWMssOS::OMPILER_FLAGS=  -O2 -c -mcpu=v11.0 -mlittle-endian -mno-xl-soft-mul -mxl-barrel-shift" "EXTRA_COMPILER_FLAGS=-g -ffunction-sect
TRACE::2024-10-23.17:55:27::SCWMssOS::ions -fdata-sections -Wall -Wextra -fno-tree-loop-distribute-patterns"

TRACE::2024-10-23.17:55:27::SCWMssOS::"Running Make include in microblaze_0/libsrc/tmrctr_v4_9/src"

TRACE::2024-10-23.17:55:27::SCWMssOS::make -C microblaze_0/libsrc/tmrctr_v4_9/src -s include  "SHELL=CMD" "COMPILER=mb-gcc" "ASSEMBLER=mb-as" "ARCHIVER=mb-ar" "COMPI
TRACE::2024-10-23.17:55:27::SCWMssOS::LER_FLAGS=  -O2 -c -mcpu=v11.0 -mlittle-endian -mno-xl-soft-mul -mxl-barrel-shift" "EXTRA_COMPILER_FLAGS=-g -ffunction-sections
TRACE::2024-10-23.17:55:27::SCWMssOS:: -fdata-sections -Wall -Wextra -fno-tree-loop-distribute-patterns"

TRACE::2024-10-23.17:55:27::SCWMssOS::"Running Make include in microblaze_0/libsrc/uartlite_v3_7/src"

TRACE::2024-10-23.17:55:27::SCWMssOS::make -C microblaze_0/libsrc/uartlite_v3_7/src -s include  "SHELL=CMD" "COMPILER=mb-gcc" "ASSEMBLER=mb-as" "ARCHIVER=mb-ar" "COM
TRACE::2024-10-23.17:55:27::SCWMssOS::PILER_FLAGS=  -O2 -c -mcpu=v11.0 -mlittle-endian -mno-xl-soft-mul -mxl-barrel-shift" "EXTRA_COMPILER_FLAGS=-g -ffunction-sectio
TRACE::2024-10-23.17:55:27::SCWMssOS::ns -fdata-sections -Wall -Wextra -fno-tree-loop-distribute-patterns"

TRACE::2024-10-23.17:55:28::SCWMssOS::"Running Make libs in microblaze_0/libsrc/sevenSeg_v1_0/src"

TRACE::2024-10-23.17:55:28::SCWMssOS::make -C microblaze_0/libsrc/sevenSeg_v1_0/src -s libs  "SHELL=CMD" "COMPILER=mb-gcc" "ASSEMBLER=mb-as" "ARCHIVER=mb-ar" "COMPIL
TRACE::2024-10-23.17:55:28::SCWMssOS::ER_FLAGS=  -O2 -c -mcpu=v11.0 -mlittle-endian -mno-xl-soft-mul -mxl-barrel-shift" "EXTRA_COMPILER_FLAGS=-g -ffunction-sections 
TRACE::2024-10-23.17:55:28::SCWMssOS::-fdata-sections -Wall -Wextra -fno-tree-loop-distribute-patterns"

TRACE::2024-10-23.17:55:28::SCWMssOS::"Compiling sevenSeg..."

ERROR::2024-10-23.17:55:28::SCWMssOS::Failed to build  the bsp sources for domain - standalone_microblaze_0
ERROR::2024-10-23.17:55:28::SCWSystem::Error in Processing the domain standalone_microblaze_0
LOG::2024-10-23.17:56:34::SCWPlatform::Started generating the artifacts platform ECE153A_Lab2
TRACE::2024-10-23.17:56:34::SCWPlatform::Sanity checking of platform is completed
LOG::2024-10-23.17:56:34::SCWPlatform::Started generating the artifacts for system configuration ECE153A_Lab2
LOG::2024-10-23.17:56:34::SCWSystem::Checking the domain standalone_domain
LOG::2024-10-23.17:56:34::SCWSystem::Not a boot domain 
LOG::2024-10-23.17:56:34::SCWSystem::Checking the domain standalone_microblaze_0
LOG::2024-10-23.17:56:34::SCWSystem::Not a boot domain 
LOG::2024-10-23.17:56:34::SCWSystem::Started Processing the domain standalone_domain
TRACE::2024-10-23.17:56:34::SCWDomain::Generating domain artifcats
TRACE::2024-10-23.17:56:34::SCWMssOS::Generating standalone artifcats
TRACE::2024-10-23.17:56:34::SCWMssOS:: Copying the user libraries. 
TRACE::2024-10-23.17:56:34::SCWPlatform::Trying to open the hw design at C:/Users/ryand/OneDrive/Documents/Xilinx/ECE153A/Vitis/ECE153a_Lab1/ECE153A_Lab2/hw/system_wrapper.xsa
TRACE::2024-10-23.17:56:34::SCWPlatform::DSA given C:/Users/ryand/OneDrive/Documents/Xilinx/ECE153A/Vitis/ECE153a_Lab1/ECE153A_Lab2/hw/system_wrapper.xsa
TRACE::2024-10-23.17:56:34::SCWPlatform::DSA absoulate path C:/Users/ryand/OneDrive/Documents/Xilinx/ECE153A/Vitis/ECE153a_Lab1/ECE153A_Lab2/hw/system_wrapper.xsa
TRACE::2024-10-23.17:56:34::SCWPlatform::DSA directory C:/Users/ryand/OneDrive/Documents/Xilinx/ECE153A/Vitis/ECE153a_Lab1/ECE153A_Lab2/hw
TRACE::2024-10-23.17:56:34::SCWPlatform:: Platform Path C:/Users/ryand/OneDrive/Documents/Xilinx/ECE153A/Vitis/ECE153a_Lab1/ECE153A_Lab2/hw/system_wrapper.xsa
TRACE::2024-10-23.17:56:34::SCWPlatform:: Unique name xilinx:::0.0
TRACE::2024-10-23.17:56:34::SCWPlatform::Trying to set the existing hwdb with name system_wrapper_1
TRACE::2024-10-23.17:56:34::SCWPlatform::Opened existing hwdb system_wrapper_1
TRACE::2024-10-23.17:56:34::SCWPlatform::Found the Hw Db part of the input DSA
TRACE::2024-10-23.17:56:34::SCWMssOS::Checking the sw design at  C:/Users/ryand/OneDrive/Documents/Xilinx/ECE153A/Vitis/ECE153a_Lab1/ECE153A_Lab2/microblaze_0/standalone_domain/bsp/system.mss
TRACE::2024-10-23.17:56:34::SCWMssOS::DEBUG:  swdes dump  C:/Users/ryand/OneDrive/Documents/Xilinx/ECE153A/Vitis/ECE153a_Lab1/ECE153A_Lab2/microblaze_0/standalone_domain/bsp/system.mss|system_0||
C:/Users/ryand/OneDrive/Documents/Xilinx/ECE153A/Vitis/ECE153a_Lab1/ECE153A_Lab2/microblaze_0/standalone_microblaze_0/bsp/system.mss|system_1||
C:/Users/ryand/OneDrive/Documents/Xilinx/ECE153A/Vitis/ECE153a_Lab1/ECE153a_Lab1/microblaze_0/standalone_domain/bsp/system.mss|system||

TRACE::2024-10-23.17:56:34::SCWMssOS::Sw design exists and opened at  C:/Users/ryand/OneDrive/Documents/Xilinx/ECE153A/Vitis/ECE153a_Lab1/ECE153A_Lab2/microblaze_0/standalone_domain/bsp/system.mss
TRACE::2024-10-23.17:56:34::SCWMssOS::Completed writing the mss file at C:/Users/ryand/OneDrive/Documents/Xilinx/ECE153A/Vitis/ECE153a_Lab1/ECE153A_Lab2/microblaze_0/standalone_domain/bsp
TRACE::2024-10-23.17:56:34::SCWMssOS::Mss edits present, copying mssfile into export location C:/Users/ryand/OneDrive/Documents/Xilinx/ECE153A/Vitis/ECE153a_Lab1/ECE153A_Lab2/microblaze_0/standalone_domain/bsp/system.mss
TRACE::2024-10-23.17:56:34::SCWMssOS::bsp generated is upto date with the mss file. Skipping bsp generation.
TRACE::2024-10-23.17:56:34::SCWMssOS::BSP is already built. skipping the bsp build ... 
TRACE::2024-10-23.17:56:34::SCWDomain::Building the domain as part of full build :  standalone_domain
TRACE::2024-10-23.17:56:34::SCWMssOS::doing bsp build ... 
TRACE::2024-10-23.17:56:34::SCWMssOS::System Command Ran  C: & cd  C:/Users/ryand/OneDrive/Documents/Xilinx/ECE153A/Vitis/ECE153a_Lab1/ECE153A_Lab2/microblaze_0/standalone_domain/bsp & make 
TRACE::2024-10-23.17:56:34::SCWMssOS::make --no-print-directory seq_libs

TRACE::2024-10-23.17:56:34::SCWMssOS::'Finished building libraries sequentially.'

TRACE::2024-10-23.17:56:34::SCWMssOS::make -j 14 --no-print-directory par_libs

TRACE::2024-10-23.17:56:34::SCWMssOS::"Running Make include in microblaze_0/libsrc/bram_v4_7/src"

TRACE::2024-10-23.17:56:34::SCWMssOS::"Running Make include in microblaze_0/libsrc/cpu_v2_15/src"

TRACE::2024-10-23.17:56:34::SCWMssOS::make -C microblaze_0/libsrc/bram_v4_7/src -s include  "SHELL=CMD" "COMPILER=mb-gcc" "ASSEMBLER=mb-as" "ARCHIVER=mb-ar" "COMPILE
TRACE::2024-10-23.17:56:34::SCWMssOS::R_FLAGS=  -O2 -c -mcpu=v11.0 -mlittle-endian -mno-xl-soft-mul -mxl-barrel-shift" "EXTRA_COMPILER_FLAGS=-g -ffunction-sections -
TRACE::2024-10-23.17:56:34::SCWMssOS::fdata-sections -Wall -Wextra -fno-tree-loop-distribute-patterns"

TRACE::2024-10-23.17:56:34::SCWMssOS::make -C microblaze_0/libsrc/cpu_v2_15/src -s include  "SHELL=CMD" "COMPILER=mb-gcc" "ASSEMBLER=mb-as" "ARCHIVER=mb-ar" "COMPILE
TRACE::2024-10-23.17:56:34::SCWMssOS::R_FLAGS=  -O2 -c -mcpu=v11.0 -mlittle-endian -mno-xl-soft-mul -mxl-barrel-shift" "EXTRA_COMPILER_FLAGS=-g -ffunction-sections -
TRACE::2024-10-23.17:56:34::SCWMssOS::fdata-sections -Wall -Wextra -fno-tree-loop-distribute-patterns"

TRACE::2024-10-23.17:56:34::SCWMssOS::"Running Make include in microblaze_0/libsrc/gpio_v4_9/src"

TRACE::2024-10-23.17:56:35::SCWMssOS::make -C microblaze_0/libsrc/gpio_v4_9/src -s include  "SHELL=CMD" "COMPILER=mb-gcc" "ASSEMBLER=mb-as" "ARCHIVER=mb-ar" "COMPILE
TRACE::2024-10-23.17:56:35::SCWMssOS::R_FLAGS=  -O2 -c -mcpu=v11.0 -mlittle-endian -mno-xl-soft-mul -mxl-barrel-shift" "EXTRA_COMPILER_FLAGS=-g -ffunction-sections -
TRACE::2024-10-23.17:56:35::SCWMssOS::fdata-sections -Wall -Wextra -fno-tree-loop-distribute-patterns"

TRACE::2024-10-23.17:56:35::SCWMssOS::"Running Make include in microblaze_0/libsrc/intc_v3_14/src"

TRACE::2024-10-23.17:56:35::SCWMssOS::make -C microblaze_0/libsrc/intc_v3_14/src -s include  "SHELL=CMD" "COMPILER=mb-gcc" "ASSEMBLER=mb-as" "ARCHIVER=mb-ar" "COMPIL
TRACE::2024-10-23.17:56:35::SCWMssOS::ER_FLAGS=  -O2 -c -mcpu=v11.0 -mlittle-endian -mno-xl-soft-mul -mxl-barrel-shift" "EXTRA_COMPILER_FLAGS=-g -ffunction-sections 
TRACE::2024-10-23.17:56:35::SCWMssOS::-fdata-sections -Wall -Wextra -fno-tree-loop-distribute-patterns"

TRACE::2024-10-23.17:56:35::SCWMssOS::"Running Make include in microblaze_0/libsrc/standalone_v7_7/src"

TRACE::2024-10-23.17:56:35::SCWMssOS::make -C microblaze_0/libsrc/standalone_v7_7/src -s include  "SHELL=CMD" "COMPILER=mb-gcc" "ASSEMBLER=mb-as" "ARCHIVER=mb-ar" "C
TRACE::2024-10-23.17:56:35::SCWMssOS::OMPILER_FLAGS=  -O2 -c -mcpu=v11.0 -mlittle-endian -mno-xl-soft-mul -mxl-barrel-shift" "EXTRA_COMPILER_FLAGS=-g -ffunction-sect
TRACE::2024-10-23.17:56:35::SCWMssOS::ions -fdata-sections -Wall -Wextra -fno-tree-loop-distribute-patterns"

TRACE::2024-10-23.17:56:35::SCWMssOS::"Running Make include in microblaze_0/libsrc/tmrctr_v4_9/src"

TRACE::2024-10-23.17:56:35::SCWMssOS::make -C microblaze_0/libsrc/tmrctr_v4_9/src -s include  "SHELL=CMD" "COMPILER=mb-gcc" "ASSEMBLER=mb-as" "ARCHIVER=mb-ar" "COMPI
TRACE::2024-10-23.17:56:35::SCWMssOS::LER_FLAGS=  -O2 -c -mcpu=v11.0 -mlittle-endian -mno-xl-soft-mul -mxl-barrel-shift" "EXTRA_COMPILER_FLAGS=-g -ffunction-sections
TRACE::2024-10-23.17:56:35::SCWMssOS:: -fdata-sections -Wall -Wextra -fno-tree-loop-distribute-patterns"

TRACE::2024-10-23.17:56:35::SCWMssOS::"Running Make include in microblaze_0/libsrc/uartlite_v3_7/src"

TRACE::2024-10-23.17:56:35::SCWMssOS::make -C microblaze_0/libsrc/uartlite_v3_7/src -s include  "SHELL=CMD" "COMPILER=mb-gcc" "ASSEMBLER=mb-as" "ARCHIVER=mb-ar" "COM
TRACE::2024-10-23.17:56:35::SCWMssOS::PILER_FLAGS=  -O2 -c -mcpu=v11.0 -mlittle-endian -mno-xl-soft-mul -mxl-barrel-shift" "EXTRA_COMPILER_FLAGS=-g -ffunction-sectio
TRACE::2024-10-23.17:56:35::SCWMssOS::ns -fdata-sections -Wall -Wextra -fno-tree-loop-distribute-patterns"

TRACE::2024-10-23.17:56:36::SCWMssOS::"Running Make libs in microblaze_0/libsrc/bram_v4_7/src"

TRACE::2024-10-23.17:56:36::SCWMssOS::"Running Make libs in microblaze_0/libsrc/cpu_v2_15/src"

TRACE::2024-10-23.17:56:36::SCWMssOS::make -C microblaze_0/libsrc/bram_v4_7/src -s libs  "SHELL=CMD" "COMPILER=mb-gcc" "ASSEMBLER=mb-as" "ARCHIVER=mb-ar" "COMPILER_F
TRACE::2024-10-23.17:56:36::SCWMssOS::LAGS=  -O2 -c -mcpu=v11.0 -mlittle-endian -mno-xl-soft-mul -mxl-barrel-shift" "EXTRA_COMPILER_FLAGS=-g -ffunction-sections -fda
TRACE::2024-10-23.17:56:36::SCWMssOS::ta-sections -Wall -Wextra -fno-tree-loop-distribute-patterns"

TRACE::2024-10-23.17:56:36::SCWMssOS::make -C microblaze_0/libsrc/cpu_v2_15/src -s libs  "SHELL=CMD" "COMPILER=mb-gcc" "ASSEMBLER=mb-as" "ARCHIVER=mb-ar" "COMPILER_F
TRACE::2024-10-23.17:56:36::SCWMssOS::LAGS=  -O2 -c -mcpu=v11.0 -mlittle-endian -mno-xl-soft-mul -mxl-barrel-shift" "EXTRA_COMPILER_FLAGS=-g -ffunction-sections -fda
TRACE::2024-10-23.17:56:36::SCWMssOS::ta-sections -Wall -Wextra -fno-tree-loop-distribute-patterns"

TRACE::2024-10-23.17:56:36::SCWMssOS::"Running Make libs in microblaze_0/libsrc/gpio_v4_9/src"

TRACE::2024-10-23.17:56:36::SCWMssOS::make -C microblaze_0/libsrc/gpio_v4_9/src -s libs  "SHELL=CMD" "COMPILER=mb-gcc" "ASSEMBLER=mb-as" "ARCHIVER=mb-ar" "COMPILER_F
TRACE::2024-10-23.17:56:36::SCWMssOS::LAGS=  -O2 -c -mcpu=v11.0 -mlittle-endian -mno-xl-soft-mul -mxl-barrel-shift" "EXTRA_COMPILER_FLAGS=-g -ffunction-sections -fda
TRACE::2024-10-23.17:56:36::SCWMssOS::ta-sections -Wall -Wextra -fno-tree-loop-distribute-patterns"

TRACE::2024-10-23.17:56:36::SCWMssOS::"Running Make libs in microblaze_0/libsrc/intc_v3_14/src"

TRACE::2024-10-23.17:56:36::SCWMssOS::make -C microblaze_0/libsrc/intc_v3_14/src -s libs  "SHELL=CMD" "COMPILER=mb-gcc" "ASSEMBLER=mb-as" "ARCHIVER=mb-ar" "COMPILER_
TRACE::2024-10-23.17:56:36::SCWMssOS::FLAGS=  -O2 -c -mcpu=v11.0 -mlittle-endian -mno-xl-soft-mul -mxl-barrel-shift" "EXTRA_COMPILER_FLAGS=-g -ffunction-sections -fd
TRACE::2024-10-23.17:56:36::SCWMssOS::ata-sections -Wall -Wextra -fno-tree-loop-distribute-patterns"

TRACE::2024-10-23.17:56:36::SCWMssOS::"Running Make libs in microblaze_0/libsrc/standalone_v7_7/src"

TRACE::2024-10-23.17:56:36::SCWMssOS::make -C microblaze_0/libsrc/standalone_v7_7/src -s libs  "SHELL=CMD" "COMPILER=mb-gcc" "ASSEMBLER=mb-as" "ARCHIVER=mb-ar" "COMP
TRACE::2024-10-23.17:56:36::SCWMssOS::ILER_FLAGS=  -O2 -c -mcpu=v11.0 -mlittle-endian -mno-xl-soft-mul -mxl-barrel-shift" "EXTRA_COMPILER_FLAGS=-g -ffunction-section
TRACE::2024-10-23.17:56:36::SCWMssOS::s -fdata-sections -Wall -Wextra -fno-tree-loop-distribute-patterns"

TRACE::2024-10-23.17:56:37::SCWMssOS::"Running Make libs in microblaze_0/libsrc/tmrctr_v4_9/src"

TRACE::2024-10-23.17:56:37::SCWMssOS::make -C microblaze_0/libsrc/tmrctr_v4_9/src -s libs  "SHELL=CMD" "COMPILER=mb-gcc" "ASSEMBLER=mb-as" "ARCHIVER=mb-ar" "COMPILER
TRACE::2024-10-23.17:56:37::SCWMssOS::_FLAGS=  -O2 -c -mcpu=v11.0 -mlittle-endian -mno-xl-soft-mul -mxl-barrel-shift" "EXTRA_COMPILER_FLAGS=-g -ffunction-sections -f
TRACE::2024-10-23.17:56:37::SCWMssOS::data-sections -Wall -Wextra -fno-tree-loop-distribute-patterns"

TRACE::2024-10-23.17:56:37::SCWMssOS::"Running Make libs in microblaze_0/libsrc/uartlite_v3_7/src"

TRACE::2024-10-23.17:56:37::SCWMssOS::make -C microblaze_0/libsrc/uartlite_v3_7/src -s libs  "SHELL=CMD" "COMPILER=mb-gcc" "ASSEMBLER=mb-as" "ARCHIVER=mb-ar" "COMPIL
TRACE::2024-10-23.17:56:37::SCWMssOS::ER_FLAGS=  -O2 -c -mcpu=v11.0 -mlittle-endian -mno-xl-soft-mul -mxl-barrel-shift" "EXTRA_COMPILER_FLAGS=-g -ffunction-sections 
TRACE::2024-10-23.17:56:37::SCWMssOS::-fdata-sections -Wall -Wextra -fno-tree-loop-distribute-patterns"

TRACE::2024-10-23.17:56:37::SCWMssOS::'Finished building libraries parallelly.'

TRACE::2024-10-23.17:56:37::SCWMssOS::make --no-print-directory archive

TRACE::2024-10-23.17:56:38::SCWMssOS::mb-ar -r  microblaze_0/lib/libxil.a microblaze_0/lib/xplatform_info.o microblaze_0/lib/xuartlite.o microblaze_0/lib/microblaze_
TRACE::2024-10-23.17:56:38::SCWMssOS::disable_exceptions.o microblaze_0/lib/print.o microblaze_0/lib/xtmrctr_options.o microblaze_0/lib/_exit.o microblaze_0/lib/xil_
TRACE::2024-10-23.17:56:38::SCWMssOS::testio.o microblaze_0/lib/microblaze_disable_dcache.o microblaze_0/lib/microblaze_flush_dcache_range.o microblaze_0/lib/xuartli
TRACE::2024-10-23.17:56:38::SCWMssOS::te_sinit.o microblaze_0/lib/microblaze_flush_cache_ext.o microblaze_0/lib/xbram_sinit.o microblaze_0/lib/xil_misc_psreset_api.o
TRACE::2024-10-23.17:56:38::SCWMssOS:: microblaze_0/lib/xinterrupt_wrap.o microblaze_0/lib/xil_cache.o microblaze_0/lib/xil_util.o microblaze_0/lib/inbyte.o microbla
TRACE::2024-10-23.17:56:38::SCWMssOS::ze_0/lib/xintc_intr.o microblaze_0/lib/xuartlite_stats.o microblaze_0/lib/microblaze_exception_handler.o microblaze_0/lib/xbram
TRACE::2024-10-23.17:56:38::SCWMssOS::_g.o microblaze_0/lib/microblaze_scrub.o microblaze_0/lib/microblaze_invalidate_dcache.o microblaze_0/lib/microblaze_disable_in
TRACE::2024-10-23.17:56:38::SCWMssOS::terrupts.o microblaze_0/lib/xbram_selftest.o microblaze_0/lib/microblaze_interrupt_handler.o microblaze_0/lib/microblaze_disabl
TRACE::2024-10-23.17:56:38::SCWMssOS::e_icache.o microblaze_0/lib/xgpio_g.o microblaze_0/lib/xil_mem.o microblaze_0/lib/microblaze_flush_cache_ext_range.o microblaze
TRACE::2024-10-23.17:56:38::SCWMssOS::_0/lib/xtmrctr_intr.o microblaze_0/lib/xbram_intr.o microblaze_0/lib/xil_sleepcommon.o microblaze_0/lib/xil_printf.o microblaze
TRACE::2024-10-23.17:56:38::SCWMssOS::_0/lib/xintc_g.o microblaze_0/lib/xuartlite_g.o microblaze_0/lib/xtmrctr_l.o microblaze_0/lib/xintc_selftest.o microblaze_0/lib
TRACE::2024-10-23.17:56:38::SCWMssOS::/xintc_l.o microblaze_0/lib/outbyte.o microblaze_0/lib/microblaze_enable_exceptions.o microblaze_0/lib/xgpio_intr.o microblaze_
TRACE::2024-10-23.17:56:38::SCWMssOS::0/lib/microblaze_invalidate_dcache_range.o microblaze_0/lib/microblaze_invalidate_cache_ext.o microblaze_0/lib/microblaze_sleep
TRACE::2024-10-23.17:56:38::SCWMssOS::.o microblaze_0/lib/hw_exception_handler.o microblaze_0/lib/xtmrctr.o microblaze_0/lib/xuartlite_selftest.o microblaze_0/lib/xg
TRACE::2024-10-23.17:56:38::SCWMssOS::pio_sinit.o microblaze_0/lib/microblaze_update_dcache.o microblaze_0/lib/xil_testcache.o microblaze_0/lib/microblaze_selftest.o
TRACE::2024-10-23.17:56:38::SCWMssOS:: microblaze_0/lib/microblaze_interrupts_g.o microblaze_0/lib/xio.o microblaze_0/lib/xtmrctr_g.o microblaze_0/lib/microblaze_ena
TRACE::2024-10-23.17:56:38::SCWMssOS::ble_dcache.o microblaze_0/lib/xbram.o microblaze_0/lib/microblaze_invalidate_icache_range.o microblaze_0/lib/xtmrctr_selftest.o
TRACE::2024-10-23.17:56:38::SCWMssOS:: microblaze_0/lib/microblaze_init_dcache_range.o microblaze_0/lib/microblaze_invalidate_icache.o microblaze_0/lib/errno.o micro
TRACE::2024-10-23.17:56:38::SCWMssOS::blaze_0/lib/xuartlite_l.o microblaze_0/lib/xintc_options.o microblaze_0/lib/microblaze_invalidate_cache_ext_range.o microblaze_
TRACE::2024-10-23.17:56:38::SCWMssOS::0/lib/xil_exception.o microblaze_0/lib/pvr.o microblaze_0/lib/xgpio.o microblaze_0/lib/xil_testmem.o microblaze_0/lib/microblaz
TRACE::2024-10-23.17:56:38::SCWMssOS::e_update_icache.o microblaze_0/lib/xuartlite_intr.o microblaze_0/lib/microblaze_flush_dcache.o microblaze_0/lib/xil_clocking.o 
TRACE::2024-10-23.17:56:38::SCWMssOS::microblaze_0/lib/xil_assert.o microblaze_0/lib/microblaze_enable_interrupts.o microblaze_0/lib/xgpio_extra.o microblaze_0/lib/m
TRACE::2024-10-23.17:56:38::SCWMssOS::icroblaze_enable_icache.o microblaze_0/lib/xintc.o microblaze_0/lib/xtmrctr_stats.o microblaze_0/lib/microblaze_init_icache_ran
TRACE::2024-10-23.17:56:38::SCWMssOS::ge.o microblaze_0/lib/xtmrctr_sinit.o microblaze_0/lib/fcntl.o microblaze_0/lib/xgpio_selftest.o

TRACE::2024-10-23.17:56:38::SCWMssOS::'Finished building libraries'

TRACE::2024-10-23.17:56:38::SCWMssOS::Copying to export directory.
TRACE::2024-10-23.17:56:39::SCWMssOS:: Checking if to create the Supporting Applications
TRACE::2024-10-23.17:56:39::SCWMssOS:: No Linux domain exists, trying to generate FSBL 
LOG::2024-10-23.17:56:39::SCWSystem::Completed Processing the domain standalone_domain
LOG::2024-10-23.17:56:39::SCWSystem::Started Processing the domain standalone_microblaze_0
TRACE::2024-10-23.17:56:39::SCWDomain::Generating domain artifcats
TRACE::2024-10-23.17:56:39::SCWMssOS::Generating standalone artifcats
TRACE::2024-10-23.17:56:39::SCWMssOS:: Copying the user libraries. 
TRACE::2024-10-23.17:56:39::SCWPlatform::Trying to open the hw design at C:/Users/ryand/OneDrive/Documents/Xilinx/ECE153A/Vitis/ECE153a_Lab1/ECE153A_Lab2/hw/system_wrapper.xsa
TRACE::2024-10-23.17:56:39::SCWPlatform::DSA given C:/Users/ryand/OneDrive/Documents/Xilinx/ECE153A/Vitis/ECE153a_Lab1/ECE153A_Lab2/hw/system_wrapper.xsa
TRACE::2024-10-23.17:56:39::SCWPlatform::DSA absoulate path C:/Users/ryand/OneDrive/Documents/Xilinx/ECE153A/Vitis/ECE153a_Lab1/ECE153A_Lab2/hw/system_wrapper.xsa
TRACE::2024-10-23.17:56:39::SCWPlatform::DSA directory C:/Users/ryand/OneDrive/Documents/Xilinx/ECE153A/Vitis/ECE153a_Lab1/ECE153A_Lab2/hw
TRACE::2024-10-23.17:56:39::SCWPlatform:: Platform Path C:/Users/ryand/OneDrive/Documents/Xilinx/ECE153A/Vitis/ECE153a_Lab1/ECE153A_Lab2/hw/system_wrapper.xsa
TRACE::2024-10-23.17:56:39::SCWPlatform:: Unique name xilinx:::0.0
TRACE::2024-10-23.17:56:39::SCWPlatform::Trying to set the existing hwdb with name system_wrapper_1
TRACE::2024-10-23.17:56:39::SCWPlatform::Opened existing hwdb system_wrapper_1
TRACE::2024-10-23.17:56:39::SCWPlatform::Found the Hw Db part of the input DSA
TRACE::2024-10-23.17:56:39::SCWMssOS::Checking the sw design at  C:/Users/ryand/OneDrive/Documents/Xilinx/ECE153A/Vitis/ECE153a_Lab1/ECE153A_Lab2/microblaze_0/standalone_microblaze_0/bsp/system.mss
TRACE::2024-10-23.17:56:39::SCWMssOS::DEBUG:  swdes dump  C:/Users/ryand/OneDrive/Documents/Xilinx/ECE153A/Vitis/ECE153a_Lab1/ECE153A_Lab2/microblaze_0/standalone_domain/bsp/system.mss|system_0||
C:/Users/ryand/OneDrive/Documents/Xilinx/ECE153A/Vitis/ECE153a_Lab1/ECE153A_Lab2/microblaze_0/standalone_microblaze_0/bsp/system.mss|system_1||
C:/Users/ryand/OneDrive/Documents/Xilinx/ECE153A/Vitis/ECE153a_Lab1/ECE153a_Lab1/microblaze_0/standalone_domain/bsp/system.mss|system||

TRACE::2024-10-23.17:56:39::SCWMssOS::Sw design exists and opened at  C:/Users/ryand/OneDrive/Documents/Xilinx/ECE153A/Vitis/ECE153a_Lab1/ECE153A_Lab2/microblaze_0/standalone_microblaze_0/bsp/system.mss
TRACE::2024-10-23.17:56:39::SCWMssOS::Completed writing the mss file at C:/Users/ryand/OneDrive/Documents/Xilinx/ECE153A/Vitis/ECE153a_Lab1/ECE153A_Lab2/microblaze_0/standalone_microblaze_0/bsp
TRACE::2024-10-23.17:56:39::SCWMssOS::Mss edits present, copying mssfile into export location C:/Users/ryand/OneDrive/Documents/Xilinx/ECE153A/Vitis/ECE153a_Lab1/ECE153A_Lab2/microblaze_0/standalone_microblaze_0/bsp/system.mss
TRACE::2024-10-23.17:56:39::SCWMssOS::bsp generated is upto date with the mss file. Skipping bsp generation.
TRACE::2024-10-23.17:56:39::SCWMssOS::BSP is already built. skipping the bsp build ... 
TRACE::2024-10-23.17:56:39::SCWDomain::Building the domain as part of full build :  standalone_microblaze_0
TRACE::2024-10-23.17:56:39::SCWMssOS::doing bsp build ... 
TRACE::2024-10-23.17:56:39::SCWMssOS::System Command Ran  C: & cd  C:/Users/ryand/OneDrive/Documents/Xilinx/ECE153A/Vitis/ECE153a_Lab1/ECE153A_Lab2/microblaze_0/standalone_microblaze_0/bsp & make 
TRACE::2024-10-23.17:56:39::SCWMssOS::make --no-print-directory seq_libs

TRACE::2024-10-23.17:56:39::SCWMssOS::"Running Make include in microblaze_0/libsrc/bram_v4_7/src"

TRACE::2024-10-23.17:56:39::SCWMssOS::make -C microblaze_0/libsrc/bram_v4_7/src -s include  "SHELL=CMD" "COMPILER=mb-gcc" "ASSEMBLER=mb-as" "ARCHIVER=mb-ar" "COMPILE
TRACE::2024-10-23.17:56:39::SCWMssOS::R_FLAGS=  -O2 -c -mcpu=v11.0 -mlittle-endian -mno-xl-soft-mul -mxl-barrel-shift" "EXTRA_COMPILER_FLAGS=-g -ffunction-sections -
TRACE::2024-10-23.17:56:39::SCWMssOS::fdata-sections -Wall -Wextra -fno-tree-loop-distribute-patterns"

TRACE::2024-10-23.17:56:40::SCWMssOS::"Running Make include in microblaze_0/libsrc/cpu_v2_15/src"

TRACE::2024-10-23.17:56:40::SCWMssOS::make -C microblaze_0/libsrc/cpu_v2_15/src -s include  "SHELL=CMD" "COMPILER=mb-gcc" "ASSEMBLER=mb-as" "ARCHIVER=mb-ar" "COMPILE
TRACE::2024-10-23.17:56:40::SCWMssOS::R_FLAGS=  -O2 -c -mcpu=v11.0 -mlittle-endian -mno-xl-soft-mul -mxl-barrel-shift" "EXTRA_COMPILER_FLAGS=-g -ffunction-sections -
TRACE::2024-10-23.17:56:40::SCWMssOS::fdata-sections -Wall -Wextra -fno-tree-loop-distribute-patterns"

TRACE::2024-10-23.17:56:40::SCWMssOS::"Running Make include in microblaze_0/libsrc/gpio_v4_9/src"

TRACE::2024-10-23.17:56:40::SCWMssOS::make -C microblaze_0/libsrc/gpio_v4_9/src -s include  "SHELL=CMD" "COMPILER=mb-gcc" "ASSEMBLER=mb-as" "ARCHIVER=mb-ar" "COMPILE
TRACE::2024-10-23.17:56:40::SCWMssOS::R_FLAGS=  -O2 -c -mcpu=v11.0 -mlittle-endian -mno-xl-soft-mul -mxl-barrel-shift" "EXTRA_COMPILER_FLAGS=-g -ffunction-sections -
TRACE::2024-10-23.17:56:40::SCWMssOS::fdata-sections -Wall -Wextra -fno-tree-loop-distribute-patterns"

TRACE::2024-10-23.17:56:40::SCWMssOS::"Running Make include in microblaze_0/libsrc/intc_v3_14/src"

TRACE::2024-10-23.17:56:40::SCWMssOS::make -C microblaze_0/libsrc/intc_v3_14/src -s include  "SHELL=CMD" "COMPILER=mb-gcc" "ASSEMBLER=mb-as" "ARCHIVER=mb-ar" "COMPIL
TRACE::2024-10-23.17:56:40::SCWMssOS::ER_FLAGS=  -O2 -c -mcpu=v11.0 -mlittle-endian -mno-xl-soft-mul -mxl-barrel-shift" "EXTRA_COMPILER_FLAGS=-g -ffunction-sections 
TRACE::2024-10-23.17:56:40::SCWMssOS::-fdata-sections -Wall -Wextra -fno-tree-loop-distribute-patterns"

TRACE::2024-10-23.17:56:41::SCWMssOS::"Running Make include in microblaze_0/libsrc/sevenSeg_v1_0/src"

TRACE::2024-10-23.17:56:41::SCWMssOS::make -C microblaze_0/libsrc/sevenSeg_v1_0/src -s include  "SHELL=CMD" "COMPILER=mb-gcc" "ASSEMBLER=mb-as" "ARCHIVER=mb-ar" "COM
TRACE::2024-10-23.17:56:41::SCWMssOS::PILER_FLAGS=  -O2 -c -mcpu=v11.0 -mlittle-endian -mno-xl-soft-mul -mxl-barrel-shift" "EXTRA_COMPILER_FLAGS=-g -ffunction-sectio
TRACE::2024-10-23.17:56:41::SCWMssOS::ns -fdata-sections -Wall -Wextra -fno-tree-loop-distribute-patterns"

TRACE::2024-10-23.17:56:41::SCWMssOS::"Running Make include in microblaze_0/libsrc/standalone_v7_7/src"

TRACE::2024-10-23.17:56:41::SCWMssOS::make -C microblaze_0/libsrc/standalone_v7_7/src -s include  "SHELL=CMD" "COMPILER=mb-gcc" "ASSEMBLER=mb-as" "ARCHIVER=mb-ar" "C
TRACE::2024-10-23.17:56:41::SCWMssOS::OMPILER_FLAGS=  -O2 -c -mcpu=v11.0 -mlittle-endian -mno-xl-soft-mul -mxl-barrel-shift" "EXTRA_COMPILER_FLAGS=-g -ffunction-sect
TRACE::2024-10-23.17:56:41::SCWMssOS::ions -fdata-sections -Wall -Wextra -fno-tree-loop-distribute-patterns"

TRACE::2024-10-23.17:56:42::SCWMssOS::"Running Make include in microblaze_0/libsrc/tmrctr_v4_9/src"

TRACE::2024-10-23.17:56:42::SCWMssOS::make -C microblaze_0/libsrc/tmrctr_v4_9/src -s include  "SHELL=CMD" "COMPILER=mb-gcc" "ASSEMBLER=mb-as" "ARCHIVER=mb-ar" "COMPI
TRACE::2024-10-23.17:56:42::SCWMssOS::LER_FLAGS=  -O2 -c -mcpu=v11.0 -mlittle-endian -mno-xl-soft-mul -mxl-barrel-shift" "EXTRA_COMPILER_FLAGS=-g -ffunction-sections
TRACE::2024-10-23.17:56:42::SCWMssOS:: -fdata-sections -Wall -Wextra -fno-tree-loop-distribute-patterns"

TRACE::2024-10-23.17:56:42::SCWMssOS::"Running Make include in microblaze_0/libsrc/uartlite_v3_7/src"

TRACE::2024-10-23.17:56:42::SCWMssOS::make -C microblaze_0/libsrc/uartlite_v3_7/src -s include  "SHELL=CMD" "COMPILER=mb-gcc" "ASSEMBLER=mb-as" "ARCHIVER=mb-ar" "COM
TRACE::2024-10-23.17:56:42::SCWMssOS::PILER_FLAGS=  -O2 -c -mcpu=v11.0 -mlittle-endian -mno-xl-soft-mul -mxl-barrel-shift" "EXTRA_COMPILER_FLAGS=-g -ffunction-sectio
TRACE::2024-10-23.17:56:42::SCWMssOS::ns -fdata-sections -Wall -Wextra -fno-tree-loop-distribute-patterns"

TRACE::2024-10-23.17:56:42::SCWMssOS::"Running Make libs in microblaze_0/libsrc/sevenSeg_v1_0/src"

TRACE::2024-10-23.17:56:42::SCWMssOS::make -C microblaze_0/libsrc/sevenSeg_v1_0/src -s libs  "SHELL=CMD" "COMPILER=mb-gcc" "ASSEMBLER=mb-as" "ARCHIVER=mb-ar" "COMPIL
TRACE::2024-10-23.17:56:42::SCWMssOS::ER_FLAGS=  -O2 -c -mcpu=v11.0 -mlittle-endian -mno-xl-soft-mul -mxl-barrel-shift" "EXTRA_COMPILER_FLAGS=-g -ffunction-sections 
TRACE::2024-10-23.17:56:42::SCWMssOS::-fdata-sections -Wall -Wextra -fno-tree-loop-distribute-patterns"

TRACE::2024-10-23.17:56:43::SCWMssOS::"Compiling sevenSeg..."

ERROR::2024-10-23.17:56:43::SCWMssOS::Failed to build  the bsp sources for domain - standalone_microblaze_0
ERROR::2024-10-23.17:56:43::SCWSystem::Error in Processing the domain standalone_microblaze_0
LOG::2024-10-23.17:59:09::SCWPlatform::Started generating the artifacts platform ECE153A_Lab2
TRACE::2024-10-23.17:59:09::SCWPlatform::Sanity checking of platform is completed
LOG::2024-10-23.17:59:09::SCWPlatform::Started generating the artifacts for system configuration ECE153A_Lab2
LOG::2024-10-23.17:59:09::SCWSystem::Checking the domain standalone_domain
LOG::2024-10-23.17:59:09::SCWSystem::Not a boot domain 
LOG::2024-10-23.17:59:09::SCWSystem::Checking the domain standalone_microblaze_0
LOG::2024-10-23.17:59:09::SCWSystem::Not a boot domain 
LOG::2024-10-23.17:59:09::SCWSystem::Started Processing the domain standalone_domain
TRACE::2024-10-23.17:59:09::SCWDomain::Generating domain artifcats
TRACE::2024-10-23.17:59:09::SCWMssOS::Generating standalone artifcats
TRACE::2024-10-23.17:59:09::SCWMssOS:: Copying the user libraries. 
TRACE::2024-10-23.17:59:09::SCWPlatform::Trying to open the hw design at C:/Users/ryand/OneDrive/Documents/Xilinx/ECE153A/Vitis/ECE153a_Lab1/ECE153A_Lab2/hw/system_wrapper.xsa
TRACE::2024-10-23.17:59:09::SCWPlatform::DSA given C:/Users/ryand/OneDrive/Documents/Xilinx/ECE153A/Vitis/ECE153a_Lab1/ECE153A_Lab2/hw/system_wrapper.xsa
TRACE::2024-10-23.17:59:09::SCWPlatform::DSA absoulate path C:/Users/ryand/OneDrive/Documents/Xilinx/ECE153A/Vitis/ECE153a_Lab1/ECE153A_Lab2/hw/system_wrapper.xsa
TRACE::2024-10-23.17:59:09::SCWPlatform::DSA directory C:/Users/ryand/OneDrive/Documents/Xilinx/ECE153A/Vitis/ECE153a_Lab1/ECE153A_Lab2/hw
TRACE::2024-10-23.17:59:09::SCWPlatform:: Platform Path C:/Users/ryand/OneDrive/Documents/Xilinx/ECE153A/Vitis/ECE153a_Lab1/ECE153A_Lab2/hw/system_wrapper.xsa
TRACE::2024-10-23.17:59:09::SCWPlatform:: Unique name xilinx:::0.0
TRACE::2024-10-23.17:59:09::SCWPlatform::Trying to set the existing hwdb with name system_wrapper_1
TRACE::2024-10-23.17:59:09::SCWPlatform::Opened existing hwdb system_wrapper_1
TRACE::2024-10-23.17:59:09::SCWPlatform::Found the Hw Db part of the input DSA
TRACE::2024-10-23.17:59:09::SCWMssOS::Checking the sw design at  C:/Users/ryand/OneDrive/Documents/Xilinx/ECE153A/Vitis/ECE153a_Lab1/ECE153A_Lab2/microblaze_0/standalone_domain/bsp/system.mss
TRACE::2024-10-23.17:59:09::SCWMssOS::DEBUG:  swdes dump  C:/Users/ryand/OneDrive/Documents/Xilinx/ECE153A/Vitis/ECE153a_Lab1/ECE153A_Lab2/microblaze_0/standalone_domain/bsp/system.mss|system_0||
C:/Users/ryand/OneDrive/Documents/Xilinx/ECE153A/Vitis/ECE153a_Lab1/ECE153A_Lab2/microblaze_0/standalone_microblaze_0/bsp/system.mss|system_1||
C:/Users/ryand/OneDrive/Documents/Xilinx/ECE153A/Vitis/ECE153a_Lab1/ECE153a_Lab1/microblaze_0/standalone_domain/bsp/system.mss|system||

TRACE::2024-10-23.17:59:09::SCWMssOS::Sw design exists and opened at  C:/Users/ryand/OneDrive/Documents/Xilinx/ECE153A/Vitis/ECE153a_Lab1/ECE153A_Lab2/microblaze_0/standalone_domain/bsp/system.mss
TRACE::2024-10-23.17:59:09::SCWMssOS::Completed writing the mss file at C:/Users/ryand/OneDrive/Documents/Xilinx/ECE153A/Vitis/ECE153a_Lab1/ECE153A_Lab2/microblaze_0/standalone_domain/bsp
TRACE::2024-10-23.17:59:09::SCWMssOS::Mss edits present, copying mssfile into export location C:/Users/ryand/OneDrive/Documents/Xilinx/ECE153A/Vitis/ECE153a_Lab1/ECE153A_Lab2/microblaze_0/standalone_domain/bsp/system.mss
TRACE::2024-10-23.17:59:09::SCWMssOS::bsp generated is upto date with the mss file. Skipping bsp generation.
TRACE::2024-10-23.17:59:09::SCWMssOS::BSP is already built. skipping the bsp build ... 
TRACE::2024-10-23.17:59:09::SCWDomain::Building the domain as part of full build :  standalone_domain
TRACE::2024-10-23.17:59:09::SCWMssOS::doing bsp build ... 
TRACE::2024-10-23.17:59:09::SCWMssOS::System Command Ran  C: & cd  C:/Users/ryand/OneDrive/Documents/Xilinx/ECE153A/Vitis/ECE153a_Lab1/ECE153A_Lab2/microblaze_0/standalone_domain/bsp & make 
TRACE::2024-10-23.17:59:09::SCWMssOS::make --no-print-directory seq_libs

TRACE::2024-10-23.17:59:09::SCWMssOS::'Finished building libraries sequentially.'

TRACE::2024-10-23.17:59:09::SCWMssOS::make -j 14 --no-print-directory par_libs

TRACE::2024-10-23.17:59:09::SCWMssOS::"Running Make include in microblaze_0/libsrc/bram_v4_7/src"

TRACE::2024-10-23.17:59:09::SCWMssOS::make -C microblaze_0/libsrc/bram_v4_7/src -s include  "SHELL=CMD" "COMPILER=mb-gcc" "ASSEMBLER=mb-as" "ARCHIVER=mb-ar" "COMPILE
TRACE::2024-10-23.17:59:09::SCWMssOS::R_FLAGS=  -O2 -c -mcpu=v11.0 -mlittle-endian -mno-xl-soft-mul -mxl-barrel-shift" "EXTRA_COMPILER_FLAGS=-g -ffunction-sections -
TRACE::2024-10-23.17:59:09::SCWMssOS::fdata-sections -Wall -Wextra -fno-tree-loop-distribute-patterns"

TRACE::2024-10-23.17:59:09::SCWMssOS::"Running Make include in microblaze_0/libsrc/cpu_v2_15/src"

TRACE::2024-10-23.17:59:09::SCWMssOS::make -C microblaze_0/libsrc/cpu_v2_15/src -s include  "SHELL=CMD" "COMPILER=mb-gcc" "ASSEMBLER=mb-as" "ARCHIVER=mb-ar" "COMPILE
TRACE::2024-10-23.17:59:09::SCWMssOS::R_FLAGS=  -O2 -c -mcpu=v11.0 -mlittle-endian -mno-xl-soft-mul -mxl-barrel-shift" "EXTRA_COMPILER_FLAGS=-g -ffunction-sections -
TRACE::2024-10-23.17:59:09::SCWMssOS::fdata-sections -Wall -Wextra -fno-tree-loop-distribute-patterns"

TRACE::2024-10-23.17:59:09::SCWMssOS::"Running Make include in microblaze_0/libsrc/gpio_v4_9/src"

TRACE::2024-10-23.17:59:10::SCWMssOS::make -C microblaze_0/libsrc/gpio_v4_9/src -s include  "SHELL=CMD" "COMPILER=mb-gcc" "ASSEMBLER=mb-as" "ARCHIVER=mb-ar" "COMPILE
TRACE::2024-10-23.17:59:10::SCWMssOS::R_FLAGS=  -O2 -c -mcpu=v11.0 -mlittle-endian -mno-xl-soft-mul -mxl-barrel-shift" "EXTRA_COMPILER_FLAGS=-g -ffunction-sections -
TRACE::2024-10-23.17:59:10::SCWMssOS::fdata-sections -Wall -Wextra -fno-tree-loop-distribute-patterns"

TRACE::2024-10-23.17:59:10::SCWMssOS::"Running Make include in microblaze_0/libsrc/intc_v3_14/src"

TRACE::2024-10-23.17:59:10::SCWMssOS::make -C microblaze_0/libsrc/intc_v3_14/src -s include  "SHELL=CMD" "COMPILER=mb-gcc" "ASSEMBLER=mb-as" "ARCHIVER=mb-ar" "COMPIL
TRACE::2024-10-23.17:59:10::SCWMssOS::ER_FLAGS=  -O2 -c -mcpu=v11.0 -mlittle-endian -mno-xl-soft-mul -mxl-barrel-shift" "EXTRA_COMPILER_FLAGS=-g -ffunction-sections 
TRACE::2024-10-23.17:59:10::SCWMssOS::-fdata-sections -Wall -Wextra -fno-tree-loop-distribute-patterns"

TRACE::2024-10-23.17:59:10::SCWMssOS::"Running Make include in microblaze_0/libsrc/standalone_v7_7/src"

TRACE::2024-10-23.17:59:10::SCWMssOS::make -C microblaze_0/libsrc/standalone_v7_7/src -s include  "SHELL=CMD" "COMPILER=mb-gcc" "ASSEMBLER=mb-as" "ARCHIVER=mb-ar" "C
TRACE::2024-10-23.17:59:10::SCWMssOS::OMPILER_FLAGS=  -O2 -c -mcpu=v11.0 -mlittle-endian -mno-xl-soft-mul -mxl-barrel-shift" "EXTRA_COMPILER_FLAGS=-g -ffunction-sect
TRACE::2024-10-23.17:59:10::SCWMssOS::ions -fdata-sections -Wall -Wextra -fno-tree-loop-distribute-patterns"

TRACE::2024-10-23.17:59:10::SCWMssOS::"Running Make include in microblaze_0/libsrc/tmrctr_v4_9/src"

TRACE::2024-10-23.17:59:10::SCWMssOS::make -C microblaze_0/libsrc/tmrctr_v4_9/src -s include  "SHELL=CMD" "COMPILER=mb-gcc" "ASSEMBLER=mb-as" "ARCHIVER=mb-ar" "COMPI
TRACE::2024-10-23.17:59:10::SCWMssOS::LER_FLAGS=  -O2 -c -mcpu=v11.0 -mlittle-endian -mno-xl-soft-mul -mxl-barrel-shift" "EXTRA_COMPILER_FLAGS=-g -ffunction-sections
TRACE::2024-10-23.17:59:10::SCWMssOS:: -fdata-sections -Wall -Wextra -fno-tree-loop-distribute-patterns"

TRACE::2024-10-23.17:59:10::SCWMssOS::"Running Make include in microblaze_0/libsrc/uartlite_v3_7/src"

TRACE::2024-10-23.17:59:10::SCWMssOS::make -C microblaze_0/libsrc/uartlite_v3_7/src -s include  "SHELL=CMD" "COMPILER=mb-gcc" "ASSEMBLER=mb-as" "ARCHIVER=mb-ar" "COM
TRACE::2024-10-23.17:59:10::SCWMssOS::PILER_FLAGS=  -O2 -c -mcpu=v11.0 -mlittle-endian -mno-xl-soft-mul -mxl-barrel-shift" "EXTRA_COMPILER_FLAGS=-g -ffunction-sectio
TRACE::2024-10-23.17:59:10::SCWMssOS::ns -fdata-sections -Wall -Wextra -fno-tree-loop-distribute-patterns"

TRACE::2024-10-23.17:59:11::SCWMssOS::"Running Make libs in microblaze_0/libsrc/bram_v4_7/src"

TRACE::2024-10-23.17:59:11::SCWMssOS::make -C microblaze_0/libsrc/bram_v4_7/src -s libs  "SHELL=CMD" "COMPILER=mb-gcc" "ASSEMBLER=mb-as" "ARCHIVER=mb-ar" "COMPILER_F
TRACE::2024-10-23.17:59:11::SCWMssOS::LAGS=  -O2 -c -mcpu=v11.0 -mlittle-endian -mno-xl-soft-mul -mxl-barrel-shift" "EXTRA_COMPILER_FLAGS=-g -ffunction-sections -fda
TRACE::2024-10-23.17:59:11::SCWMssOS::ta-sections -Wall -Wextra -fno-tree-loop-distribute-patterns"

TRACE::2024-10-23.17:59:11::SCWMssOS::"Running Make libs in microblaze_0/libsrc/cpu_v2_15/src"

TRACE::2024-10-23.17:59:11::SCWMssOS::make -C microblaze_0/libsrc/cpu_v2_15/src -s libs  "SHELL=CMD" "COMPILER=mb-gcc" "ASSEMBLER=mb-as" "ARCHIVER=mb-ar" "COMPILER_F
TRACE::2024-10-23.17:59:11::SCWMssOS::LAGS=  -O2 -c -mcpu=v11.0 -mlittle-endian -mno-xl-soft-mul -mxl-barrel-shift" "EXTRA_COMPILER_FLAGS=-g -ffunction-sections -fda
TRACE::2024-10-23.17:59:11::SCWMssOS::ta-sections -Wall -Wextra -fno-tree-loop-distribute-patterns"

TRACE::2024-10-23.17:59:11::SCWMssOS::"Running Make libs in microblaze_0/libsrc/gpio_v4_9/src"

TRACE::2024-10-23.17:59:11::SCWMssOS::make -C microblaze_0/libsrc/gpio_v4_9/src -s libs  "SHELL=CMD" "COMPILER=mb-gcc" "ASSEMBLER=mb-as" "ARCHIVER=mb-ar" "COMPILER_F
TRACE::2024-10-23.17:59:11::SCWMssOS::LAGS=  -O2 -c -mcpu=v11.0 -mlittle-endian -mno-xl-soft-mul -mxl-barrel-shift" "EXTRA_COMPILER_FLAGS=-g -ffunction-sections -fda
TRACE::2024-10-23.17:59:11::SCWMssOS::ta-sections -Wall -Wextra -fno-tree-loop-distribute-patterns"

TRACE::2024-10-23.17:59:11::SCWMssOS::"Running Make libs in microblaze_0/libsrc/intc_v3_14/src"

TRACE::2024-10-23.17:59:11::SCWMssOS::make -C microblaze_0/libsrc/intc_v3_14/src -s libs  "SHELL=CMD" "COMPILER=mb-gcc" "ASSEMBLER=mb-as" "ARCHIVER=mb-ar" "COMPILER_
TRACE::2024-10-23.17:59:11::SCWMssOS::FLAGS=  -O2 -c -mcpu=v11.0 -mlittle-endian -mno-xl-soft-mul -mxl-barrel-shift" "EXTRA_COMPILER_FLAGS=-g -ffunction-sections -fd
TRACE::2024-10-23.17:59:11::SCWMssOS::ata-sections -Wall -Wextra -fno-tree-loop-distribute-patterns"

TRACE::2024-10-23.17:59:11::SCWMssOS::"Running Make libs in microblaze_0/libsrc/standalone_v7_7/src"

TRACE::2024-10-23.17:59:11::SCWMssOS::make -C microblaze_0/libsrc/standalone_v7_7/src -s libs  "SHELL=CMD" "COMPILER=mb-gcc" "ASSEMBLER=mb-as" "ARCHIVER=mb-ar" "COMP
TRACE::2024-10-23.17:59:11::SCWMssOS::ILER_FLAGS=  -O2 -c -mcpu=v11.0 -mlittle-endian -mno-xl-soft-mul -mxl-barrel-shift" "EXTRA_COMPILER_FLAGS=-g -ffunction-section
TRACE::2024-10-23.17:59:11::SCWMssOS::s -fdata-sections -Wall -Wextra -fno-tree-loop-distribute-patterns"

TRACE::2024-10-23.17:59:11::SCWMssOS::"Running Make libs in microblaze_0/libsrc/tmrctr_v4_9/src"

TRACE::2024-10-23.17:59:11::SCWMssOS::make -C microblaze_0/libsrc/tmrctr_v4_9/src -s libs  "SHELL=CMD" "COMPILER=mb-gcc" "ASSEMBLER=mb-as" "ARCHIVER=mb-ar" "COMPILER
TRACE::2024-10-23.17:59:11::SCWMssOS::_FLAGS=  -O2 -c -mcpu=v11.0 -mlittle-endian -mno-xl-soft-mul -mxl-barrel-shift" "EXTRA_COMPILER_FLAGS=-g -ffunction-sections -f
TRACE::2024-10-23.17:59:11::SCWMssOS::data-sections -Wall -Wextra -fno-tree-loop-distribute-patterns"

TRACE::2024-10-23.17:59:11::SCWMssOS::"Running Make libs in microblaze_0/libsrc/uartlite_v3_7/src"

TRACE::2024-10-23.17:59:11::SCWMssOS::make -C microblaze_0/libsrc/uartlite_v3_7/src -s libs  "SHELL=CMD" "COMPILER=mb-gcc" "ASSEMBLER=mb-as" "ARCHIVER=mb-ar" "COMPIL
TRACE::2024-10-23.17:59:11::SCWMssOS::ER_FLAGS=  -O2 -c -mcpu=v11.0 -mlittle-endian -mno-xl-soft-mul -mxl-barrel-shift" "EXTRA_COMPILER_FLAGS=-g -ffunction-sections 
TRACE::2024-10-23.17:59:11::SCWMssOS::-fdata-sections -Wall -Wextra -fno-tree-loop-distribute-patterns"

TRACE::2024-10-23.17:59:12::SCWMssOS::'Finished building libraries parallelly.'

TRACE::2024-10-23.17:59:12::SCWMssOS::make --no-print-directory archive

TRACE::2024-10-23.17:59:12::SCWMssOS::mb-ar -r  microblaze_0/lib/libxil.a microblaze_0/lib/xplatform_info.o microblaze_0/lib/xuartlite.o microblaze_0/lib/microblaze_
TRACE::2024-10-23.17:59:12::SCWMssOS::disable_exceptions.o microblaze_0/lib/print.o microblaze_0/lib/xtmrctr_options.o microblaze_0/lib/_exit.o microblaze_0/lib/xil_
TRACE::2024-10-23.17:59:12::SCWMssOS::testio.o microblaze_0/lib/microblaze_disable_dcache.o microblaze_0/lib/microblaze_flush_dcache_range.o microblaze_0/lib/xuartli
TRACE::2024-10-23.17:59:12::SCWMssOS::te_sinit.o microblaze_0/lib/microblaze_flush_cache_ext.o microblaze_0/lib/xbram_sinit.o microblaze_0/lib/xil_misc_psreset_api.o
TRACE::2024-10-23.17:59:12::SCWMssOS:: microblaze_0/lib/xinterrupt_wrap.o microblaze_0/lib/xil_cache.o microblaze_0/lib/xil_util.o microblaze_0/lib/inbyte.o microbla
TRACE::2024-10-23.17:59:12::SCWMssOS::ze_0/lib/xintc_intr.o microblaze_0/lib/xuartlite_stats.o microblaze_0/lib/microblaze_exception_handler.o microblaze_0/lib/xbram
TRACE::2024-10-23.17:59:12::SCWMssOS::_g.o microblaze_0/lib/microblaze_scrub.o microblaze_0/lib/microblaze_invalidate_dcache.o microblaze_0/lib/microblaze_disable_in
TRACE::2024-10-23.17:59:12::SCWMssOS::terrupts.o microblaze_0/lib/xbram_selftest.o microblaze_0/lib/microblaze_interrupt_handler.o microblaze_0/lib/microblaze_disabl
TRACE::2024-10-23.17:59:12::SCWMssOS::e_icache.o microblaze_0/lib/xgpio_g.o microblaze_0/lib/xil_mem.o microblaze_0/lib/microblaze_flush_cache_ext_range.o microblaze
TRACE::2024-10-23.17:59:12::SCWMssOS::_0/lib/xtmrctr_intr.o microblaze_0/lib/xbram_intr.o microblaze_0/lib/xil_sleepcommon.o microblaze_0/lib/xil_printf.o microblaze
TRACE::2024-10-23.17:59:12::SCWMssOS::_0/lib/xintc_g.o microblaze_0/lib/xuartlite_g.o microblaze_0/lib/xtmrctr_l.o microblaze_0/lib/xintc_selftest.o microblaze_0/lib
TRACE::2024-10-23.17:59:12::SCWMssOS::/xintc_l.o microblaze_0/lib/outbyte.o microblaze_0/lib/microblaze_enable_exceptions.o microblaze_0/lib/xgpio_intr.o microblaze_
TRACE::2024-10-23.17:59:12::SCWMssOS::0/lib/microblaze_invalidate_dcache_range.o microblaze_0/lib/microblaze_invalidate_cache_ext.o microblaze_0/lib/microblaze_sleep
TRACE::2024-10-23.17:59:12::SCWMssOS::.o microblaze_0/lib/hw_exception_handler.o microblaze_0/lib/xtmrctr.o microblaze_0/lib/xuartlite_selftest.o microblaze_0/lib/xg
TRACE::2024-10-23.17:59:12::SCWMssOS::pio_sinit.o microblaze_0/lib/microblaze_update_dcache.o microblaze_0/lib/xil_testcache.o microblaze_0/lib/microblaze_selftest.o
TRACE::2024-10-23.17:59:12::SCWMssOS:: microblaze_0/lib/microblaze_interrupts_g.o microblaze_0/lib/xio.o microblaze_0/lib/xtmrctr_g.o microblaze_0/lib/microblaze_ena
TRACE::2024-10-23.17:59:12::SCWMssOS::ble_dcache.o microblaze_0/lib/xbram.o microblaze_0/lib/microblaze_invalidate_icache_range.o microblaze_0/lib/xtmrctr_selftest.o
TRACE::2024-10-23.17:59:12::SCWMssOS:: microblaze_0/lib/microblaze_init_dcache_range.o microblaze_0/lib/microblaze_invalidate_icache.o microblaze_0/lib/errno.o micro
TRACE::2024-10-23.17:59:12::SCWMssOS::blaze_0/lib/xuartlite_l.o microblaze_0/lib/xintc_options.o microblaze_0/lib/microblaze_invalidate_cache_ext_range.o microblaze_
TRACE::2024-10-23.17:59:12::SCWMssOS::0/lib/xil_exception.o microblaze_0/lib/pvr.o microblaze_0/lib/xgpio.o microblaze_0/lib/xil_testmem.o microblaze_0/lib/microblaz
TRACE::2024-10-23.17:59:12::SCWMssOS::e_update_icache.o microblaze_0/lib/xuartlite_intr.o microblaze_0/lib/microblaze_flush_dcache.o microblaze_0/lib/xil_clocking.o 
TRACE::2024-10-23.17:59:12::SCWMssOS::microblaze_0/lib/xil_assert.o microblaze_0/lib/microblaze_enable_interrupts.o microblaze_0/lib/xgpio_extra.o microblaze_0/lib/m
TRACE::2024-10-23.17:59:12::SCWMssOS::icroblaze_enable_icache.o microblaze_0/lib/xintc.o microblaze_0/lib/xtmrctr_stats.o microblaze_0/lib/microblaze_init_icache_ran
TRACE::2024-10-23.17:59:12::SCWMssOS::ge.o microblaze_0/lib/xtmrctr_sinit.o microblaze_0/lib/fcntl.o microblaze_0/lib/xgpio_selftest.o

TRACE::2024-10-23.17:59:12::SCWMssOS::'Finished building libraries'

TRACE::2024-10-23.17:59:13::SCWMssOS::Copying to export directory.
TRACE::2024-10-23.17:59:13::SCWMssOS:: Checking if to create the Supporting Applications
TRACE::2024-10-23.17:59:13::SCWMssOS:: No Linux domain exists, trying to generate FSBL 
LOG::2024-10-23.17:59:13::SCWSystem::Completed Processing the domain standalone_domain
LOG::2024-10-23.17:59:13::SCWSystem::Started Processing the domain standalone_microblaze_0
TRACE::2024-10-23.17:59:13::SCWDomain::Generating domain artifcats
TRACE::2024-10-23.17:59:13::SCWMssOS::Generating standalone artifcats
TRACE::2024-10-23.17:59:13::SCWMssOS:: Copying the user libraries. 
TRACE::2024-10-23.17:59:13::SCWPlatform::Trying to open the hw design at C:/Users/ryand/OneDrive/Documents/Xilinx/ECE153A/Vitis/ECE153a_Lab1/ECE153A_Lab2/hw/system_wrapper.xsa
TRACE::2024-10-23.17:59:13::SCWPlatform::DSA given C:/Users/ryand/OneDrive/Documents/Xilinx/ECE153A/Vitis/ECE153a_Lab1/ECE153A_Lab2/hw/system_wrapper.xsa
TRACE::2024-10-23.17:59:13::SCWPlatform::DSA absoulate path C:/Users/ryand/OneDrive/Documents/Xilinx/ECE153A/Vitis/ECE153a_Lab1/ECE153A_Lab2/hw/system_wrapper.xsa
TRACE::2024-10-23.17:59:13::SCWPlatform::DSA directory C:/Users/ryand/OneDrive/Documents/Xilinx/ECE153A/Vitis/ECE153a_Lab1/ECE153A_Lab2/hw
TRACE::2024-10-23.17:59:13::SCWPlatform:: Platform Path C:/Users/ryand/OneDrive/Documents/Xilinx/ECE153A/Vitis/ECE153a_Lab1/ECE153A_Lab2/hw/system_wrapper.xsa
TRACE::2024-10-23.17:59:13::SCWPlatform:: Unique name xilinx:::0.0
TRACE::2024-10-23.17:59:13::SCWPlatform::Trying to set the existing hwdb with name system_wrapper_1
TRACE::2024-10-23.17:59:13::SCWPlatform::Opened existing hwdb system_wrapper_1
TRACE::2024-10-23.17:59:13::SCWPlatform::Found the Hw Db part of the input DSA
TRACE::2024-10-23.17:59:13::SCWMssOS::Checking the sw design at  C:/Users/ryand/OneDrive/Documents/Xilinx/ECE153A/Vitis/ECE153a_Lab1/ECE153A_Lab2/microblaze_0/standalone_microblaze_0/bsp/system.mss
TRACE::2024-10-23.17:59:13::SCWMssOS::DEBUG:  swdes dump  C:/Users/ryand/OneDrive/Documents/Xilinx/ECE153A/Vitis/ECE153a_Lab1/ECE153A_Lab2/microblaze_0/standalone_domain/bsp/system.mss|system_0||
C:/Users/ryand/OneDrive/Documents/Xilinx/ECE153A/Vitis/ECE153a_Lab1/ECE153A_Lab2/microblaze_0/standalone_microblaze_0/bsp/system.mss|system_1||
C:/Users/ryand/OneDrive/Documents/Xilinx/ECE153A/Vitis/ECE153a_Lab1/ECE153a_Lab1/microblaze_0/standalone_domain/bsp/system.mss|system||

TRACE::2024-10-23.17:59:13::SCWMssOS::Sw design exists and opened at  C:/Users/ryand/OneDrive/Documents/Xilinx/ECE153A/Vitis/ECE153a_Lab1/ECE153A_Lab2/microblaze_0/standalone_microblaze_0/bsp/system.mss
TRACE::2024-10-23.17:59:13::SCWMssOS::Completed writing the mss file at C:/Users/ryand/OneDrive/Documents/Xilinx/ECE153A/Vitis/ECE153a_Lab1/ECE153A_Lab2/microblaze_0/standalone_microblaze_0/bsp
TRACE::2024-10-23.17:59:13::SCWMssOS::Mss edits present, copying mssfile into export location C:/Users/ryand/OneDrive/Documents/Xilinx/ECE153A/Vitis/ECE153a_Lab1/ECE153A_Lab2/microblaze_0/standalone_microblaze_0/bsp/system.mss
TRACE::2024-10-23.17:59:13::SCWMssOS::bsp generated is upto date with the mss file. Skipping bsp generation.
TRACE::2024-10-23.17:59:13::SCWMssOS::BSP is already built. skipping the bsp build ... 
TRACE::2024-10-23.17:59:13::SCWDomain::Building the domain as part of full build :  standalone_microblaze_0
TRACE::2024-10-23.17:59:13::SCWMssOS::doing bsp build ... 
TRACE::2024-10-23.17:59:13::SCWMssOS::System Command Ran  C: & cd  C:/Users/ryand/OneDrive/Documents/Xilinx/ECE153A/Vitis/ECE153a_Lab1/ECE153A_Lab2/microblaze_0/standalone_microblaze_0/bsp & make 
TRACE::2024-10-23.17:59:14::SCWMssOS::make --no-print-directory seq_libs

TRACE::2024-10-23.17:59:14::SCWMssOS::"Running Make include in microblaze_0/libsrc/bram_v4_7/src"

TRACE::2024-10-23.17:59:14::SCWMssOS::make -C microblaze_0/libsrc/bram_v4_7/src -s include  "SHELL=CMD" "COMPILER=mb-gcc" "ASSEMBLER=mb-as" "ARCHIVER=mb-ar" "COMPILE
TRACE::2024-10-23.17:59:14::SCWMssOS::R_FLAGS=  -O2 -c -mcpu=v11.0 -mlittle-endian -mno-xl-soft-mul -mxl-barrel-shift" "EXTRA_COMPILER_FLAGS=-g -ffunction-sections -
TRACE::2024-10-23.17:59:14::SCWMssOS::fdata-sections -Wall -Wextra -fno-tree-loop-distribute-patterns"

TRACE::2024-10-23.17:59:14::SCWMssOS::"Running Make include in microblaze_0/libsrc/cpu_v2_15/src"

TRACE::2024-10-23.17:59:14::SCWMssOS::make -C microblaze_0/libsrc/cpu_v2_15/src -s include  "SHELL=CMD" "COMPILER=mb-gcc" "ASSEMBLER=mb-as" "ARCHIVER=mb-ar" "COMPILE
TRACE::2024-10-23.17:59:14::SCWMssOS::R_FLAGS=  -O2 -c -mcpu=v11.0 -mlittle-endian -mno-xl-soft-mul -mxl-barrel-shift" "EXTRA_COMPILER_FLAGS=-g -ffunction-sections -
TRACE::2024-10-23.17:59:14::SCWMssOS::fdata-sections -Wall -Wextra -fno-tree-loop-distribute-patterns"

TRACE::2024-10-23.17:59:14::SCWMssOS::"Running Make include in microblaze_0/libsrc/gpio_v4_9/src"

TRACE::2024-10-23.17:59:14::SCWMssOS::make -C microblaze_0/libsrc/gpio_v4_9/src -s include  "SHELL=CMD" "COMPILER=mb-gcc" "ASSEMBLER=mb-as" "ARCHIVER=mb-ar" "COMPILE
TRACE::2024-10-23.17:59:14::SCWMssOS::R_FLAGS=  -O2 -c -mcpu=v11.0 -mlittle-endian -mno-xl-soft-mul -mxl-barrel-shift" "EXTRA_COMPILER_FLAGS=-g -ffunction-sections -
TRACE::2024-10-23.17:59:14::SCWMssOS::fdata-sections -Wall -Wextra -fno-tree-loop-distribute-patterns"

TRACE::2024-10-23.17:59:14::SCWMssOS::"Running Make include in microblaze_0/libsrc/intc_v3_14/src"

TRACE::2024-10-23.17:59:14::SCWMssOS::make -C microblaze_0/libsrc/intc_v3_14/src -s include  "SHELL=CMD" "COMPILER=mb-gcc" "ASSEMBLER=mb-as" "ARCHIVER=mb-ar" "COMPIL
TRACE::2024-10-23.17:59:14::SCWMssOS::ER_FLAGS=  -O2 -c -mcpu=v11.0 -mlittle-endian -mno-xl-soft-mul -mxl-barrel-shift" "EXTRA_COMPILER_FLAGS=-g -ffunction-sections 
TRACE::2024-10-23.17:59:14::SCWMssOS::-fdata-sections -Wall -Wextra -fno-tree-loop-distribute-patterns"

TRACE::2024-10-23.17:59:14::SCWMssOS::"Running Make include in microblaze_0/libsrc/sevenSeg_v1_0/src"

TRACE::2024-10-23.17:59:15::SCWMssOS::make -C microblaze_0/libsrc/sevenSeg_v1_0/src -s include  "SHELL=CMD" "COMPILER=mb-gcc" "ASSEMBLER=mb-as" "ARCHIVER=mb-ar" "COM
TRACE::2024-10-23.17:59:15::SCWMssOS::PILER_FLAGS=  -O2 -c -mcpu=v11.0 -mlittle-endian -mno-xl-soft-mul -mxl-barrel-shift" "EXTRA_COMPILER_FLAGS=-g -ffunction-sectio
TRACE::2024-10-23.17:59:15::SCWMssOS::ns -fdata-sections -Wall -Wextra -fno-tree-loop-distribute-patterns"

TRACE::2024-10-23.17:59:15::SCWMssOS::"Running Make include in microblaze_0/libsrc/standalone_v7_7/src"

TRACE::2024-10-23.17:59:15::SCWMssOS::make -C microblaze_0/libsrc/standalone_v7_7/src -s include  "SHELL=CMD" "COMPILER=mb-gcc" "ASSEMBLER=mb-as" "ARCHIVER=mb-ar" "C
TRACE::2024-10-23.17:59:15::SCWMssOS::OMPILER_FLAGS=  -O2 -c -mcpu=v11.0 -mlittle-endian -mno-xl-soft-mul -mxl-barrel-shift" "EXTRA_COMPILER_FLAGS=-g -ffunction-sect
TRACE::2024-10-23.17:59:15::SCWMssOS::ions -fdata-sections -Wall -Wextra -fno-tree-loop-distribute-patterns"

TRACE::2024-10-23.17:59:15::SCWMssOS::"Running Make include in microblaze_0/libsrc/tmrctr_v4_9/src"

TRACE::2024-10-23.17:59:15::SCWMssOS::make -C microblaze_0/libsrc/tmrctr_v4_9/src -s include  "SHELL=CMD" "COMPILER=mb-gcc" "ASSEMBLER=mb-as" "ARCHIVER=mb-ar" "COMPI
TRACE::2024-10-23.17:59:15::SCWMssOS::LER_FLAGS=  -O2 -c -mcpu=v11.0 -mlittle-endian -mno-xl-soft-mul -mxl-barrel-shift" "EXTRA_COMPILER_FLAGS=-g -ffunction-sections
TRACE::2024-10-23.17:59:15::SCWMssOS:: -fdata-sections -Wall -Wextra -fno-tree-loop-distribute-patterns"

TRACE::2024-10-23.17:59:15::SCWMssOS::"Running Make include in microblaze_0/libsrc/uartlite_v3_7/src"

TRACE::2024-10-23.17:59:15::SCWMssOS::make -C microblaze_0/libsrc/uartlite_v3_7/src -s include  "SHELL=CMD" "COMPILER=mb-gcc" "ASSEMBLER=mb-as" "ARCHIVER=mb-ar" "COM
TRACE::2024-10-23.17:59:15::SCWMssOS::PILER_FLAGS=  -O2 -c -mcpu=v11.0 -mlittle-endian -mno-xl-soft-mul -mxl-barrel-shift" "EXTRA_COMPILER_FLAGS=-g -ffunction-sectio
TRACE::2024-10-23.17:59:15::SCWMssOS::ns -fdata-sections -Wall -Wextra -fno-tree-loop-distribute-patterns"

TRACE::2024-10-23.17:59:15::SCWMssOS::"Running Make libs in microblaze_0/libsrc/sevenSeg_v1_0/src"

TRACE::2024-10-23.17:59:15::SCWMssOS::make -C microblaze_0/libsrc/sevenSeg_v1_0/src -s libs  "SHELL=CMD" "COMPILER=mb-gcc" "ASSEMBLER=mb-as" "ARCHIVER=mb-ar" "COMPIL
TRACE::2024-10-23.17:59:15::SCWMssOS::ER_FLAGS=  -O2 -c -mcpu=v11.0 -mlittle-endian -mno-xl-soft-mul -mxl-barrel-shift" "EXTRA_COMPILER_FLAGS=-g -ffunction-sections 
TRACE::2024-10-23.17:59:15::SCWMssOS::-fdata-sections -Wall -Wextra -fno-tree-loop-distribute-patterns"

TRACE::2024-10-23.17:59:15::SCWMssOS::"Compiling sevenSeg..."

ERROR::2024-10-23.17:59:16::SCWMssOS::Failed to build  the bsp sources for domain - standalone_microblaze_0
ERROR::2024-10-23.17:59:16::SCWSystem::Error in Processing the domain standalone_microblaze_0
TRACE::2024-10-23.17:59:55::SCWPlatform::Trying to open the hw design at C:/Users/ryand/OneDrive/Documents/Xilinx/ECE153A/Vitis/ECE153a_Lab1/ECE153A_Lab2/hw/system_wrapper.xsa
TRACE::2024-10-23.17:59:55::SCWPlatform::DSA given C:/Users/ryand/OneDrive/Documents/Xilinx/ECE153A/Vitis/ECE153a_Lab1/ECE153A_Lab2/hw/system_wrapper.xsa
TRACE::2024-10-23.17:59:55::SCWPlatform::DSA absoulate path C:/Users/ryand/OneDrive/Documents/Xilinx/ECE153A/Vitis/ECE153a_Lab1/ECE153A_Lab2/hw/system_wrapper.xsa
TRACE::2024-10-23.17:59:55::SCWPlatform::DSA directory C:/Users/ryand/OneDrive/Documents/Xilinx/ECE153A/Vitis/ECE153a_Lab1/ECE153A_Lab2/hw
TRACE::2024-10-23.17:59:55::SCWPlatform:: Platform Path C:/Users/ryand/OneDrive/Documents/Xilinx/ECE153A/Vitis/ECE153a_Lab1/ECE153A_Lab2/hw/system_wrapper.xsa
TRACE::2024-10-23.17:59:55::SCWPlatform:: Unique name xilinx:::0.0
TRACE::2024-10-23.17:59:55::SCWPlatform::Trying to set the existing hwdb with name system_wrapper_1
TRACE::2024-10-23.17:59:55::SCWPlatform::Opened existing hwdb system_wrapper_1
TRACE::2024-10-23.17:59:55::SCWPlatform::Found the Hw Db part of the input DSA
TRACE::2024-10-23.17:59:55::SCWMssOS::Checking the sw design at  C:/Users/ryand/OneDrive/Documents/Xilinx/ECE153A/Vitis/ECE153a_Lab1/ECE153A_Lab2/microblaze_0/standalone_microblaze_0/bsp/system.mss
TRACE::2024-10-23.17:59:55::SCWMssOS::DEBUG:  swdes dump  C:/Users/ryand/OneDrive/Documents/Xilinx/ECE153A/Vitis/ECE153a_Lab1/ECE153A_Lab2/microblaze_0/standalone_domain/bsp/system.mss|system_0||
C:/Users/ryand/OneDrive/Documents/Xilinx/ECE153A/Vitis/ECE153a_Lab1/ECE153A_Lab2/microblaze_0/standalone_microblaze_0/bsp/system.mss|system_1||
C:/Users/ryand/OneDrive/Documents/Xilinx/ECE153A/Vitis/ECE153a_Lab1/ECE153a_Lab1/microblaze_0/standalone_domain/bsp/system.mss|system||

TRACE::2024-10-23.17:59:55::SCWMssOS::Sw design exists and opened at  C:/Users/ryand/OneDrive/Documents/Xilinx/ECE153A/Vitis/ECE153a_Lab1/ECE153A_Lab2/microblaze_0/standalone_microblaze_0/bsp/system.mss
TRACE::2024-10-23.17:59:56::SCWMssOS::In reload Mss file.
TRACE::2024-10-23.17:59:56::SCWPlatform::Trying to open the hw design at C:/Users/ryand/OneDrive/Documents/Xilinx/ECE153A/Vitis/ECE153a_Lab1/ECE153A_Lab2/hw/system_wrapper.xsa
TRACE::2024-10-23.17:59:56::SCWPlatform::DSA given C:/Users/ryand/OneDrive/Documents/Xilinx/ECE153A/Vitis/ECE153a_Lab1/ECE153A_Lab2/hw/system_wrapper.xsa
TRACE::2024-10-23.17:59:56::SCWPlatform::DSA absoulate path C:/Users/ryand/OneDrive/Documents/Xilinx/ECE153A/Vitis/ECE153a_Lab1/ECE153A_Lab2/hw/system_wrapper.xsa
TRACE::2024-10-23.17:59:56::SCWPlatform::DSA directory C:/Users/ryand/OneDrive/Documents/Xilinx/ECE153A/Vitis/ECE153a_Lab1/ECE153A_Lab2/hw
TRACE::2024-10-23.17:59:56::SCWPlatform:: Platform Path C:/Users/ryand/OneDrive/Documents/Xilinx/ECE153A/Vitis/ECE153a_Lab1/ECE153A_Lab2/hw/system_wrapper.xsa
TRACE::2024-10-23.17:59:56::SCWPlatform:: Unique name xilinx:::0.0
TRACE::2024-10-23.17:59:56::SCWPlatform::Trying to set the existing hwdb with name system_wrapper_1
TRACE::2024-10-23.17:59:56::SCWPlatform::Opened existing hwdb system_wrapper_1
TRACE::2024-10-23.17:59:56::SCWPlatform::Found the Hw Db part of the input DSA
TRACE::2024-10-23.17:59:56::SCWMssOS::Checking the sw design at  C:/Users/ryand/OneDrive/Documents/Xilinx/ECE153A/Vitis/ECE153a_Lab1/ECE153A_Lab2/microblaze_0/standalone_microblaze_0/bsp/system.mss
TRACE::2024-10-23.17:59:56::SCWMssOS::DEBUG:  swdes dump  C:/Users/ryand/OneDrive/Documents/Xilinx/ECE153A/Vitis/ECE153a_Lab1/ECE153A_Lab2/microblaze_0/standalone_domain/bsp/system.mss|system_0||
C:/Users/ryand/OneDrive/Documents/Xilinx/ECE153A/Vitis/ECE153a_Lab1/ECE153a_Lab1/microblaze_0/standalone_domain/bsp/system.mss|system||

TRACE::2024-10-23.17:59:56::SCWMssOS::No sw design opened at  C:/Users/ryand/OneDrive/Documents/Xilinx/ECE153A/Vitis/ECE153a_Lab1/ECE153A_Lab2/microblaze_0/standalone_microblaze_0/bsp/system.mss
TRACE::2024-10-23.17:59:56::SCWMssOS::mss exists loading the mss file  C:/Users/ryand/OneDrive/Documents/Xilinx/ECE153A/Vitis/ECE153a_Lab1/ECE153A_Lab2/microblaze_0/standalone_microblaze_0/bsp/system.mss
TRACE::2024-10-23.17:59:56::SCWMssOS::Opened the sw design from mss  C:/Users/ryand/OneDrive/Documents/Xilinx/ECE153A/Vitis/ECE153a_Lab1/ECE153A_Lab2/microblaze_0/standalone_microblaze_0/bsp/system.mss
TRACE::2024-10-23.17:59:56::SCWMssOS::Adding the swdes entry C:/Users/ryand/OneDrive/Documents/Xilinx/ECE153A/Vitis/ECE153a_Lab1/ECE153A_Lab2/microblaze_0/standalone_microblaze_0/bsp/system.mss with des name system_1
TRACE::2024-10-23.17:59:56::SCWMssOS::updating the scw layer about changes
TRACE::2024-10-23.17:59:56::SCWMssOS::Opened the sw design.  C:/Users/ryand/OneDrive/Documents/Xilinx/ECE153A/Vitis/ECE153a_Lab1/ECE153A_Lab2/microblaze_0/standalone_microblaze_0/bsp/system.mss
TRACE::2024-10-23.17:59:56::SCWMssOS::Saving the mss changes C:/Users/ryand/OneDrive/Documents/Xilinx/ECE153A/Vitis/ECE153a_Lab1/ECE153A_Lab2/microblaze_0/standalone_microblaze_0/bsp/system.mss
TRACE::2024-10-23.17:59:56::SCWMssOS::Found a swdesign opened with the mssfile.
TRACE::2024-10-23.17:59:56::SCWMssOS::Completed writemss as part of save.
TRACE::2024-10-23.17:59:56::SCWMssOS::Commit changes completed.
TRACE::2024-10-23.17:59:56::SCWPlatform::Trying to open the hw design at C:/Users/ryand/OneDrive/Documents/Xilinx/ECE153A/Vitis/ECE153a_Lab1/ECE153A_Lab2/hw/system_wrapper.xsa
TRACE::2024-10-23.17:59:56::SCWPlatform::DSA given C:/Users/ryand/OneDrive/Documents/Xilinx/ECE153A/Vitis/ECE153a_Lab1/ECE153A_Lab2/hw/system_wrapper.xsa
TRACE::2024-10-23.17:59:56::SCWPlatform::DSA absoulate path C:/Users/ryand/OneDrive/Documents/Xilinx/ECE153A/Vitis/ECE153a_Lab1/ECE153A_Lab2/hw/system_wrapper.xsa
TRACE::2024-10-23.17:59:56::SCWPlatform::DSA directory C:/Users/ryand/OneDrive/Documents/Xilinx/ECE153A/Vitis/ECE153a_Lab1/ECE153A_Lab2/hw
TRACE::2024-10-23.17:59:56::SCWPlatform:: Platform Path C:/Users/ryand/OneDrive/Documents/Xilinx/ECE153A/Vitis/ECE153a_Lab1/ECE153A_Lab2/hw/system_wrapper.xsa
TRACE::2024-10-23.17:59:56::SCWPlatform:: Unique name xilinx:::0.0
TRACE::2024-10-23.17:59:56::SCWPlatform::Trying to set the existing hwdb with name system_wrapper_1
TRACE::2024-10-23.17:59:56::SCWPlatform::Opened existing hwdb system_wrapper_1
TRACE::2024-10-23.17:59:56::SCWPlatform::Found the Hw Db part of the input DSA
TRACE::2024-10-23.17:59:56::SCWMssOS::Checking the sw design at  C:/Users/ryand/OneDrive/Documents/Xilinx/ECE153A/Vitis/ECE153a_Lab1/ECE153A_Lab2/microblaze_0/standalone_microblaze_0/bsp/system.mss
TRACE::2024-10-23.17:59:56::SCWMssOS::DEBUG:  swdes dump  C:/Users/ryand/OneDrive/Documents/Xilinx/ECE153A/Vitis/ECE153a_Lab1/ECE153A_Lab2/microblaze_0/standalone_domain/bsp/system.mss|system_0||
C:/Users/ryand/OneDrive/Documents/Xilinx/ECE153A/Vitis/ECE153a_Lab1/ECE153A_Lab2/microblaze_0/standalone_microblaze_0/bsp/system.mss|system_1||
C:/Users/ryand/OneDrive/Documents/Xilinx/ECE153A/Vitis/ECE153a_Lab1/ECE153a_Lab1/microblaze_0/standalone_domain/bsp/system.mss|system||

TRACE::2024-10-23.17:59:56::SCWMssOS::Sw design exists and opened at  C:/Users/ryand/OneDrive/Documents/Xilinx/ECE153A/Vitis/ECE153a_Lab1/ECE153A_Lab2/microblaze_0/standalone_microblaze_0/bsp/system.mss
TRACE::2024-10-23.17:59:56::SCWMssOS::Removing the swdes entry for  C:/Users/ryand/OneDrive/Documents/Xilinx/ECE153A/Vitis/ECE153a_Lab1/ECE153A_Lab2/microblaze_0/standalone_microblaze_0/bsp/system.mss
TRACE::2024-10-23.18:00:00::SCWPlatform::Trying to open the hw design at C:/Users/ryand/OneDrive/Documents/Xilinx/ECE153A/Vitis/ECE153a_Lab1/ECE153A_Lab2/hw/system_wrapper.xsa
TRACE::2024-10-23.18:00:00::SCWPlatform::DSA given C:/Users/ryand/OneDrive/Documents/Xilinx/ECE153A/Vitis/ECE153a_Lab1/ECE153A_Lab2/hw/system_wrapper.xsa
TRACE::2024-10-23.18:00:00::SCWPlatform::DSA absoulate path C:/Users/ryand/OneDrive/Documents/Xilinx/ECE153A/Vitis/ECE153a_Lab1/ECE153A_Lab2/hw/system_wrapper.xsa
TRACE::2024-10-23.18:00:00::SCWPlatform::DSA directory C:/Users/ryand/OneDrive/Documents/Xilinx/ECE153A/Vitis/ECE153a_Lab1/ECE153A_Lab2/hw
TRACE::2024-10-23.18:00:00::SCWPlatform:: Platform Path C:/Users/ryand/OneDrive/Documents/Xilinx/ECE153A/Vitis/ECE153a_Lab1/ECE153A_Lab2/hw/system_wrapper.xsa
TRACE::2024-10-23.18:00:00::SCWPlatform:: Unique name xilinx:::0.0
TRACE::2024-10-23.18:00:00::SCWPlatform::Trying to set the existing hwdb with name system_wrapper_1
TRACE::2024-10-23.18:00:00::SCWPlatform::Opened existing hwdb system_wrapper_1
TRACE::2024-10-23.18:00:00::SCWPlatform::Found the Hw Db part of the input DSA
TRACE::2024-10-23.18:00:00::SCWMssOS::Checking the sw design at  C:/Users/ryand/OneDrive/Documents/Xilinx/ECE153A/Vitis/ECE153a_Lab1/ECE153A_Lab2/microblaze_0/standalone_microblaze_0/bsp/system.mss
TRACE::2024-10-23.18:00:00::SCWMssOS::DEBUG:  swdes dump  C:/Users/ryand/OneDrive/Documents/Xilinx/ECE153A/Vitis/ECE153a_Lab1/ECE153A_Lab2/microblaze_0/standalone_domain/bsp/system.mss|system_0||
C:/Users/ryand/OneDrive/Documents/Xilinx/ECE153A/Vitis/ECE153a_Lab1/ECE153a_Lab1/microblaze_0/standalone_domain/bsp/system.mss|system||

TRACE::2024-10-23.18:00:00::SCWMssOS::No sw design opened at  C:/Users/ryand/OneDrive/Documents/Xilinx/ECE153A/Vitis/ECE153a_Lab1/ECE153A_Lab2/microblaze_0/standalone_microblaze_0/bsp/system.mss
TRACE::2024-10-23.18:00:00::SCWMssOS::mss exists loading the mss file  C:/Users/ryand/OneDrive/Documents/Xilinx/ECE153A/Vitis/ECE153a_Lab1/ECE153A_Lab2/microblaze_0/standalone_microblaze_0/bsp/system.mss
TRACE::2024-10-23.18:00:00::SCWMssOS::Opened the sw design from mss  C:/Users/ryand/OneDrive/Documents/Xilinx/ECE153A/Vitis/ECE153a_Lab1/ECE153A_Lab2/microblaze_0/standalone_microblaze_0/bsp/system.mss
TRACE::2024-10-23.18:00:00::SCWMssOS::Adding the swdes entry C:/Users/ryand/OneDrive/Documents/Xilinx/ECE153A/Vitis/ECE153a_Lab1/ECE153A_Lab2/microblaze_0/standalone_microblaze_0/bsp/system.mss with des name system_1
TRACE::2024-10-23.18:00:00::SCWMssOS::updating the scw layer about changes
TRACE::2024-10-23.18:00:00::SCWMssOS::Opened the sw design.  C:/Users/ryand/OneDrive/Documents/Xilinx/ECE153A/Vitis/ECE153a_Lab1/ECE153A_Lab2/microblaze_0/standalone_microblaze_0/bsp/system.mss
TRACE::2024-10-23.18:00:13::SCWPlatform::Trying to open the hw design at C:/Users/ryand/OneDrive/Documents/Xilinx/ECE153A/Vitis/ECE153a_Lab1/ECE153A_Lab2/hw/system_wrapper.xsa
TRACE::2024-10-23.18:00:13::SCWPlatform::DSA given C:/Users/ryand/OneDrive/Documents/Xilinx/ECE153A/Vitis/ECE153a_Lab1/ECE153A_Lab2/hw/system_wrapper.xsa
TRACE::2024-10-23.18:00:13::SCWPlatform::DSA absoulate path C:/Users/ryand/OneDrive/Documents/Xilinx/ECE153A/Vitis/ECE153a_Lab1/ECE153A_Lab2/hw/system_wrapper.xsa
TRACE::2024-10-23.18:00:13::SCWPlatform::DSA directory C:/Users/ryand/OneDrive/Documents/Xilinx/ECE153A/Vitis/ECE153a_Lab1/ECE153A_Lab2/hw
TRACE::2024-10-23.18:00:13::SCWPlatform:: Platform Path C:/Users/ryand/OneDrive/Documents/Xilinx/ECE153A/Vitis/ECE153a_Lab1/ECE153A_Lab2/hw/system_wrapper.xsa
TRACE::2024-10-23.18:00:13::SCWPlatform:: Unique name xilinx:::0.0
TRACE::2024-10-23.18:00:13::SCWPlatform::Trying to set the existing hwdb with name system_wrapper_1
TRACE::2024-10-23.18:00:13::SCWPlatform::Opened existing hwdb system_wrapper_1
TRACE::2024-10-23.18:00:13::SCWPlatform::Found the Hw Db part of the input DSA
TRACE::2024-10-23.18:00:13::SCWMssOS::Checking the sw design at  C:/Users/ryand/OneDrive/Documents/Xilinx/ECE153A/Vitis/ECE153a_Lab1/ECE153A_Lab2/microblaze_0/standalone_microblaze_0/bsp/system.mss
TRACE::2024-10-23.18:00:13::SCWMssOS::DEBUG:  swdes dump  C:/Users/ryand/OneDrive/Documents/Xilinx/ECE153A/Vitis/ECE153a_Lab1/ECE153A_Lab2/microblaze_0/standalone_domain/bsp/system.mss|system_0||
C:/Users/ryand/OneDrive/Documents/Xilinx/ECE153A/Vitis/ECE153a_Lab1/ECE153A_Lab2/microblaze_0/standalone_microblaze_0/bsp/system.mss|system_1||
C:/Users/ryand/OneDrive/Documents/Xilinx/ECE153A/Vitis/ECE153a_Lab1/ECE153a_Lab1/microblaze_0/standalone_domain/bsp/system.mss|system||

TRACE::2024-10-23.18:00:13::SCWMssOS::Sw design exists and opened at  C:/Users/ryand/OneDrive/Documents/Xilinx/ECE153A/Vitis/ECE153a_Lab1/ECE153A_Lab2/microblaze_0/standalone_microblaze_0/bsp/system.mss
TRACE::2024-10-23.18:00:13::SCWMssOS::Saving the mss changes C:/Users/ryand/OneDrive/Documents/Xilinx/ECE153A/Vitis/ECE153a_Lab1/ECE153A_Lab2/microblaze_0/standalone_domain/bsp/system.mss
TRACE::2024-10-23.18:00:13::SCWMssOS::Found a swdesign opened with the mssfile.
TRACE::2024-10-23.18:00:13::SCWMssOS::Completed writemss as part of save.
TRACE::2024-10-23.18:00:13::SCWMssOS::Commit changes completed.
TRACE::2024-10-23.18:00:13::SCWMssOS::Saving the mss changes C:/Users/ryand/OneDrive/Documents/Xilinx/ECE153A/Vitis/ECE153a_Lab1/ECE153A_Lab2/microblaze_0/standalone_microblaze_0/bsp/system.mss
TRACE::2024-10-23.18:00:13::SCWMssOS::Found a swdesign opened with the mssfile.
TRACE::2024-10-23.18:00:13::SCWMssOS::Completed writemss as part of save.
TRACE::2024-10-23.18:00:13::SCWMssOS::Commit changes completed.
TRACE::2024-10-23.18:00:13::SCWPlatform::Trying to open the hw design at C:/Users/ryand/OneDrive/Documents/Xilinx/ECE153A/Vitis/ECE153a_Lab1/ECE153A_Lab2/hw/system_wrapper.xsa
TRACE::2024-10-23.18:00:13::SCWPlatform::DSA given C:/Users/ryand/OneDrive/Documents/Xilinx/ECE153A/Vitis/ECE153a_Lab1/ECE153A_Lab2/hw/system_wrapper.xsa
TRACE::2024-10-23.18:00:13::SCWPlatform::DSA absoulate path C:/Users/ryand/OneDrive/Documents/Xilinx/ECE153A/Vitis/ECE153a_Lab1/ECE153A_Lab2/hw/system_wrapper.xsa
TRACE::2024-10-23.18:00:13::SCWPlatform::DSA directory C:/Users/ryand/OneDrive/Documents/Xilinx/ECE153A/Vitis/ECE153a_Lab1/ECE153A_Lab2/hw
TRACE::2024-10-23.18:00:13::SCWPlatform:: Platform Path C:/Users/ryand/OneDrive/Documents/Xilinx/ECE153A/Vitis/ECE153a_Lab1/ECE153A_Lab2/hw/system_wrapper.xsa
TRACE::2024-10-23.18:00:13::SCWPlatform:: Unique name xilinx:::0.0
TRACE::2024-10-23.18:00:13::SCWPlatform::Trying to set the existing hwdb with name system_wrapper_1
TRACE::2024-10-23.18:00:13::SCWPlatform::Opened existing hwdb system_wrapper_1
TRACE::2024-10-23.18:00:13::SCWPlatform::Found the Hw Db part of the input DSA
TRACE::2024-10-23.18:00:13::SCWMssOS::Checking the sw design at  C:/Users/ryand/OneDrive/Documents/Xilinx/ECE153A/Vitis/ECE153a_Lab1/ECE153A_Lab2/microblaze_0/standalone_domain/bsp/system.mss
TRACE::2024-10-23.18:00:13::SCWMssOS::DEBUG:  swdes dump  C:/Users/ryand/OneDrive/Documents/Xilinx/ECE153A/Vitis/ECE153a_Lab1/ECE153A_Lab2/microblaze_0/standalone_domain/bsp/system.mss|system_0||
C:/Users/ryand/OneDrive/Documents/Xilinx/ECE153A/Vitis/ECE153a_Lab1/ECE153A_Lab2/microblaze_0/standalone_microblaze_0/bsp/system.mss|system_1||
C:/Users/ryand/OneDrive/Documents/Xilinx/ECE153A/Vitis/ECE153a_Lab1/ECE153a_Lab1/microblaze_0/standalone_domain/bsp/system.mss|system||

TRACE::2024-10-23.18:00:13::SCWMssOS::Sw design exists and opened at  C:/Users/ryand/OneDrive/Documents/Xilinx/ECE153A/Vitis/ECE153a_Lab1/ECE153A_Lab2/microblaze_0/standalone_domain/bsp/system.mss
TRACE::2024-10-23.18:00:13::SCWPlatform::Trying to open the hw design at C:/Users/ryand/OneDrive/Documents/Xilinx/ECE153A/Vitis/ECE153a_Lab1/ECE153A_Lab2/hw/system_wrapper.xsa
TRACE::2024-10-23.18:00:13::SCWPlatform::DSA given C:/Users/ryand/OneDrive/Documents/Xilinx/ECE153A/Vitis/ECE153a_Lab1/ECE153A_Lab2/hw/system_wrapper.xsa
TRACE::2024-10-23.18:00:13::SCWPlatform::DSA absoulate path C:/Users/ryand/OneDrive/Documents/Xilinx/ECE153A/Vitis/ECE153a_Lab1/ECE153A_Lab2/hw/system_wrapper.xsa
TRACE::2024-10-23.18:00:13::SCWPlatform::DSA directory C:/Users/ryand/OneDrive/Documents/Xilinx/ECE153A/Vitis/ECE153a_Lab1/ECE153A_Lab2/hw
TRACE::2024-10-23.18:00:13::SCWPlatform:: Platform Path C:/Users/ryand/OneDrive/Documents/Xilinx/ECE153A/Vitis/ECE153a_Lab1/ECE153A_Lab2/hw/system_wrapper.xsa
TRACE::2024-10-23.18:00:13::SCWPlatform:: Unique name xilinx:::0.0
TRACE::2024-10-23.18:00:13::SCWPlatform::Trying to set the existing hwdb with name system_wrapper_1
TRACE::2024-10-23.18:00:13::SCWPlatform::Opened existing hwdb system_wrapper_1
TRACE::2024-10-23.18:00:13::SCWPlatform::Found the Hw Db part of the input DSA
TRACE::2024-10-23.18:00:13::SCWMssOS::Checking the sw design at  C:/Users/ryand/OneDrive/Documents/Xilinx/ECE153A/Vitis/ECE153a_Lab1/ECE153A_Lab2/microblaze_0/standalone_microblaze_0/bsp/system.mss
TRACE::2024-10-23.18:00:13::SCWMssOS::DEBUG:  swdes dump  C:/Users/ryand/OneDrive/Documents/Xilinx/ECE153A/Vitis/ECE153a_Lab1/ECE153A_Lab2/microblaze_0/standalone_domain/bsp/system.mss|system_0||
C:/Users/ryand/OneDrive/Documents/Xilinx/ECE153A/Vitis/ECE153a_Lab1/ECE153A_Lab2/microblaze_0/standalone_microblaze_0/bsp/system.mss|system_1||
C:/Users/ryand/OneDrive/Documents/Xilinx/ECE153A/Vitis/ECE153a_Lab1/ECE153a_Lab1/microblaze_0/standalone_domain/bsp/system.mss|system||

TRACE::2024-10-23.18:00:13::SCWMssOS::Sw design exists and opened at  C:/Users/ryand/OneDrive/Documents/Xilinx/ECE153A/Vitis/ECE153a_Lab1/ECE153A_Lab2/microblaze_0/standalone_microblaze_0/bsp/system.mss
TRACE::2024-10-23.18:00:13::SCWWriter::formatted JSON is {
	"platformName":	"ECE153A_Lab2",
	"sprVersion":	"2.0",
	"mode":	"gui",
	"dsaType":	"Fixed",
	"platformDesc":	"ECE153A_Lab2",
	"platHandOff":	"C:/Users/ryand/OneDrive/Documents/Xilinx/ECE153A/Vivado/ECE_153A_Lab2/system_wrapper.xsa",
	"platIntHandOff":	"<platformDir>/hw/system_wrapper.xsa",
	"deviceType":	"FPGA",
	"platIsPrebuiltAutogen":	"false",
	"platIsNoBootBsp":	"false",
	"hasFsblMakeHasChanges":	"false",
	"hasPmufwMakeHasChanges":	"false",
	"platPreBuiltFlag":	false,
	"platformSamplesDir":	"",
	"platActiveSys":	"ECE153A_Lab2",
	"systems":	[{
			"systemName":	"ECE153A_Lab2",
			"systemDesc":	"ECE153A_Lab2",
			"sysIsBootAutoGen":	"true",
			"systemDispName":	"ECE153A_Lab2",
			"sysActiveDom":	"standalone_microblaze_0",
			"sysDefaultDom":	"standalone_microblaze_0",
			"domains":	[{
					"domainName":	"standalone_domain",
					"domainDispName":	"standalone on microblaze_0",
					"domainDesc":	"standalone_domain",
					"processors":	"microblaze_0",
					"os":	"standalone",
					"sdxOs":	"standalone",
					"debugEnable":	"False",
					"domRuntimes":	["cpp"],
					"swRepo":	"",
					"mssOsVer":	"7.7",
					"mssFile":	"",
					"md5Digest":	"d1ce4974d99fcaad63c46033b36a65aa",
					"compatibleApp":	"",
					"domType":	"mssDomain",
					"arch":	"32-bit",
					"appSettings":	{
						"appCompilerFlags":	"",
						"appLinkerFlags":	""
					},
					"addedLibs":	[],
					"libOptions":	{
						"libsContainingOptions":	[]
					},
					"changedDrivers":	{
						"sevenSeg_0":	"generic:3.0",
						"changedCells":	["sevenSeg_0"]
					},
					"prebuiltLibs":	{
						"prebuiltIncPath":	[],
						"prebuiltLibPath":	[]
					},
					"isolation":	{
					}
				}, {
					"domainName":	"standalone_microblaze_0",
					"domainDispName":	"standalone_microblaze_0",
					"domainDesc":	"standalone_microblaze_0",
					"processors":	"microblaze_0",
					"os":	"standalone",
					"sdxOs":	"standalone",
					"debugEnable":	"False",
					"domRuntimes":	["cpp"],
					"swRepo":	"",
					"mssOsVer":	"7.7",
					"mssFile":	"",
					"md5Digest":	"a81c1ae732d4395aafba8ca2598dad86",
					"compatibleApp":	"hello_world",
					"domType":	"mssDomain",
					"arch":	"32-bit",
					"appSettings":	{
						"appCompilerFlags":	"",
						"appLinkerFlags":	""
					},
					"addedLibs":	[],
					"libOptions":	{
						"libsContainingOptions":	[]
					},
					"changedDrivers":	{
						"sevenSeg_0":	"generic:3.0",
						"changedCells":	["sevenSeg_0"]
					},
					"prebuiltLibs":	{
						"prebuiltIncPath":	[],
						"prebuiltLibPath":	[]
					},
					"isolation":	{
					}
				}]
		}]
}
TRACE::2024-10-23.18:00:13::SCWMssOS::Saving the mss changes C:/Users/ryand/OneDrive/Documents/Xilinx/ECE153A/Vitis/ECE153a_Lab1/ECE153A_Lab2/microblaze_0/standalone_microblaze_0/bsp/system.mss
TRACE::2024-10-23.18:00:13::SCWMssOS::Found a swdesign opened with the mssfile.
TRACE::2024-10-23.18:00:13::SCWMssOS::Completed writemss as part of save.
TRACE::2024-10-23.18:00:13::SCWMssOS::Commit changes completed.
TRACE::2024-10-23.18:00:13::SCWPlatform::Trying to open the hw design at C:/Users/ryand/OneDrive/Documents/Xilinx/ECE153A/Vitis/ECE153a_Lab1/ECE153A_Lab2/hw/system_wrapper.xsa
TRACE::2024-10-23.18:00:13::SCWPlatform::DSA given C:/Users/ryand/OneDrive/Documents/Xilinx/ECE153A/Vitis/ECE153a_Lab1/ECE153A_Lab2/hw/system_wrapper.xsa
TRACE::2024-10-23.18:00:13::SCWPlatform::DSA absoulate path C:/Users/ryand/OneDrive/Documents/Xilinx/ECE153A/Vitis/ECE153a_Lab1/ECE153A_Lab2/hw/system_wrapper.xsa
TRACE::2024-10-23.18:00:13::SCWPlatform::DSA directory C:/Users/ryand/OneDrive/Documents/Xilinx/ECE153A/Vitis/ECE153a_Lab1/ECE153A_Lab2/hw
TRACE::2024-10-23.18:00:13::SCWPlatform:: Platform Path C:/Users/ryand/OneDrive/Documents/Xilinx/ECE153A/Vitis/ECE153a_Lab1/ECE153A_Lab2/hw/system_wrapper.xsa
TRACE::2024-10-23.18:00:13::SCWPlatform:: Unique name xilinx:::0.0
TRACE::2024-10-23.18:00:13::SCWPlatform::Trying to set the existing hwdb with name system_wrapper_1
TRACE::2024-10-23.18:00:13::SCWPlatform::Opened existing hwdb system_wrapper_1
TRACE::2024-10-23.18:00:13::SCWPlatform::Found the Hw Db part of the input DSA
TRACE::2024-10-23.18:00:13::SCWMssOS::Checking the sw design at  C:/Users/ryand/OneDrive/Documents/Xilinx/ECE153A/Vitis/ECE153a_Lab1/ECE153A_Lab2/microblaze_0/standalone_microblaze_0/bsp/system.mss
TRACE::2024-10-23.18:00:13::SCWMssOS::DEBUG:  swdes dump  C:/Users/ryand/OneDrive/Documents/Xilinx/ECE153A/Vitis/ECE153a_Lab1/ECE153A_Lab2/microblaze_0/standalone_domain/bsp/system.mss|system_0||
C:/Users/ryand/OneDrive/Documents/Xilinx/ECE153A/Vitis/ECE153a_Lab1/ECE153A_Lab2/microblaze_0/standalone_microblaze_0/bsp/system.mss|system_1||
C:/Users/ryand/OneDrive/Documents/Xilinx/ECE153A/Vitis/ECE153a_Lab1/ECE153a_Lab1/microblaze_0/standalone_domain/bsp/system.mss|system||

TRACE::2024-10-23.18:00:13::SCWMssOS::Sw design exists and opened at  C:/Users/ryand/OneDrive/Documents/Xilinx/ECE153A/Vitis/ECE153a_Lab1/ECE153A_Lab2/microblaze_0/standalone_microblaze_0/bsp/system.mss
TRACE::2024-10-23.18:00:13::SCWMssOS::Removing the swdes entry for  C:/Users/ryand/OneDrive/Documents/Xilinx/ECE153A/Vitis/ECE153a_Lab1/ECE153A_Lab2/microblaze_0/standalone_microblaze_0/bsp/system.mss
TRACE::2024-10-23.18:00:13::SCWMssOS::In reload Mss file.
TRACE::2024-10-23.18:00:13::SCWPlatform::Trying to open the hw design at C:/Users/ryand/OneDrive/Documents/Xilinx/ECE153A/Vitis/ECE153a_Lab1/ECE153A_Lab2/hw/system_wrapper.xsa
TRACE::2024-10-23.18:00:13::SCWPlatform::DSA given C:/Users/ryand/OneDrive/Documents/Xilinx/ECE153A/Vitis/ECE153a_Lab1/ECE153A_Lab2/hw/system_wrapper.xsa
TRACE::2024-10-23.18:00:13::SCWPlatform::DSA absoulate path C:/Users/ryand/OneDrive/Documents/Xilinx/ECE153A/Vitis/ECE153a_Lab1/ECE153A_Lab2/hw/system_wrapper.xsa
TRACE::2024-10-23.18:00:13::SCWPlatform::DSA directory C:/Users/ryand/OneDrive/Documents/Xilinx/ECE153A/Vitis/ECE153a_Lab1/ECE153A_Lab2/hw
TRACE::2024-10-23.18:00:13::SCWPlatform:: Platform Path C:/Users/ryand/OneDrive/Documents/Xilinx/ECE153A/Vitis/ECE153a_Lab1/ECE153A_Lab2/hw/system_wrapper.xsa
TRACE::2024-10-23.18:00:13::SCWPlatform:: Unique name xilinx:::0.0
TRACE::2024-10-23.18:00:13::SCWPlatform::Trying to set the existing hwdb with name system_wrapper_1
TRACE::2024-10-23.18:00:13::SCWPlatform::Opened existing hwdb system_wrapper_1
TRACE::2024-10-23.18:00:13::SCWPlatform::Found the Hw Db part of the input DSA
TRACE::2024-10-23.18:00:13::SCWMssOS::Checking the sw design at  C:/Users/ryand/OneDrive/Documents/Xilinx/ECE153A/Vitis/ECE153a_Lab1/ECE153A_Lab2/microblaze_0/standalone_microblaze_0/bsp/system.mss
TRACE::2024-10-23.18:00:13::SCWMssOS::DEBUG:  swdes dump  C:/Users/ryand/OneDrive/Documents/Xilinx/ECE153A/Vitis/ECE153a_Lab1/ECE153A_Lab2/microblaze_0/standalone_domain/bsp/system.mss|system_0||
C:/Users/ryand/OneDrive/Documents/Xilinx/ECE153A/Vitis/ECE153a_Lab1/ECE153a_Lab1/microblaze_0/standalone_domain/bsp/system.mss|system||

TRACE::2024-10-23.18:00:13::SCWMssOS::No sw design opened at  C:/Users/ryand/OneDrive/Documents/Xilinx/ECE153A/Vitis/ECE153a_Lab1/ECE153A_Lab2/microblaze_0/standalone_microblaze_0/bsp/system.mss
TRACE::2024-10-23.18:00:13::SCWMssOS::mss exists loading the mss file  C:/Users/ryand/OneDrive/Documents/Xilinx/ECE153A/Vitis/ECE153a_Lab1/ECE153A_Lab2/microblaze_0/standalone_microblaze_0/bsp/system.mss
TRACE::2024-10-23.18:00:13::SCWMssOS::Opened the sw design from mss  C:/Users/ryand/OneDrive/Documents/Xilinx/ECE153A/Vitis/ECE153a_Lab1/ECE153A_Lab2/microblaze_0/standalone_microblaze_0/bsp/system.mss
TRACE::2024-10-23.18:00:13::SCWMssOS::Adding the swdes entry C:/Users/ryand/OneDrive/Documents/Xilinx/ECE153A/Vitis/ECE153a_Lab1/ECE153A_Lab2/microblaze_0/standalone_microblaze_0/bsp/system.mss with des name system_1
TRACE::2024-10-23.18:00:13::SCWMssOS::updating the scw layer about changes
TRACE::2024-10-23.18:00:13::SCWMssOS::Opened the sw design.  C:/Users/ryand/OneDrive/Documents/Xilinx/ECE153A/Vitis/ECE153a_Lab1/ECE153A_Lab2/microblaze_0/standalone_microblaze_0/bsp/system.mss
TRACE::2024-10-23.18:00:13::SCWPlatform::Trying to open the hw design at C:/Users/ryand/OneDrive/Documents/Xilinx/ECE153A/Vitis/ECE153a_Lab1/ECE153A_Lab2/hw/system_wrapper.xsa
TRACE::2024-10-23.18:00:13::SCWPlatform::DSA given C:/Users/ryand/OneDrive/Documents/Xilinx/ECE153A/Vitis/ECE153a_Lab1/ECE153A_Lab2/hw/system_wrapper.xsa
TRACE::2024-10-23.18:00:13::SCWPlatform::DSA absoulate path C:/Users/ryand/OneDrive/Documents/Xilinx/ECE153A/Vitis/ECE153a_Lab1/ECE153A_Lab2/hw/system_wrapper.xsa
TRACE::2024-10-23.18:00:13::SCWPlatform::DSA directory C:/Users/ryand/OneDrive/Documents/Xilinx/ECE153A/Vitis/ECE153a_Lab1/ECE153A_Lab2/hw
TRACE::2024-10-23.18:00:13::SCWPlatform:: Platform Path C:/Users/ryand/OneDrive/Documents/Xilinx/ECE153A/Vitis/ECE153a_Lab1/ECE153A_Lab2/hw/system_wrapper.xsa
TRACE::2024-10-23.18:00:13::SCWPlatform:: Unique name xilinx:::0.0
TRACE::2024-10-23.18:00:13::SCWPlatform::Trying to set the existing hwdb with name system_wrapper_1
TRACE::2024-10-23.18:00:13::SCWPlatform::Opened existing hwdb system_wrapper_1
TRACE::2024-10-23.18:00:13::SCWPlatform::Found the Hw Db part of the input DSA
TRACE::2024-10-23.18:00:13::SCWMssOS::Checking the sw design at  C:/Users/ryand/OneDrive/Documents/Xilinx/ECE153A/Vitis/ECE153a_Lab1/ECE153A_Lab2/microblaze_0/standalone_microblaze_0/bsp/system.mss
TRACE::2024-10-23.18:00:13::SCWMssOS::DEBUG:  swdes dump  C:/Users/ryand/OneDrive/Documents/Xilinx/ECE153A/Vitis/ECE153a_Lab1/ECE153A_Lab2/microblaze_0/standalone_domain/bsp/system.mss|system_0||
C:/Users/ryand/OneDrive/Documents/Xilinx/ECE153A/Vitis/ECE153a_Lab1/ECE153A_Lab2/microblaze_0/standalone_microblaze_0/bsp/system.mss|system_1||
C:/Users/ryand/OneDrive/Documents/Xilinx/ECE153A/Vitis/ECE153a_Lab1/ECE153a_Lab1/microblaze_0/standalone_domain/bsp/system.mss|system||

TRACE::2024-10-23.18:00:13::SCWMssOS::Sw design exists and opened at  C:/Users/ryand/OneDrive/Documents/Xilinx/ECE153A/Vitis/ECE153a_Lab1/ECE153A_Lab2/microblaze_0/standalone_microblaze_0/bsp/system.mss
TRACE::2024-10-23.18:00:13::SCWMssOS::Saving the mss changes C:/Users/ryand/OneDrive/Documents/Xilinx/ECE153A/Vitis/ECE153a_Lab1/ECE153A_Lab2/microblaze_0/standalone_microblaze_0/bsp/system.mss
TRACE::2024-10-23.18:00:13::SCWMssOS::Found a swdesign opened with the mssfile.
TRACE::2024-10-23.18:00:13::SCWMssOS::Completed writemss as part of save.
TRACE::2024-10-23.18:00:13::SCWMssOS::Commit changes completed.
TRACE::2024-10-23.18:00:13::SCWPlatform::Trying to open the hw design at C:/Users/ryand/OneDrive/Documents/Xilinx/ECE153A/Vitis/ECE153a_Lab1/ECE153A_Lab2/hw/system_wrapper.xsa
TRACE::2024-10-23.18:00:13::SCWPlatform::DSA given C:/Users/ryand/OneDrive/Documents/Xilinx/ECE153A/Vitis/ECE153a_Lab1/ECE153A_Lab2/hw/system_wrapper.xsa
TRACE::2024-10-23.18:00:13::SCWPlatform::DSA absoulate path C:/Users/ryand/OneDrive/Documents/Xilinx/ECE153A/Vitis/ECE153a_Lab1/ECE153A_Lab2/hw/system_wrapper.xsa
TRACE::2024-10-23.18:00:13::SCWPlatform::DSA directory C:/Users/ryand/OneDrive/Documents/Xilinx/ECE153A/Vitis/ECE153a_Lab1/ECE153A_Lab2/hw
TRACE::2024-10-23.18:00:13::SCWPlatform:: Platform Path C:/Users/ryand/OneDrive/Documents/Xilinx/ECE153A/Vitis/ECE153a_Lab1/ECE153A_Lab2/hw/system_wrapper.xsa
TRACE::2024-10-23.18:00:13::SCWPlatform:: Unique name xilinx:::0.0
TRACE::2024-10-23.18:00:13::SCWPlatform::Trying to set the existing hwdb with name system_wrapper_1
TRACE::2024-10-23.18:00:13::SCWPlatform::Opened existing hwdb system_wrapper_1
TRACE::2024-10-23.18:00:13::SCWPlatform::Found the Hw Db part of the input DSA
TRACE::2024-10-23.18:00:13::SCWMssOS::Checking the sw design at  C:/Users/ryand/OneDrive/Documents/Xilinx/ECE153A/Vitis/ECE153a_Lab1/ECE153A_Lab2/microblaze_0/standalone_microblaze_0/bsp/system.mss
TRACE::2024-10-23.18:00:13::SCWMssOS::DEBUG:  swdes dump  C:/Users/ryand/OneDrive/Documents/Xilinx/ECE153A/Vitis/ECE153a_Lab1/ECE153A_Lab2/microblaze_0/standalone_domain/bsp/system.mss|system_0||
C:/Users/ryand/OneDrive/Documents/Xilinx/ECE153A/Vitis/ECE153a_Lab1/ECE153A_Lab2/microblaze_0/standalone_microblaze_0/bsp/system.mss|system_1||
C:/Users/ryand/OneDrive/Documents/Xilinx/ECE153A/Vitis/ECE153a_Lab1/ECE153a_Lab1/microblaze_0/standalone_domain/bsp/system.mss|system||

TRACE::2024-10-23.18:00:13::SCWMssOS::Sw design exists and opened at  C:/Users/ryand/OneDrive/Documents/Xilinx/ECE153A/Vitis/ECE153a_Lab1/ECE153A_Lab2/microblaze_0/standalone_microblaze_0/bsp/system.mss
TRACE::2024-10-23.18:00:13::SCWMssOS::Removing the swdes entry for  C:/Users/ryand/OneDrive/Documents/Xilinx/ECE153A/Vitis/ECE153a_Lab1/ECE153A_Lab2/microblaze_0/standalone_microblaze_0/bsp/system.mss
TRACE::2024-10-23.18:00:14::SCWPlatform::Trying to open the hw design at C:/Users/ryand/OneDrive/Documents/Xilinx/ECE153A/Vitis/ECE153a_Lab1/ECE153A_Lab2/hw/system_wrapper.xsa
TRACE::2024-10-23.18:00:14::SCWPlatform::DSA given C:/Users/ryand/OneDrive/Documents/Xilinx/ECE153A/Vitis/ECE153a_Lab1/ECE153A_Lab2/hw/system_wrapper.xsa
TRACE::2024-10-23.18:00:14::SCWPlatform::DSA absoulate path C:/Users/ryand/OneDrive/Documents/Xilinx/ECE153A/Vitis/ECE153a_Lab1/ECE153A_Lab2/hw/system_wrapper.xsa
TRACE::2024-10-23.18:00:14::SCWPlatform::DSA directory C:/Users/ryand/OneDrive/Documents/Xilinx/ECE153A/Vitis/ECE153a_Lab1/ECE153A_Lab2/hw
TRACE::2024-10-23.18:00:14::SCWPlatform:: Platform Path C:/Users/ryand/OneDrive/Documents/Xilinx/ECE153A/Vitis/ECE153a_Lab1/ECE153A_Lab2/hw/system_wrapper.xsa
TRACE::2024-10-23.18:00:14::SCWPlatform:: Unique name xilinx:::0.0
TRACE::2024-10-23.18:00:14::SCWPlatform::Trying to set the existing hwdb with name system_wrapper_1
TRACE::2024-10-23.18:00:14::SCWPlatform::Opened existing hwdb system_wrapper_1
TRACE::2024-10-23.18:00:14::SCWPlatform::Found the Hw Db part of the input DSA
TRACE::2024-10-23.18:00:14::SCWMssOS::Checking the sw design at  C:/Users/ryand/OneDrive/Documents/Xilinx/ECE153A/Vitis/ECE153a_Lab1/ECE153A_Lab2/microblaze_0/standalone_microblaze_0/bsp/system.mss
TRACE::2024-10-23.18:00:14::SCWMssOS::DEBUG:  swdes dump  C:/Users/ryand/OneDrive/Documents/Xilinx/ECE153A/Vitis/ECE153a_Lab1/ECE153A_Lab2/microblaze_0/standalone_domain/bsp/system.mss|system_0||
C:/Users/ryand/OneDrive/Documents/Xilinx/ECE153A/Vitis/ECE153a_Lab1/ECE153a_Lab1/microblaze_0/standalone_domain/bsp/system.mss|system||

TRACE::2024-10-23.18:00:14::SCWMssOS::No sw design opened at  C:/Users/ryand/OneDrive/Documents/Xilinx/ECE153A/Vitis/ECE153a_Lab1/ECE153A_Lab2/microblaze_0/standalone_microblaze_0/bsp/system.mss
TRACE::2024-10-23.18:00:14::SCWMssOS::mss exists loading the mss file  C:/Users/ryand/OneDrive/Documents/Xilinx/ECE153A/Vitis/ECE153a_Lab1/ECE153A_Lab2/microblaze_0/standalone_microblaze_0/bsp/system.mss
TRACE::2024-10-23.18:00:14::SCWMssOS::Opened the sw design from mss  C:/Users/ryand/OneDrive/Documents/Xilinx/ECE153A/Vitis/ECE153a_Lab1/ECE153A_Lab2/microblaze_0/standalone_microblaze_0/bsp/system.mss
TRACE::2024-10-23.18:00:14::SCWMssOS::Adding the swdes entry C:/Users/ryand/OneDrive/Documents/Xilinx/ECE153A/Vitis/ECE153a_Lab1/ECE153A_Lab2/microblaze_0/standalone_microblaze_0/bsp/system.mss with des name system_1
TRACE::2024-10-23.18:00:14::SCWMssOS::updating the scw layer about changes
TRACE::2024-10-23.18:00:14::SCWMssOS::Opened the sw design.  C:/Users/ryand/OneDrive/Documents/Xilinx/ECE153A/Vitis/ECE153a_Lab1/ECE153A_Lab2/microblaze_0/standalone_microblaze_0/bsp/system.mss
TRACE::2024-10-23.18:00:14::SCWMssOS::Completed writing the mss file at C:/Users/ryand/OneDrive/Documents/Xilinx/ECE153A/Vitis/ECE153a_Lab1/ECE153A_Lab2/microblaze_0/standalone_microblaze_0/bsp
TRACE::2024-10-23.18:00:14::SCWMssOS::Forcing BSP Sources regeneration.
KEYINFO::2024-10-23.18:00:19::SCWMssOS::Removing file C:/Users/ryand/OneDrive/Documents/Xilinx/ECE153A/Vitis/ECE153a_Lab1/ECE153A_Lab2/microblaze_0/standalone_microblaze_0/bsp\system_1.mss
LOG::2024-10-23.18:00:35::SCWPlatform::Started generating the artifacts platform ECE153A_Lab2
TRACE::2024-10-23.18:00:35::SCWPlatform::Sanity checking of platform is completed
LOG::2024-10-23.18:00:35::SCWPlatform::Started generating the artifacts for system configuration ECE153A_Lab2
LOG::2024-10-23.18:00:35::SCWSystem::Checking the domain standalone_domain
LOG::2024-10-23.18:00:35::SCWSystem::Not a boot domain 
LOG::2024-10-23.18:00:35::SCWSystem::Checking the domain standalone_microblaze_0
LOG::2024-10-23.18:00:35::SCWSystem::Not a boot domain 
LOG::2024-10-23.18:00:35::SCWSystem::Started Processing the domain standalone_domain
TRACE::2024-10-23.18:00:35::SCWDomain::Generating domain artifcats
TRACE::2024-10-23.18:00:35::SCWMssOS::Generating standalone artifcats
TRACE::2024-10-23.18:00:35::SCWMssOS:: Copying the user libraries. 
TRACE::2024-10-23.18:00:35::SCWPlatform::Trying to open the hw design at C:/Users/ryand/OneDrive/Documents/Xilinx/ECE153A/Vitis/ECE153a_Lab1/ECE153A_Lab2/hw/system_wrapper.xsa
TRACE::2024-10-23.18:00:35::SCWPlatform::DSA given C:/Users/ryand/OneDrive/Documents/Xilinx/ECE153A/Vitis/ECE153a_Lab1/ECE153A_Lab2/hw/system_wrapper.xsa
TRACE::2024-10-23.18:00:35::SCWPlatform::DSA absoulate path C:/Users/ryand/OneDrive/Documents/Xilinx/ECE153A/Vitis/ECE153a_Lab1/ECE153A_Lab2/hw/system_wrapper.xsa
TRACE::2024-10-23.18:00:35::SCWPlatform::DSA directory C:/Users/ryand/OneDrive/Documents/Xilinx/ECE153A/Vitis/ECE153a_Lab1/ECE153A_Lab2/hw
TRACE::2024-10-23.18:00:35::SCWPlatform:: Platform Path C:/Users/ryand/OneDrive/Documents/Xilinx/ECE153A/Vitis/ECE153a_Lab1/ECE153A_Lab2/hw/system_wrapper.xsa
TRACE::2024-10-23.18:00:35::SCWPlatform:: Unique name xilinx:::0.0
TRACE::2024-10-23.18:00:35::SCWPlatform::Trying to set the existing hwdb with name system_wrapper_1
TRACE::2024-10-23.18:00:35::SCWPlatform::Opened existing hwdb system_wrapper_1
TRACE::2024-10-23.18:00:35::SCWPlatform::Found the Hw Db part of the input DSA
TRACE::2024-10-23.18:00:35::SCWMssOS::Checking the sw design at  C:/Users/ryand/OneDrive/Documents/Xilinx/ECE153A/Vitis/ECE153a_Lab1/ECE153A_Lab2/microblaze_0/standalone_domain/bsp/system.mss
TRACE::2024-10-23.18:00:35::SCWMssOS::DEBUG:  swdes dump  C:/Users/ryand/OneDrive/Documents/Xilinx/ECE153A/Vitis/ECE153a_Lab1/ECE153A_Lab2/microblaze_0/standalone_domain/bsp/system.mss|system_0||
C:/Users/ryand/OneDrive/Documents/Xilinx/ECE153A/Vitis/ECE153a_Lab1/ECE153a_Lab1/microblaze_0/standalone_domain/bsp/system.mss|system||

TRACE::2024-10-23.18:00:35::SCWMssOS::Sw design exists and opened at  C:/Users/ryand/OneDrive/Documents/Xilinx/ECE153A/Vitis/ECE153a_Lab1/ECE153A_Lab2/microblaze_0/standalone_domain/bsp/system.mss
TRACE::2024-10-23.18:00:35::SCWMssOS::Completed writing the mss file at C:/Users/ryand/OneDrive/Documents/Xilinx/ECE153A/Vitis/ECE153a_Lab1/ECE153A_Lab2/microblaze_0/standalone_domain/bsp
TRACE::2024-10-23.18:00:35::SCWMssOS::Mss edits present, copying mssfile into export location C:/Users/ryand/OneDrive/Documents/Xilinx/ECE153A/Vitis/ECE153a_Lab1/ECE153A_Lab2/microblaze_0/standalone_domain/bsp/system.mss
TRACE::2024-10-23.18:00:35::SCWMssOS::bsp generated is upto date with the mss file. Skipping bsp generation.
TRACE::2024-10-23.18:00:35::SCWMssOS::BSP is already built. skipping the bsp build ... 
TRACE::2024-10-23.18:00:35::SCWDomain::Building the domain as part of full build :  standalone_domain
TRACE::2024-10-23.18:00:35::SCWMssOS::doing bsp build ... 
TRACE::2024-10-23.18:00:35::SCWMssOS::System Command Ran  C: & cd  C:/Users/ryand/OneDrive/Documents/Xilinx/ECE153A/Vitis/ECE153a_Lab1/ECE153A_Lab2/microblaze_0/standalone_domain/bsp & make 
TRACE::2024-10-23.18:00:35::SCWMssOS::make --no-print-directory seq_libs

TRACE::2024-10-23.18:00:35::SCWMssOS::'Finished building libraries sequentially.'

TRACE::2024-10-23.18:00:35::SCWMssOS::make -j 14 --no-print-directory par_libs

TRACE::2024-10-23.18:00:35::SCWMssOS::"Running Make include in microblaze_0/libsrc/bram_v4_7/src"

TRACE::2024-10-23.18:00:35::SCWMssOS::make -C microblaze_0/libsrc/bram_v4_7/src -s include  "SHELL=CMD" "COMPILER=mb-gcc" "ASSEMBLER=mb-as" "ARCHIVER=mb-ar" "COMPILE
TRACE::2024-10-23.18:00:35::SCWMssOS::R_FLAGS=  -O2 -c -mcpu=v11.0 -mlittle-endian -mno-xl-soft-mul -mxl-barrel-shift" "EXTRA_COMPILER_FLAGS=-g -ffunction-sections -
TRACE::2024-10-23.18:00:35::SCWMssOS::fdata-sections -Wall -Wextra -fno-tree-loop-distribute-patterns"

TRACE::2024-10-23.18:00:35::SCWMssOS::"Running Make include in microblaze_0/libsrc/cpu_v2_15/src"

TRACE::2024-10-23.18:00:35::SCWMssOS::make -C microblaze_0/libsrc/cpu_v2_15/src -s include  "SHELL=CMD" "COMPILER=mb-gcc" "ASSEMBLER=mb-as" "ARCHIVER=mb-ar" "COMPILE
TRACE::2024-10-23.18:00:35::SCWMssOS::R_FLAGS=  -O2 -c -mcpu=v11.0 -mlittle-endian -mno-xl-soft-mul -mxl-barrel-shift" "EXTRA_COMPILER_FLAGS=-g -ffunction-sections -
TRACE::2024-10-23.18:00:35::SCWMssOS::fdata-sections -Wall -Wextra -fno-tree-loop-distribute-patterns"

TRACE::2024-10-23.18:00:35::SCWMssOS::"Running Make include in microblaze_0/libsrc/gpio_v4_9/src"

TRACE::2024-10-23.18:00:35::SCWMssOS::make -C microblaze_0/libsrc/gpio_v4_9/src -s include  "SHELL=CMD" "COMPILER=mb-gcc" "ASSEMBLER=mb-as" "ARCHIVER=mb-ar" "COMPILE
TRACE::2024-10-23.18:00:35::SCWMssOS::R_FLAGS=  -O2 -c -mcpu=v11.0 -mlittle-endian -mno-xl-soft-mul -mxl-barrel-shift" "EXTRA_COMPILER_FLAGS=-g -ffunction-sections -
TRACE::2024-10-23.18:00:35::SCWMssOS::fdata-sections -Wall -Wextra -fno-tree-loop-distribute-patterns"

TRACE::2024-10-23.18:00:35::SCWMssOS::"Running Make include in microblaze_0/libsrc/intc_v3_14/src"

TRACE::2024-10-23.18:00:35::SCWMssOS::make -C microblaze_0/libsrc/intc_v3_14/src -s include  "SHELL=CMD" "COMPILER=mb-gcc" "ASSEMBLER=mb-as" "ARCHIVER=mb-ar" "COMPIL
TRACE::2024-10-23.18:00:35::SCWMssOS::ER_FLAGS=  -O2 -c -mcpu=v11.0 -mlittle-endian -mno-xl-soft-mul -mxl-barrel-shift" "EXTRA_COMPILER_FLAGS=-g -ffunction-sections 
TRACE::2024-10-23.18:00:35::SCWMssOS::-fdata-sections -Wall -Wextra -fno-tree-loop-distribute-patterns"

TRACE::2024-10-23.18:00:35::SCWMssOS::"Running Make include in microblaze_0/libsrc/standalone_v7_7/src"

TRACE::2024-10-23.18:00:35::SCWMssOS::make -C microblaze_0/libsrc/standalone_v7_7/src -s include  "SHELL=CMD" "COMPILER=mb-gcc" "ASSEMBLER=mb-as" "ARCHIVER=mb-ar" "C
TRACE::2024-10-23.18:00:35::SCWMssOS::OMPILER_FLAGS=  -O2 -c -mcpu=v11.0 -mlittle-endian -mno-xl-soft-mul -mxl-barrel-shift" "EXTRA_COMPILER_FLAGS=-g -ffunction-sect
TRACE::2024-10-23.18:00:35::SCWMssOS::ions -fdata-sections -Wall -Wextra -fno-tree-loop-distribute-patterns"

TRACE::2024-10-23.18:00:35::SCWMssOS::"Running Make include in microblaze_0/libsrc/tmrctr_v4_9/src"

TRACE::2024-10-23.18:00:35::SCWMssOS::make -C microblaze_0/libsrc/tmrctr_v4_9/src -s include  "SHELL=CMD" "COMPILER=mb-gcc" "ASSEMBLER=mb-as" "ARCHIVER=mb-ar" "COMPI
TRACE::2024-10-23.18:00:35::SCWMssOS::LER_FLAGS=  -O2 -c -mcpu=v11.0 -mlittle-endian -mno-xl-soft-mul -mxl-barrel-shift" "EXTRA_COMPILER_FLAGS=-g -ffunction-sections
TRACE::2024-10-23.18:00:35::SCWMssOS:: -fdata-sections -Wall -Wextra -fno-tree-loop-distribute-patterns"

TRACE::2024-10-23.18:00:36::SCWMssOS::"Running Make include in microblaze_0/libsrc/uartlite_v3_7/src"

TRACE::2024-10-23.18:00:36::SCWMssOS::make -C microblaze_0/libsrc/uartlite_v3_7/src -s include  "SHELL=CMD" "COMPILER=mb-gcc" "ASSEMBLER=mb-as" "ARCHIVER=mb-ar" "COM
TRACE::2024-10-23.18:00:36::SCWMssOS::PILER_FLAGS=  -O2 -c -mcpu=v11.0 -mlittle-endian -mno-xl-soft-mul -mxl-barrel-shift" "EXTRA_COMPILER_FLAGS=-g -ffunction-sectio
TRACE::2024-10-23.18:00:36::SCWMssOS::ns -fdata-sections -Wall -Wextra -fno-tree-loop-distribute-patterns"

TRACE::2024-10-23.18:00:36::SCWMssOS::"Running Make libs in microblaze_0/libsrc/bram_v4_7/src"

TRACE::2024-10-23.18:00:36::SCWMssOS::make -C microblaze_0/libsrc/bram_v4_7/src -s libs  "SHELL=CMD" "COMPILER=mb-gcc" "ASSEMBLER=mb-as" "ARCHIVER=mb-ar" "COMPILER_F
TRACE::2024-10-23.18:00:36::SCWMssOS::LAGS=  -O2 -c -mcpu=v11.0 -mlittle-endian -mno-xl-soft-mul -mxl-barrel-shift" "EXTRA_COMPILER_FLAGS=-g -ffunction-sections -fda
TRACE::2024-10-23.18:00:36::SCWMssOS::ta-sections -Wall -Wextra -fno-tree-loop-distribute-patterns"

TRACE::2024-10-23.18:00:36::SCWMssOS::"Running Make libs in microblaze_0/libsrc/cpu_v2_15/src"

TRACE::2024-10-23.18:00:36::SCWMssOS::make -C microblaze_0/libsrc/cpu_v2_15/src -s libs  "SHELL=CMD" "COMPILER=mb-gcc" "ASSEMBLER=mb-as" "ARCHIVER=mb-ar" "COMPILER_F
TRACE::2024-10-23.18:00:36::SCWMssOS::LAGS=  -O2 -c -mcpu=v11.0 -mlittle-endian -mno-xl-soft-mul -mxl-barrel-shift" "EXTRA_COMPILER_FLAGS=-g -ffunction-sections -fda
TRACE::2024-10-23.18:00:36::SCWMssOS::ta-sections -Wall -Wextra -fno-tree-loop-distribute-patterns"

TRACE::2024-10-23.18:00:36::SCWMssOS::"Running Make libs in microblaze_0/libsrc/gpio_v4_9/src"

TRACE::2024-10-23.18:00:37::SCWMssOS::make -C microblaze_0/libsrc/gpio_v4_9/src -s libs  "SHELL=CMD" "COMPILER=mb-gcc" "ASSEMBLER=mb-as" "ARCHIVER=mb-ar" "COMPILER_F
TRACE::2024-10-23.18:00:37::SCWMssOS::LAGS=  -O2 -c -mcpu=v11.0 -mlittle-endian -mno-xl-soft-mul -mxl-barrel-shift" "EXTRA_COMPILER_FLAGS=-g -ffunction-sections -fda
TRACE::2024-10-23.18:00:37::SCWMssOS::ta-sections -Wall -Wextra -fno-tree-loop-distribute-patterns"

TRACE::2024-10-23.18:00:37::SCWMssOS::"Running Make libs in microblaze_0/libsrc/intc_v3_14/src"

TRACE::2024-10-23.18:00:37::SCWMssOS::make -C microblaze_0/libsrc/intc_v3_14/src -s libs  "SHELL=CMD" "COMPILER=mb-gcc" "ASSEMBLER=mb-as" "ARCHIVER=mb-ar" "COMPILER_
TRACE::2024-10-23.18:00:37::SCWMssOS::FLAGS=  -O2 -c -mcpu=v11.0 -mlittle-endian -mno-xl-soft-mul -mxl-barrel-shift" "EXTRA_COMPILER_FLAGS=-g -ffunction-sections -fd
TRACE::2024-10-23.18:00:37::SCWMssOS::ata-sections -Wall -Wextra -fno-tree-loop-distribute-patterns"

TRACE::2024-10-23.18:00:37::SCWMssOS::"Running Make libs in microblaze_0/libsrc/standalone_v7_7/src"

TRACE::2024-10-23.18:00:37::SCWMssOS::make -C microblaze_0/libsrc/standalone_v7_7/src -s libs  "SHELL=CMD" "COMPILER=mb-gcc" "ASSEMBLER=mb-as" "ARCHIVER=mb-ar" "COMP
TRACE::2024-10-23.18:00:37::SCWMssOS::ILER_FLAGS=  -O2 -c -mcpu=v11.0 -mlittle-endian -mno-xl-soft-mul -mxl-barrel-shift" "EXTRA_COMPILER_FLAGS=-g -ffunction-section
TRACE::2024-10-23.18:00:37::SCWMssOS::s -fdata-sections -Wall -Wextra -fno-tree-loop-distribute-patterns"

TRACE::2024-10-23.18:00:37::SCWMssOS::"Running Make libs in microblaze_0/libsrc/tmrctr_v4_9/src"

TRACE::2024-10-23.18:00:37::SCWMssOS::make -C microblaze_0/libsrc/tmrctr_v4_9/src -s libs  "SHELL=CMD" "COMPILER=mb-gcc" "ASSEMBLER=mb-as" "ARCHIVER=mb-ar" "COMPILER
TRACE::2024-10-23.18:00:37::SCWMssOS::_FLAGS=  -O2 -c -mcpu=v11.0 -mlittle-endian -mno-xl-soft-mul -mxl-barrel-shift" "EXTRA_COMPILER_FLAGS=-g -ffunction-sections -f
TRACE::2024-10-23.18:00:37::SCWMssOS::data-sections -Wall -Wextra -fno-tree-loop-distribute-patterns"

TRACE::2024-10-23.18:00:37::SCWMssOS::"Running Make libs in microblaze_0/libsrc/uartlite_v3_7/src"

TRACE::2024-10-23.18:00:37::SCWMssOS::make -C microblaze_0/libsrc/uartlite_v3_7/src -s libs  "SHELL=CMD" "COMPILER=mb-gcc" "ASSEMBLER=mb-as" "ARCHIVER=mb-ar" "COMPIL
TRACE::2024-10-23.18:00:37::SCWMssOS::ER_FLAGS=  -O2 -c -mcpu=v11.0 -mlittle-endian -mno-xl-soft-mul -mxl-barrel-shift" "EXTRA_COMPILER_FLAGS=-g -ffunction-sections 
TRACE::2024-10-23.18:00:37::SCWMssOS::-fdata-sections -Wall -Wextra -fno-tree-loop-distribute-patterns"

TRACE::2024-10-23.18:00:38::SCWMssOS::'Finished building libraries parallelly.'

TRACE::2024-10-23.18:00:38::SCWMssOS::make --no-print-directory archive

TRACE::2024-10-23.18:00:38::SCWMssOS::mb-ar -r  microblaze_0/lib/libxil.a microblaze_0/lib/xplatform_info.o microblaze_0/lib/xuartlite.o microblaze_0/lib/microblaze_
TRACE::2024-10-23.18:00:38::SCWMssOS::disable_exceptions.o microblaze_0/lib/print.o microblaze_0/lib/xtmrctr_options.o microblaze_0/lib/_exit.o microblaze_0/lib/xil_
TRACE::2024-10-23.18:00:38::SCWMssOS::testio.o microblaze_0/lib/microblaze_disable_dcache.o microblaze_0/lib/microblaze_flush_dcache_range.o microblaze_0/lib/xuartli
TRACE::2024-10-23.18:00:38::SCWMssOS::te_sinit.o microblaze_0/lib/microblaze_flush_cache_ext.o microblaze_0/lib/xbram_sinit.o microblaze_0/lib/xil_misc_psreset_api.o
TRACE::2024-10-23.18:00:38::SCWMssOS:: microblaze_0/lib/xinterrupt_wrap.o microblaze_0/lib/xil_cache.o microblaze_0/lib/xil_util.o microblaze_0/lib/inbyte.o microbla
TRACE::2024-10-23.18:00:38::SCWMssOS::ze_0/lib/xintc_intr.o microblaze_0/lib/xuartlite_stats.o microblaze_0/lib/microblaze_exception_handler.o microblaze_0/lib/xbram
TRACE::2024-10-23.18:00:38::SCWMssOS::_g.o microblaze_0/lib/microblaze_scrub.o microblaze_0/lib/microblaze_invalidate_dcache.o microblaze_0/lib/microblaze_disable_in
TRACE::2024-10-23.18:00:38::SCWMssOS::terrupts.o microblaze_0/lib/xbram_selftest.o microblaze_0/lib/microblaze_interrupt_handler.o microblaze_0/lib/microblaze_disabl
TRACE::2024-10-23.18:00:38::SCWMssOS::e_icache.o microblaze_0/lib/xgpio_g.o microblaze_0/lib/xil_mem.o microblaze_0/lib/microblaze_flush_cache_ext_range.o microblaze
TRACE::2024-10-23.18:00:38::SCWMssOS::_0/lib/xtmrctr_intr.o microblaze_0/lib/xbram_intr.o microblaze_0/lib/xil_sleepcommon.o microblaze_0/lib/xil_printf.o microblaze
TRACE::2024-10-23.18:00:38::SCWMssOS::_0/lib/xintc_g.o microblaze_0/lib/xuartlite_g.o microblaze_0/lib/xtmrctr_l.o microblaze_0/lib/xintc_selftest.o microblaze_0/lib
TRACE::2024-10-23.18:00:38::SCWMssOS::/xintc_l.o microblaze_0/lib/outbyte.o microblaze_0/lib/microblaze_enable_exceptions.o microblaze_0/lib/xgpio_intr.o microblaze_
TRACE::2024-10-23.18:00:38::SCWMssOS::0/lib/microblaze_invalidate_dcache_range.o microblaze_0/lib/microblaze_invalidate_cache_ext.o microblaze_0/lib/microblaze_sleep
TRACE::2024-10-23.18:00:38::SCWMssOS::.o microblaze_0/lib/hw_exception_handler.o microblaze_0/lib/xtmrctr.o microblaze_0/lib/xuartlite_selftest.o microblaze_0/lib/xg
TRACE::2024-10-23.18:00:38::SCWMssOS::pio_sinit.o microblaze_0/lib/microblaze_update_dcache.o microblaze_0/lib/xil_testcache.o microblaze_0/lib/microblaze_selftest.o
TRACE::2024-10-23.18:00:38::SCWMssOS:: microblaze_0/lib/microblaze_interrupts_g.o microblaze_0/lib/xio.o microblaze_0/lib/xtmrctr_g.o microblaze_0/lib/microblaze_ena
TRACE::2024-10-23.18:00:38::SCWMssOS::ble_dcache.o microblaze_0/lib/xbram.o microblaze_0/lib/microblaze_invalidate_icache_range.o microblaze_0/lib/xtmrctr_selftest.o
TRACE::2024-10-23.18:00:38::SCWMssOS:: microblaze_0/lib/microblaze_init_dcache_range.o microblaze_0/lib/microblaze_invalidate_icache.o microblaze_0/lib/errno.o micro
TRACE::2024-10-23.18:00:38::SCWMssOS::blaze_0/lib/xuartlite_l.o microblaze_0/lib/xintc_options.o microblaze_0/lib/microblaze_invalidate_cache_ext_range.o microblaze_
TRACE::2024-10-23.18:00:38::SCWMssOS::0/lib/xil_exception.o microblaze_0/lib/pvr.o microblaze_0/lib/xgpio.o microblaze_0/lib/xil_testmem.o microblaze_0/lib/microblaz
TRACE::2024-10-23.18:00:38::SCWMssOS::e_update_icache.o microblaze_0/lib/xuartlite_intr.o microblaze_0/lib/microblaze_flush_dcache.o microblaze_0/lib/xil_clocking.o 
TRACE::2024-10-23.18:00:38::SCWMssOS::microblaze_0/lib/xil_assert.o microblaze_0/lib/microblaze_enable_interrupts.o microblaze_0/lib/xgpio_extra.o microblaze_0/lib/m
TRACE::2024-10-23.18:00:38::SCWMssOS::icroblaze_enable_icache.o microblaze_0/lib/xintc.o microblaze_0/lib/xtmrctr_stats.o microblaze_0/lib/microblaze_init_icache_ran
TRACE::2024-10-23.18:00:38::SCWMssOS::ge.o microblaze_0/lib/xtmrctr_sinit.o microblaze_0/lib/fcntl.o microblaze_0/lib/xgpio_selftest.o

TRACE::2024-10-23.18:00:38::SCWMssOS::'Finished building libraries'

TRACE::2024-10-23.18:00:38::SCWMssOS::Copying to export directory.
TRACE::2024-10-23.18:00:39::SCWMssOS:: Checking if to create the Supporting Applications
TRACE::2024-10-23.18:00:39::SCWMssOS:: No Linux domain exists, trying to generate FSBL 
LOG::2024-10-23.18:00:39::SCWSystem::Completed Processing the domain standalone_domain
LOG::2024-10-23.18:00:39::SCWSystem::Started Processing the domain standalone_microblaze_0
TRACE::2024-10-23.18:00:39::SCWDomain::Generating domain artifcats
TRACE::2024-10-23.18:00:39::SCWMssOS::Generating standalone artifcats
TRACE::2024-10-23.18:00:39::SCWMssOS:: Copying the user libraries. 
TRACE::2024-10-23.18:00:39::SCWPlatform::Trying to open the hw design at C:/Users/ryand/OneDrive/Documents/Xilinx/ECE153A/Vitis/ECE153a_Lab1/ECE153A_Lab2/hw/system_wrapper.xsa
TRACE::2024-10-23.18:00:39::SCWPlatform::DSA given C:/Users/ryand/OneDrive/Documents/Xilinx/ECE153A/Vitis/ECE153a_Lab1/ECE153A_Lab2/hw/system_wrapper.xsa
TRACE::2024-10-23.18:00:39::SCWPlatform::DSA absoulate path C:/Users/ryand/OneDrive/Documents/Xilinx/ECE153A/Vitis/ECE153a_Lab1/ECE153A_Lab2/hw/system_wrapper.xsa
TRACE::2024-10-23.18:00:39::SCWPlatform::DSA directory C:/Users/ryand/OneDrive/Documents/Xilinx/ECE153A/Vitis/ECE153a_Lab1/ECE153A_Lab2/hw
TRACE::2024-10-23.18:00:39::SCWPlatform:: Platform Path C:/Users/ryand/OneDrive/Documents/Xilinx/ECE153A/Vitis/ECE153a_Lab1/ECE153A_Lab2/hw/system_wrapper.xsa
TRACE::2024-10-23.18:00:39::SCWPlatform:: Unique name xilinx:::0.0
TRACE::2024-10-23.18:00:39::SCWPlatform::Trying to set the existing hwdb with name system_wrapper_1
TRACE::2024-10-23.18:00:39::SCWPlatform::Opened existing hwdb system_wrapper_1
TRACE::2024-10-23.18:00:39::SCWPlatform::Found the Hw Db part of the input DSA
TRACE::2024-10-23.18:00:39::SCWMssOS::Checking the sw design at  C:/Users/ryand/OneDrive/Documents/Xilinx/ECE153A/Vitis/ECE153a_Lab1/ECE153A_Lab2/microblaze_0/standalone_microblaze_0/bsp/system.mss
TRACE::2024-10-23.18:00:39::SCWMssOS::DEBUG:  swdes dump  C:/Users/ryand/OneDrive/Documents/Xilinx/ECE153A/Vitis/ECE153a_Lab1/ECE153A_Lab2/microblaze_0/standalone_domain/bsp/system.mss|system_0||
C:/Users/ryand/OneDrive/Documents/Xilinx/ECE153A/Vitis/ECE153a_Lab1/ECE153a_Lab1/microblaze_0/standalone_domain/bsp/system.mss|system||

TRACE::2024-10-23.18:00:39::SCWMssOS::No sw design opened at  C:/Users/ryand/OneDrive/Documents/Xilinx/ECE153A/Vitis/ECE153a_Lab1/ECE153A_Lab2/microblaze_0/standalone_microblaze_0/bsp/system.mss
TRACE::2024-10-23.18:00:39::SCWMssOS::mss exists loading the mss file  C:/Users/ryand/OneDrive/Documents/Xilinx/ECE153A/Vitis/ECE153a_Lab1/ECE153A_Lab2/microblaze_0/standalone_microblaze_0/bsp/system.mss
TRACE::2024-10-23.18:00:39::SCWMssOS::Opened the sw design from mss  C:/Users/ryand/OneDrive/Documents/Xilinx/ECE153A/Vitis/ECE153a_Lab1/ECE153A_Lab2/microblaze_0/standalone_microblaze_0/bsp/system.mss
TRACE::2024-10-23.18:00:39::SCWMssOS::Adding the swdes entry C:/Users/ryand/OneDrive/Documents/Xilinx/ECE153A/Vitis/ECE153a_Lab1/ECE153A_Lab2/microblaze_0/standalone_microblaze_0/bsp/system.mss with des name system_1
TRACE::2024-10-23.18:00:39::SCWMssOS::updating the scw layer about changes
TRACE::2024-10-23.18:00:39::SCWMssOS::Opened the sw design.  C:/Users/ryand/OneDrive/Documents/Xilinx/ECE153A/Vitis/ECE153a_Lab1/ECE153A_Lab2/microblaze_0/standalone_microblaze_0/bsp/system.mss
TRACE::2024-10-23.18:00:39::SCWMssOS::Completed writing the mss file at C:/Users/ryand/OneDrive/Documents/Xilinx/ECE153A/Vitis/ECE153a_Lab1/ECE153A_Lab2/microblaze_0/standalone_microblaze_0/bsp
TRACE::2024-10-23.18:00:39::SCWMssOS::Mss edits present, copying mssfile into export location C:/Users/ryand/OneDrive/Documents/Xilinx/ECE153A/Vitis/ECE153a_Lab1/ECE153A_Lab2/microblaze_0/standalone_microblaze_0/bsp/system.mss
TRACE::2024-10-23.18:00:39::SCWMssOS::bsp generated is upto date with the mss file. Skipping bsp generation.
TRACE::2024-10-23.18:00:39::SCWMssOS::BSP is already built. skipping the bsp build ... 
TRACE::2024-10-23.18:00:39::SCWDomain::Building the domain as part of full build :  standalone_microblaze_0
TRACE::2024-10-23.18:00:39::SCWMssOS::doing bsp build ... 
TRACE::2024-10-23.18:00:39::SCWMssOS::System Command Ran  C: & cd  C:/Users/ryand/OneDrive/Documents/Xilinx/ECE153A/Vitis/ECE153a_Lab1/ECE153A_Lab2/microblaze_0/standalone_microblaze_0/bsp & make 
TRACE::2024-10-23.18:00:39::SCWMssOS::make --no-print-directory seq_libs

TRACE::2024-10-23.18:00:39::SCWMssOS::'Finished building libraries sequentially.'

TRACE::2024-10-23.18:00:39::SCWMssOS::make -j 14 --no-print-directory par_libs

TRACE::2024-10-23.18:00:39::SCWMssOS::"Running Make include in microblaze_0/libsrc/bram_v4_7/src"

TRACE::2024-10-23.18:00:40::SCWMssOS::make -C microblaze_0/libsrc/bram_v4_7/src -s include  "SHELL=CMD" "COMPILER=mb-gcc" "ASSEMBLER=mb-as" "ARCHIVER=mb-ar" "COMPILE
TRACE::2024-10-23.18:00:40::SCWMssOS::R_FLAGS=  -O2 -c -mcpu=v11.0 -mlittle-endian -mno-xl-soft-mul -mxl-barrel-shift" "EXTRA_COMPILER_FLAGS=-g -ffunction-sections -
TRACE::2024-10-23.18:00:40::SCWMssOS::fdata-sections -Wall -Wextra -fno-tree-loop-distribute-patterns"

TRACE::2024-10-23.18:00:40::SCWMssOS::"Running Make include in microblaze_0/libsrc/cpu_v2_15/src"

TRACE::2024-10-23.18:00:40::SCWMssOS::"Running Make include in microblaze_0/libsrc/gpio_v4_9/src"

TRACE::2024-10-23.18:00:40::SCWMssOS::make -C microblaze_0/libsrc/cpu_v2_15/src -s include  "SHELL=CMD" "COMPILER=mb-gcc" "ASSEMBLER=mb-as" "ARCHIVER=mb-ar" "COMPILE
TRACE::2024-10-23.18:00:40::SCWMssOS::R_FLAGS=  -O2 -c -mcpu=v11.0 -mlittle-endian -mno-xl-soft-mul -mxl-barrel-shift" "EXTRA_COMPILER_FLAGS=-g -ffunction-sections -
TRACE::2024-10-23.18:00:40::SCWMssOS::fdata-sections -Wall -Wextra -fno-tree-loop-distribute-patterns"

TRACE::2024-10-23.18:00:40::SCWMssOS::make -C microblaze_0/libsrc/gpio_v4_9/src -s include  "SHELL=CMD" "COMPILER=mb-gcc" "ASSEMBLER=mb-as" "ARCHIVER=mb-ar" "COMPILE
TRACE::2024-10-23.18:00:40::SCWMssOS::R_FLAGS=  -O2 -c -mcpu=v11.0 -mlittle-endian -mno-xl-soft-mul -mxl-barrel-shift" "EXTRA_COMPILER_FLAGS=-g -ffunction-sections -
TRACE::2024-10-23.18:00:40::SCWMssOS::fdata-sections -Wall -Wextra -fno-tree-loop-distribute-patterns"

TRACE::2024-10-23.18:00:40::SCWMssOS::"Running Make include in microblaze_0/libsrc/intc_v3_14/src"

TRACE::2024-10-23.18:00:40::SCWMssOS::make -C microblaze_0/libsrc/intc_v3_14/src -s include  "SHELL=CMD" "COMPILER=mb-gcc" "ASSEMBLER=mb-as" "ARCHIVER=mb-ar" "COMPIL
TRACE::2024-10-23.18:00:40::SCWMssOS::ER_FLAGS=  -O2 -c -mcpu=v11.0 -mlittle-endian -mno-xl-soft-mul -mxl-barrel-shift" "EXTRA_COMPILER_FLAGS=-g -ffunction-sections 
TRACE::2024-10-23.18:00:40::SCWMssOS::-fdata-sections -Wall -Wextra -fno-tree-loop-distribute-patterns"

TRACE::2024-10-23.18:00:40::SCWMssOS::"Running Make include in microblaze_0/libsrc/standalone_v7_7/src"

TRACE::2024-10-23.18:00:40::SCWMssOS::"Running Make include in microblaze_0/libsrc/tmrctr_v4_9/src"

TRACE::2024-10-23.18:00:40::SCWMssOS::make -C microblaze_0/libsrc/standalone_v7_7/src -s include  "SHELL=CMD" "COMPILER=mb-gcc" "ASSEMBLER=mb-as" "ARCHIVER=mb-ar" "C
TRACE::2024-10-23.18:00:40::SCWMssOS::OMPILER_FLAGS=  -O2 -c -mcpu=v11.0 -mlittle-endian -mno-xl-soft-mul -mxl-barrel-shift" "EXTRA_COMPILER_FLAGS=-g -ffunction-sect
TRACE::2024-10-23.18:00:40::SCWMssOS::ions -fdata-sections -Wall -Wextra -fno-tree-loop-distribute-patterns"

TRACE::2024-10-23.18:00:40::SCWMssOS::make -C microblaze_0/libsrc/tmrctr_v4_9/src -s include  "SHELL=CMD" "COMPILER=mb-gcc" "ASSEMBLER=mb-as" "ARCHIVER=mb-ar" "COMPI
TRACE::2024-10-23.18:00:40::SCWMssOS::LER_FLAGS=  -O2 -c -mcpu=v11.0 -mlittle-endian -mno-xl-soft-mul -mxl-barrel-shift" "EXTRA_COMPILER_FLAGS=-g -ffunction-sections
TRACE::2024-10-23.18:00:40::SCWMssOS:: -fdata-sections -Wall -Wextra -fno-tree-loop-distribute-patterns"

TRACE::2024-10-23.18:00:40::SCWMssOS::"Running Make include in microblaze_0/libsrc/uartlite_v3_7/src"

TRACE::2024-10-23.18:00:40::SCWMssOS::make -C microblaze_0/libsrc/uartlite_v3_7/src -s include  "SHELL=CMD" "COMPILER=mb-gcc" "ASSEMBLER=mb-as" "ARCHIVER=mb-ar" "COM
TRACE::2024-10-23.18:00:40::SCWMssOS::PILER_FLAGS=  -O2 -c -mcpu=v11.0 -mlittle-endian -mno-xl-soft-mul -mxl-barrel-shift" "EXTRA_COMPILER_FLAGS=-g -ffunction-sectio
TRACE::2024-10-23.18:00:40::SCWMssOS::ns -fdata-sections -Wall -Wextra -fno-tree-loop-distribute-patterns"

TRACE::2024-10-23.18:00:42::SCWMssOS::"Running Make libs in microblaze_0/libsrc/bram_v4_7/src"

TRACE::2024-10-23.18:00:42::SCWMssOS::make -C microblaze_0/libsrc/bram_v4_7/src -s libs  "SHELL=CMD" "COMPILER=mb-gcc" "ASSEMBLER=mb-as" "ARCHIVER=mb-ar" "COMPILER_F
TRACE::2024-10-23.18:00:42::SCWMssOS::LAGS=  -O2 -c -mcpu=v11.0 -mlittle-endian -mno-xl-soft-mul -mxl-barrel-shift" "EXTRA_COMPILER_FLAGS=-g -ffunction-sections -fda
TRACE::2024-10-23.18:00:42::SCWMssOS::ta-sections -Wall -Wextra -fno-tree-loop-distribute-patterns"

TRACE::2024-10-23.18:00:42::SCWMssOS::"Running Make libs in microblaze_0/libsrc/cpu_v2_15/src"

TRACE::2024-10-23.18:00:42::SCWMssOS::make -C microblaze_0/libsrc/cpu_v2_15/src -s libs  "SHELL=CMD" "COMPILER=mb-gcc" "ASSEMBLER=mb-as" "ARCHIVER=mb-ar" "COMPILER_F
TRACE::2024-10-23.18:00:42::SCWMssOS::LAGS=  -O2 -c -mcpu=v11.0 -mlittle-endian -mno-xl-soft-mul -mxl-barrel-shift" "EXTRA_COMPILER_FLAGS=-g -ffunction-sections -fda
TRACE::2024-10-23.18:00:42::SCWMssOS::ta-sections -Wall -Wextra -fno-tree-loop-distribute-patterns"

TRACE::2024-10-23.18:00:42::SCWMssOS::"Running Make libs in microblaze_0/libsrc/gpio_v4_9/src"

TRACE::2024-10-23.18:00:42::SCWMssOS::"Running Make libs in microblaze_0/libsrc/intc_v3_14/src"

TRACE::2024-10-23.18:00:43::SCWMssOS::make -C microblaze_0/libsrc/gpio_v4_9/src -s libs  "SHELL=CMD" "COMPILER=mb-gcc" "ASSEMBLER=mb-as" "ARCHIVER=mb-ar" "COMPILER_F
TRACE::2024-10-23.18:00:43::SCWMssOS::LAGS=  -O2 -c -mcpu=v11.0 -mlittle-endian -mno-xl-soft-mul -mxl-barrel-shift" "EXTRA_COMPILER_FLAGS=-g -ffunction-sections -fda
TRACE::2024-10-23.18:00:43::SCWMssOS::ta-sections -Wall -Wextra -fno-tree-loop-distribute-patterns"

TRACE::2024-10-23.18:00:43::SCWMssOS::"Running Make libs in microblaze_0/libsrc/standalone_v7_7/src"

TRACE::2024-10-23.18:00:43::SCWMssOS::make -C microblaze_0/libsrc/intc_v3_14/src -s libs  "SHELL=CMD" "COMPILER=mb-gcc" "ASSEMBLER=mb-as" "ARCHIVER=mb-ar" "COMPILER_
TRACE::2024-10-23.18:00:43::SCWMssOS::FLAGS=  -O2 -c -mcpu=v11.0 -mlittle-endian -mno-xl-soft-mul -mxl-barrel-shift" "EXTRA_COMPILER_FLAGS=-g -ffunction-sections -fd
TRACE::2024-10-23.18:00:43::SCWMssOS::ata-sections -Wall -Wextra -fno-tree-loop-distribute-patterns"

TRACE::2024-10-23.18:00:43::SCWMssOS::make -C microblaze_0/libsrc/standalone_v7_7/src -s libs  "SHELL=CMD" "COMPILER=mb-gcc" "ASSEMBLER=mb-as" "ARCHIVER=mb-ar" "COMP
TRACE::2024-10-23.18:00:43::SCWMssOS::ILER_FLAGS=  -O2 -c -mcpu=v11.0 -mlittle-endian -mno-xl-soft-mul -mxl-barrel-shift" "EXTRA_COMPILER_FLAGS=-g -ffunction-section
TRACE::2024-10-23.18:00:43::SCWMssOS::s -fdata-sections -Wall -Wextra -fno-tree-loop-distribute-patterns"

TRACE::2024-10-23.18:00:43::SCWMssOS::"Running Make libs in microblaze_0/libsrc/tmrctr_v4_9/src"

TRACE::2024-10-23.18:00:43::SCWMssOS::make -C microblaze_0/libsrc/tmrctr_v4_9/src -s libs  "SHELL=CMD" "COMPILER=mb-gcc" "ASSEMBLER=mb-as" "ARCHIVER=mb-ar" "COMPILER
TRACE::2024-10-23.18:00:43::SCWMssOS::_FLAGS=  -O2 -c -mcpu=v11.0 -mlittle-endian -mno-xl-soft-mul -mxl-barrel-shift" "EXTRA_COMPILER_FLAGS=-g -ffunction-sections -f
TRACE::2024-10-23.18:00:43::SCWMssOS::data-sections -Wall -Wextra -fno-tree-loop-distribute-patterns"

TRACE::2024-10-23.18:00:44::SCWMssOS::"Running Make libs in microblaze_0/libsrc/uartlite_v3_7/src"

TRACE::2024-10-23.18:00:44::SCWMssOS::make -C microblaze_0/libsrc/uartlite_v3_7/src -s libs  "SHELL=CMD" "COMPILER=mb-gcc" "ASSEMBLER=mb-as" "ARCHIVER=mb-ar" "COMPIL
TRACE::2024-10-23.18:00:44::SCWMssOS::ER_FLAGS=  -O2 -c -mcpu=v11.0 -mlittle-endian -mno-xl-soft-mul -mxl-barrel-shift" "EXTRA_COMPILER_FLAGS=-g -ffunction-sections 
TRACE::2024-10-23.18:00:44::SCWMssOS::-fdata-sections -Wall -Wextra -fno-tree-loop-distribute-patterns"

TRACE::2024-10-23.18:00:49::SCWMssOS::"DEBUG NON_LTO_OBJECTS is ../../../lib/microblaze_interrupt_handler.o"

TRACE::2024-10-23.18:00:50::SCWMssOS::'Finished building libraries parallelly.'

TRACE::2024-10-23.18:00:50::SCWMssOS::make --no-print-directory archive

TRACE::2024-10-23.18:00:50::SCWMssOS::mb-ar -r  microblaze_0/lib/libxil.a microblaze_0/lib/xplatform_info.o microblaze_0/lib/xuartlite.o microblaze_0/lib/microblaze_
TRACE::2024-10-23.18:00:50::SCWMssOS::disable_exceptions.o microblaze_0/lib/print.o microblaze_0/lib/xtmrctr_options.o microblaze_0/lib/_exit.o microblaze_0/lib/xil_
TRACE::2024-10-23.18:00:50::SCWMssOS::testio.o microblaze_0/lib/microblaze_disable_dcache.o microblaze_0/lib/microblaze_flush_dcache_range.o microblaze_0/lib/xuartli
TRACE::2024-10-23.18:00:50::SCWMssOS::te_sinit.o microblaze_0/lib/microblaze_flush_cache_ext.o microblaze_0/lib/xbram_sinit.o microblaze_0/lib/xil_misc_psreset_api.o
TRACE::2024-10-23.18:00:50::SCWMssOS:: microblaze_0/lib/xinterrupt_wrap.o microblaze_0/lib/xil_cache.o microblaze_0/lib/xil_util.o microblaze_0/lib/inbyte.o microbla
TRACE::2024-10-23.18:00:50::SCWMssOS::ze_0/lib/xuartlite_stats.o microblaze_0/lib/microblaze_exception_handler.o microblaze_0/lib/xbram_g.o microblaze_0/lib/microbla
TRACE::2024-10-23.18:00:50::SCWMssOS::ze_scrub.o microblaze_0/lib/microblaze_invalidate_dcache.o microblaze_0/lib/microblaze_disable_interrupts.o microblaze_0/lib/xb
TRACE::2024-10-23.18:00:50::SCWMssOS::ram_selftest.o microblaze_0/lib/microblaze_interrupt_handler.o microblaze_0/lib/microblaze_disable_icache.o microblaze_0/lib/xg
TRACE::2024-10-23.18:00:50::SCWMssOS::pio_g.o microblaze_0/lib/xil_mem.o microblaze_0/lib/microblaze_flush_cache_ext_range.o microblaze_0/lib/xtmrctr_intr.o microbla
TRACE::2024-10-23.18:00:50::SCWMssOS::ze_0/lib/xbram_intr.o microblaze_0/lib/xil_sleepcommon.o microblaze_0/lib/xil_printf.o microblaze_0/lib/xintc_g.o microblaze_0/
TRACE::2024-10-23.18:00:50::SCWMssOS::lib/xuartlite_g.o microblaze_0/lib/xtmrctr_l.o microblaze_0/lib/xintc_selftest.o microblaze_0/lib/xintc_l.o microblaze_0/lib/ou
TRACE::2024-10-23.18:00:50::SCWMssOS::tbyte.o microblaze_0/lib/xgpio_intr.o microblaze_0/lib/microblaze_invalidate_dcache_range.o microblaze_0/lib/microblaze_invalid
TRACE::2024-10-23.18:00:50::SCWMssOS::ate_cache_ext.o microblaze_0/lib/microblaze_sleep.o microblaze_0/lib/hw_exception_handler.o microblaze_0/lib/xtmrctr.o microbla
TRACE::2024-10-23.18:00:50::SCWMssOS::ze_0/lib/xuartlite_selftest.o microblaze_0/lib/xgpio_sinit.o microblaze_0/lib/microblaze_update_dcache.o microblaze_0/lib/xil_t
TRACE::2024-10-23.18:00:50::SCWMssOS::estcache.o microblaze_0/lib/microblaze_selftest.o microblaze_0/lib/microblaze_interrupts_g.o microblaze_0/lib/microblaze_enable
TRACE::2024-10-23.18:00:50::SCWMssOS::_exceptions.o microblaze_0/lib/xio.o microblaze_0/lib/xtmrctr_g.o microblaze_0/lib/microblaze_enable_dcache.o microblaze_0/lib/
TRACE::2024-10-23.18:00:50::SCWMssOS::xbram.o microblaze_0/lib/microblaze_invalidate_icache_range.o microblaze_0/lib/xtmrctr_selftest.o microblaze_0/lib/microblaze_i
TRACE::2024-10-23.18:00:50::SCWMssOS::nit_dcache_range.o microblaze_0/lib/microblaze_invalidate_icache.o microblaze_0/lib/errno.o microblaze_0/lib/xuartlite_l.o micr
TRACE::2024-10-23.18:00:50::SCWMssOS::oblaze_0/lib/xintc_options.o microblaze_0/lib/microblaze_invalidate_cache_ext_range.o microblaze_0/lib/xintc_intr.o microblaze_
TRACE::2024-10-23.18:00:50::SCWMssOS::0/lib/xil_exception.o microblaze_0/lib/pvr.o microblaze_0/lib/xgpio.o microblaze_0/lib/xil_testmem.o microblaze_0/lib/microblaz
TRACE::2024-10-23.18:00:50::SCWMssOS::e_update_icache.o microblaze_0/lib/xuartlite_intr.o microblaze_0/lib/microblaze_flush_dcache.o microblaze_0/lib/xil_clocking.o 
TRACE::2024-10-23.18:00:50::SCWMssOS::microblaze_0/lib/xil_assert.o microblaze_0/lib/microblaze_enable_interrupts.o microblaze_0/lib/xgpio_extra.o microblaze_0/lib/m
TRACE::2024-10-23.18:00:50::SCWMssOS::icroblaze_enable_icache.o microblaze_0/lib/xintc.o microblaze_0/lib/xtmrctr_stats.o microblaze_0/lib/microblaze_init_icache_ran
TRACE::2024-10-23.18:00:50::SCWMssOS::ge.o microblaze_0/lib/xtmrctr_sinit.o microblaze_0/lib/fcntl.o microblaze_0/lib/xgpio_selftest.o

TRACE::2024-10-23.18:00:51::SCWMssOS::'Finished building libraries'

TRACE::2024-10-23.18:00:51::SCWMssOS::Copying to export directory.
TRACE::2024-10-23.18:00:52::SCWMssOS:: Checking if to create the Supporting Applications
TRACE::2024-10-23.18:00:52::SCWMssOS:: No Linux domain exists, trying to generate FSBL 
LOG::2024-10-23.18:00:52::SCWSystem::Completed Processing the domain standalone_microblaze_0
LOG::2024-10-23.18:00:52::SCWSystem::Completed Processing the sysconfig ECE153A_Lab2
LOG::2024-10-23.18:00:52::SCWPlatform::Completed generating the artifacts for system configuration ECE153A_Lab2
TRACE::2024-10-23.18:00:52::SCWPlatform::Started preparing the platform 
TRACE::2024-10-23.18:00:52::SCWSystem::Writing the bif file for system config ECE153A_Lab2
TRACE::2024-10-23.18:00:52::SCWSystem::dir created 
TRACE::2024-10-23.18:00:52::SCWSystem::Writing the bif 
TRACE::2024-10-23.18:00:52::SCWPlatform::Started writing the spfm file 
TRACE::2024-10-23.18:00:52::SCWPlatform::Started writing the xpfm file 
TRACE::2024-10-23.18:00:52::SCWPlatform::Completed generating the platform
TRACE::2024-10-23.18:00:52::SCWMssOS::Saving the mss changes C:/Users/ryand/OneDrive/Documents/Xilinx/ECE153A/Vitis/ECE153a_Lab1/ECE153A_Lab2/microblaze_0/standalone_domain/bsp/system.mss
TRACE::2024-10-23.18:00:52::SCWMssOS::Found a swdesign opened with the mssfile.
TRACE::2024-10-23.18:00:52::SCWMssOS::Completed writemss as part of save.
TRACE::2024-10-23.18:00:52::SCWMssOS::Commit changes completed.
TRACE::2024-10-23.18:00:52::SCWMssOS::Saving the mss changes C:/Users/ryand/OneDrive/Documents/Xilinx/ECE153A/Vitis/ECE153a_Lab1/ECE153A_Lab2/microblaze_0/standalone_microblaze_0/bsp/system.mss
TRACE::2024-10-23.18:00:52::SCWMssOS::Found a swdesign opened with the mssfile.
TRACE::2024-10-23.18:00:52::SCWMssOS::Completed writemss as part of save.
TRACE::2024-10-23.18:00:52::SCWMssOS::Commit changes completed.
TRACE::2024-10-23.18:00:52::SCWPlatform::Trying to open the hw design at C:/Users/ryand/OneDrive/Documents/Xilinx/ECE153A/Vitis/ECE153a_Lab1/ECE153A_Lab2/hw/system_wrapper.xsa
TRACE::2024-10-23.18:00:52::SCWPlatform::DSA given C:/Users/ryand/OneDrive/Documents/Xilinx/ECE153A/Vitis/ECE153a_Lab1/ECE153A_Lab2/hw/system_wrapper.xsa
TRACE::2024-10-23.18:00:52::SCWPlatform::DSA absoulate path C:/Users/ryand/OneDrive/Documents/Xilinx/ECE153A/Vitis/ECE153a_Lab1/ECE153A_Lab2/hw/system_wrapper.xsa
TRACE::2024-10-23.18:00:52::SCWPlatform::DSA directory C:/Users/ryand/OneDrive/Documents/Xilinx/ECE153A/Vitis/ECE153a_Lab1/ECE153A_Lab2/hw
TRACE::2024-10-23.18:00:52::SCWPlatform:: Platform Path C:/Users/ryand/OneDrive/Documents/Xilinx/ECE153A/Vitis/ECE153a_Lab1/ECE153A_Lab2/hw/system_wrapper.xsa
TRACE::2024-10-23.18:00:52::SCWPlatform:: Unique name xilinx:::0.0
TRACE::2024-10-23.18:00:52::SCWPlatform::Trying to set the existing hwdb with name system_wrapper_1
TRACE::2024-10-23.18:00:52::SCWPlatform::Opened existing hwdb system_wrapper_1
TRACE::2024-10-23.18:00:52::SCWPlatform::Found the Hw Db part of the input DSA
TRACE::2024-10-23.18:00:52::SCWMssOS::Checking the sw design at  C:/Users/ryand/OneDrive/Documents/Xilinx/ECE153A/Vitis/ECE153a_Lab1/ECE153A_Lab2/microblaze_0/standalone_domain/bsp/system.mss
TRACE::2024-10-23.18:00:52::SCWMssOS::DEBUG:  swdes dump  C:/Users/ryand/OneDrive/Documents/Xilinx/ECE153A/Vitis/ECE153a_Lab1/ECE153A_Lab2/microblaze_0/standalone_domain/bsp/system.mss|system_0||
C:/Users/ryand/OneDrive/Documents/Xilinx/ECE153A/Vitis/ECE153a_Lab1/ECE153A_Lab2/microblaze_0/standalone_microblaze_0/bsp/system.mss|system_1||
C:/Users/ryand/OneDrive/Documents/Xilinx/ECE153A/Vitis/ECE153a_Lab1/ECE153a_Lab1/microblaze_0/standalone_domain/bsp/system.mss|system||

TRACE::2024-10-23.18:00:52::SCWMssOS::Sw design exists and opened at  C:/Users/ryand/OneDrive/Documents/Xilinx/ECE153A/Vitis/ECE153a_Lab1/ECE153A_Lab2/microblaze_0/standalone_domain/bsp/system.mss
TRACE::2024-10-23.18:00:52::SCWPlatform::Trying to open the hw design at C:/Users/ryand/OneDrive/Documents/Xilinx/ECE153A/Vitis/ECE153a_Lab1/ECE153A_Lab2/hw/system_wrapper.xsa
TRACE::2024-10-23.18:00:52::SCWPlatform::DSA given C:/Users/ryand/OneDrive/Documents/Xilinx/ECE153A/Vitis/ECE153a_Lab1/ECE153A_Lab2/hw/system_wrapper.xsa
TRACE::2024-10-23.18:00:52::SCWPlatform::DSA absoulate path C:/Users/ryand/OneDrive/Documents/Xilinx/ECE153A/Vitis/ECE153a_Lab1/ECE153A_Lab2/hw/system_wrapper.xsa
TRACE::2024-10-23.18:00:52::SCWPlatform::DSA directory C:/Users/ryand/OneDrive/Documents/Xilinx/ECE153A/Vitis/ECE153a_Lab1/ECE153A_Lab2/hw
TRACE::2024-10-23.18:00:52::SCWPlatform:: Platform Path C:/Users/ryand/OneDrive/Documents/Xilinx/ECE153A/Vitis/ECE153a_Lab1/ECE153A_Lab2/hw/system_wrapper.xsa
TRACE::2024-10-23.18:00:52::SCWPlatform:: Unique name xilinx:::0.0
TRACE::2024-10-23.18:00:52::SCWPlatform::Trying to set the existing hwdb with name system_wrapper_1
TRACE::2024-10-23.18:00:52::SCWPlatform::Opened existing hwdb system_wrapper_1
TRACE::2024-10-23.18:00:52::SCWPlatform::Found the Hw Db part of the input DSA
TRACE::2024-10-23.18:00:52::SCWMssOS::Checking the sw design at  C:/Users/ryand/OneDrive/Documents/Xilinx/ECE153A/Vitis/ECE153a_Lab1/ECE153A_Lab2/microblaze_0/standalone_microblaze_0/bsp/system.mss
TRACE::2024-10-23.18:00:52::SCWMssOS::DEBUG:  swdes dump  C:/Users/ryand/OneDrive/Documents/Xilinx/ECE153A/Vitis/ECE153a_Lab1/ECE153A_Lab2/microblaze_0/standalone_domain/bsp/system.mss|system_0||
C:/Users/ryand/OneDrive/Documents/Xilinx/ECE153A/Vitis/ECE153a_Lab1/ECE153A_Lab2/microblaze_0/standalone_microblaze_0/bsp/system.mss|system_1||
C:/Users/ryand/OneDrive/Documents/Xilinx/ECE153A/Vitis/ECE153a_Lab1/ECE153a_Lab1/microblaze_0/standalone_domain/bsp/system.mss|system||

TRACE::2024-10-23.18:00:52::SCWMssOS::Sw design exists and opened at  C:/Users/ryand/OneDrive/Documents/Xilinx/ECE153A/Vitis/ECE153a_Lab1/ECE153A_Lab2/microblaze_0/standalone_microblaze_0/bsp/system.mss
TRACE::2024-10-23.18:00:52::SCWWriter::formatted JSON is {
	"platformName":	"ECE153A_Lab2",
	"sprVersion":	"2.0",
	"mode":	"gui",
	"dsaType":	"Fixed",
	"platformDesc":	"ECE153A_Lab2",
	"platHandOff":	"C:/Users/ryand/OneDrive/Documents/Xilinx/ECE153A/Vivado/ECE_153A_Lab2/system_wrapper.xsa",
	"platIntHandOff":	"<platformDir>/hw/system_wrapper.xsa",
	"deviceType":	"FPGA",
	"platIsPrebuiltAutogen":	"false",
	"platIsNoBootBsp":	"false",
	"hasFsblMakeHasChanges":	"false",
	"hasPmufwMakeHasChanges":	"false",
	"platPreBuiltFlag":	false,
	"platformSamplesDir":	"",
	"platActiveSys":	"ECE153A_Lab2",
	"systems":	[{
			"systemName":	"ECE153A_Lab2",
			"systemDesc":	"ECE153A_Lab2",
			"sysIsBootAutoGen":	"true",
			"systemDispName":	"ECE153A_Lab2",
			"sysActiveDom":	"standalone_microblaze_0",
			"sysDefaultDom":	"standalone_microblaze_0",
			"domains":	[{
					"domainName":	"standalone_domain",
					"domainDispName":	"standalone on microblaze_0",
					"domainDesc":	"standalone_domain",
					"processors":	"microblaze_0",
					"os":	"standalone",
					"sdxOs":	"standalone",
					"debugEnable":	"False",
					"domRuntimes":	["cpp"],
					"swRepo":	"",
					"mssOsVer":	"7.7",
					"mssFile":	"",
					"md5Digest":	"d1ce4974d99fcaad63c46033b36a65aa",
					"compatibleApp":	"",
					"domType":	"mssDomain",
					"arch":	"32-bit",
					"appSettings":	{
						"appCompilerFlags":	"",
						"appLinkerFlags":	""
					},
					"addedLibs":	[],
					"libOptions":	{
						"libsContainingOptions":	[]
					},
					"changedDrivers":	{
						"sevenSeg_0":	"generic:3.0",
						"changedCells":	["sevenSeg_0"]
					},
					"prebuiltLibs":	{
						"prebuiltIncPath":	[],
						"prebuiltLibPath":	[]
					},
					"isolation":	{
					}
				}, {
					"domainName":	"standalone_microblaze_0",
					"domainDispName":	"standalone_microblaze_0",
					"domainDesc":	"standalone_microblaze_0",
					"processors":	"microblaze_0",
					"os":	"standalone",
					"sdxOs":	"standalone",
					"debugEnable":	"False",
					"domRuntimes":	["cpp"],
					"swRepo":	"",
					"mssOsVer":	"7.7",
					"mssFile":	"",
					"md5Digest":	"d1ce4974d99fcaad63c46033b36a65aa",
					"compatibleApp":	"hello_world",
					"domType":	"mssDomain",
					"arch":	"32-bit",
					"appSettings":	{
						"appCompilerFlags":	"",
						"appLinkerFlags":	""
					},
					"addedLibs":	[],
					"libOptions":	{
						"libsContainingOptions":	[]
					},
					"changedDrivers":	{
						"sevenSeg_0":	"generic:3.0",
						"changedCells":	["sevenSeg_0"]
					},
					"prebuiltLibs":	{
						"prebuiltIncPath":	[],
						"prebuiltLibPath":	[]
					},
					"isolation":	{
					}
				}]
		}]
}
KEYINFO::2024-10-23.18:00:52::SCWPlatform::updated the xpfm file.
TRACE::2024-10-23.18:00:52::SCWPlatform::Trying to open the hw design at C:/Users/ryand/OneDrive/Documents/Xilinx/ECE153A/Vitis/ECE153a_Lab1/ECE153A_Lab2/hw/system_wrapper.xsa
TRACE::2024-10-23.18:00:52::SCWPlatform::DSA given C:/Users/ryand/OneDrive/Documents/Xilinx/ECE153A/Vitis/ECE153a_Lab1/ECE153A_Lab2/hw/system_wrapper.xsa
TRACE::2024-10-23.18:00:52::SCWPlatform::DSA absoulate path C:/Users/ryand/OneDrive/Documents/Xilinx/ECE153A/Vitis/ECE153a_Lab1/ECE153A_Lab2/hw/system_wrapper.xsa
TRACE::2024-10-23.18:00:52::SCWPlatform::DSA directory C:/Users/ryand/OneDrive/Documents/Xilinx/ECE153A/Vitis/ECE153a_Lab1/ECE153A_Lab2/hw
TRACE::2024-10-23.18:00:52::SCWPlatform:: Platform Path C:/Users/ryand/OneDrive/Documents/Xilinx/ECE153A/Vitis/ECE153a_Lab1/ECE153A_Lab2/hw/system_wrapper.xsa
TRACE::2024-10-23.18:00:52::SCWPlatform:: Unique name xilinx:::0.0
TRACE::2024-10-23.18:00:52::SCWPlatform::Trying to set the existing hwdb with name system_wrapper_1
TRACE::2024-10-23.18:00:52::SCWPlatform::Opened existing hwdb system_wrapper_1
TRACE::2024-10-23.18:00:52::SCWPlatform::Found the Hw Db part of the input DSA
TRACE::2024-10-23.18:00:52::SCWMssOS::Checking the sw design at  C:/Users/ryand/OneDrive/Documents/Xilinx/ECE153A/Vitis/ECE153a_Lab1/ECE153A_Lab2/microblaze_0/standalone_domain/bsp/system.mss
TRACE::2024-10-23.18:00:52::SCWMssOS::DEBUG:  swdes dump  C:/Users/ryand/OneDrive/Documents/Xilinx/ECE153A/Vitis/ECE153a_Lab1/ECE153A_Lab2/microblaze_0/standalone_domain/bsp/system.mss|system_0||
C:/Users/ryand/OneDrive/Documents/Xilinx/ECE153A/Vitis/ECE153a_Lab1/ECE153A_Lab2/microblaze_0/standalone_microblaze_0/bsp/system.mss|system_1||
C:/Users/ryand/OneDrive/Documents/Xilinx/ECE153A/Vitis/ECE153a_Lab1/ECE153a_Lab1/microblaze_0/standalone_domain/bsp/system.mss|system||

TRACE::2024-10-23.18:00:52::SCWMssOS::Sw design exists and opened at  C:/Users/ryand/OneDrive/Documents/Xilinx/ECE153A/Vitis/ECE153a_Lab1/ECE153A_Lab2/microblaze_0/standalone_domain/bsp/system.mss
TRACE::2024-10-23.18:00:52::SCWPlatform::Trying to open the hw design at C:/Users/ryand/OneDrive/Documents/Xilinx/ECE153A/Vitis/ECE153a_Lab1/ECE153A_Lab2/hw/system_wrapper.xsa
TRACE::2024-10-23.18:00:52::SCWPlatform::DSA given C:/Users/ryand/OneDrive/Documents/Xilinx/ECE153A/Vitis/ECE153a_Lab1/ECE153A_Lab2/hw/system_wrapper.xsa
TRACE::2024-10-23.18:00:52::SCWPlatform::DSA absoulate path C:/Users/ryand/OneDrive/Documents/Xilinx/ECE153A/Vitis/ECE153a_Lab1/ECE153A_Lab2/hw/system_wrapper.xsa
TRACE::2024-10-23.18:00:52::SCWPlatform::DSA directory C:/Users/ryand/OneDrive/Documents/Xilinx/ECE153A/Vitis/ECE153a_Lab1/ECE153A_Lab2/hw
TRACE::2024-10-23.18:00:52::SCWPlatform:: Platform Path C:/Users/ryand/OneDrive/Documents/Xilinx/ECE153A/Vitis/ECE153a_Lab1/ECE153A_Lab2/hw/system_wrapper.xsa
TRACE::2024-10-23.18:00:52::SCWPlatform:: Unique name xilinx:::0.0
TRACE::2024-10-23.18:00:52::SCWPlatform::Trying to set the existing hwdb with name system_wrapper_1
TRACE::2024-10-23.18:00:52::SCWPlatform::Opened existing hwdb system_wrapper_1
TRACE::2024-10-23.18:00:52::SCWPlatform::Found the Hw Db part of the input DSA
TRACE::2024-10-23.18:00:52::SCWMssOS::Checking the sw design at  C:/Users/ryand/OneDrive/Documents/Xilinx/ECE153A/Vitis/ECE153a_Lab1/ECE153A_Lab2/microblaze_0/standalone_microblaze_0/bsp/system.mss
TRACE::2024-10-23.18:00:52::SCWMssOS::DEBUG:  swdes dump  C:/Users/ryand/OneDrive/Documents/Xilinx/ECE153A/Vitis/ECE153a_Lab1/ECE153A_Lab2/microblaze_0/standalone_domain/bsp/system.mss|system_0||
C:/Users/ryand/OneDrive/Documents/Xilinx/ECE153A/Vitis/ECE153a_Lab1/ECE153A_Lab2/microblaze_0/standalone_microblaze_0/bsp/system.mss|system_1||
C:/Users/ryand/OneDrive/Documents/Xilinx/ECE153A/Vitis/ECE153a_Lab1/ECE153a_Lab1/microblaze_0/standalone_domain/bsp/system.mss|system||

TRACE::2024-10-23.18:00:52::SCWMssOS::Sw design exists and opened at  C:/Users/ryand/OneDrive/Documents/Xilinx/ECE153A/Vitis/ECE153a_Lab1/ECE153A_Lab2/microblaze_0/standalone_microblaze_0/bsp/system.mss
